user_id,full_name,email,tags,addresses,profile,recent_activities
1,Andrea Weber,cynthiamalone@example.net,"[""be"", ""hand"", ""eat"", ""fish""]","[{""street"": ""4370 Wilson Radial Apt. 237"", ""city"": ""Williamsmouth"", ""country"": ""Indonesia"", ""is_primary"": false}, {""street"": ""72693 Jessica Track Suite 644"", ""city"": ""New Chris"", ""country"": ""Macao"", ""is_primary"": false}, {""street"": ""74431 Jeffery Overpass"", ""city"": ""Woodview"", ""country"": ""Chad"", ""is_primary"": true}]","{""age"": 24, ""department"": ""Finance"", ""salary"": 147770.73, ""skills"": [""Medical sales representative"", ""Social worker""]}","[{""type"": ""login"", ""timestamp"": ""2025-06-21T22:32:37""}, {""type"": ""view"", ""timestamp"": ""2025-07-04T22:55:27""}, {""type"": ""purchase"", ""amount"": 623.37, ""currency"": ""GBP""}]"
2,Edward Smith,codywheeler@example.com,"[""true"", ""five""]","[{""street"": ""200 Hughes Burg Suite 613"", ""city"": ""West Hectorshire"", ""country"": ""Tanzania"", ""is_primary"": false}, {""street"": ""9733 Elizabeth Brooks Suite 806"", ""city"": ""East Devinside"", ""country"": ""Botswana"", ""is_primary"": true}, {""street"": ""81578 Brianna Manor"", ""city"": ""Port Jessica"", ""country"": ""Saint Barthelemy"", ""is_primary"": false}]","{""age"": 49, ""department"": ""Engineering"", ""salary"": 76777.61, ""skills"": [""Ambulance person""]}","[{""type"": ""view"", ""timestamp"": ""2025-08-19T17:21:41""}, {""type"": ""login"", ""timestamp"": ""2025-03-02T06:05:07""}, {""type"": ""edit"", ""timestamp"": ""2025-09-07T07:19:43""}]"
3,Sara Garcia,valeriechavez@example.com,"[""much"", ""drug"", ""should"", ""music""]","[{""street"": ""3356 Torres Village"", ""city"": ""Alyssafurt"", ""country"": ""Palestinian Territory"", ""is_primary"": true}]","{""age"": 44, ""department"": ""Marketing"", ""salary"": 49630.24, ""skills"": [""Recruitment consultant"", ""Environmental education officer"", ""Community arts worker""]}","[{""type"": ""purchase"", ""amount"": 687.57, ""currency"": ""EUR""}]"
4,Matthew Bennett,christopheralexander@example.org,"[""conference"", ""open"", ""best"", ""outside""]","[{""street"": ""625 Wilson Branch"", ""city"": ""Port Gary"", ""country"": ""China"", ""is_primary"": false}, {""street"": ""731 Johnson Shore"", ""city"": ""Lindaville"", ""country"": ""South Georgia and the South Sandwich Islands"", ""is_primary"": false}]","{""age"": 45, ""department"": ""Engineering"", ""salary"": 114197.79, ""skills"": [""Engineer, civil (consulting)"", ""Product designer""]}","[{""type"": ""login"", ""timestamp"": ""2025-09-05T11:25:36""}]"
5,Raymond Lucas,joelblake@example.net,"[""present"", ""measure"", ""how""]","[{""street"": ""60819 Jonathan Ranch Apt. 839"", ""city"": ""Port Davidton"", ""country"": ""Afghanistan"", ""is_primary"": true}, {""street"": ""220 Adrienne Vista Apt. 079"", ""city"": ""South Jamesborough"", ""country"": ""Guam"", ""is_primary"": false}]","{""age"": 22, ""department"": ""Sales"", ""salary"": 119283.75, ""skills"": [""Horticulturist, commercial"", ""Garment/textile technologist"", ""Financial manager""]}","[{""type"": ""login"", ""timestamp"": ""2025-03-04T04:18:35""}, {""type"": ""edit"", ""timestamp"": ""2025-05-19T00:02:22""}, {""type"": ""purchase"", ""amount"": 758.7, ""currency"": ""GBP""}]"
6,Scott Williams,leemark@example.com,"[""goal"", ""window""]","[{""street"": ""9714 Scott Plains Suite 680"", ""city"": ""West Amberchester"", ""country"": ""Dominican Republic"", ""is_primary"": true}, {""street"": ""399 Lewis Roads Apt. 381"", ""city"": ""West Matthewfurt"", ""country"": ""Lithuania"", ""is_primary"": false}, {""street"": ""4892 Wright Isle"", ""city"": ""Stephenhaven"", ""country"": ""Egypt"", ""is_primary"": true}]","{""age"": 44, ""department"": ""Finance"", ""salary"": 75331.98, ""skills"": [""Agricultural consultant"", ""Exercise physiologist""]}",[]
7,Tammy Miller,gregory76@example.org,"[""item"", ""camera"", ""act"", ""election""]","[{""street"": ""909 Kevin Mount Suite 444"", ""city"": ""Joshuaton"", ""country"": ""Dominican Republic"", ""is_primary"": true}, {""street"": ""1280 Davenport Fall Apt. 261"", ""city"": ""Johnsburgh"", ""country"": ""Holy See (Vatican City State)"", ""is_primary"": false}]","{""age"": 49, ""department"": ""HR"", ""salary"": 42175.44, ""skills"": [""Holiday representative"", ""Scientist, forensic"", ""Therapist, horticultural"", ""Mudlogger""]}","[{""type"": ""login"", ""timestamp"": ""2025-04-23T10:16:05""}, {""type"": ""view"", ""timestamp"": ""2025-09-05T09:12:08""}]"
8,Joseph Jimenez,freemanmark@example.org,"[""air"", ""food"", ""outside"", ""else""]","[{""street"": ""88505 Craig Turnpike"", ""city"": ""Lake Dustin"", ""country"": ""Mauritius"", ""is_primary"": true}, {""street"": ""6087 Cortez Knolls"", ""city"": ""Nolanfort"", ""country"": ""Saint Vincent and the Grenadines"", ""is_primary"": true}]","{""age"": 66, ""department"": ""Engineering"", ""salary"": 140290.89, ""skills"": [""Fitness centre manager"", ""Prison officer"", ""Charity fundraiser"", ""Animator""]}","[{""type"": ""purchase"", ""amount"": 516.42, ""currency"": ""USD""}, {""type"": ""edit"", ""timestamp"": ""2025-05-18T08:52:04""}]"
9,Tiffany Hendrix,jenkinsmichelle@example.org,"[""deep"", ""plant"", ""news""]","[{""street"": ""891 Sarah Rest Apt. 131"", ""city"": ""Garciabury"", ""country"": ""Greenland"", ""is_primary"": true}]","{""age"": 59, ""department"": ""Marketing"", ""salary"": 127665.49, ""skills"": [""Loss adjuster, chartered"", ""Medical sales representative""]}","[{""type"": ""edit"", ""timestamp"": ""2025-05-28T08:40:51""}]"
10,Ms. Angela Carroll,robert54@example.net,"[""government"", ""oil"", ""record"", ""fish""]","[{""street"": ""219 Mitchell Views Apt. 458"", ""city"": ""North Jacob"", ""country"": ""Ecuador"", ""is_primary"": true}, {""street"": ""102 Debra Pass Suite 697"", ""city"": ""Barbaraview"", ""country"": ""Zimbabwe"", ""is_primary"": true}, {""street"": ""7265 Gillespie Street"", ""city"": ""West Kathleenmouth"", ""country"": ""Jamaica"", ""is_primary"": true}]","{""age"": 59, ""department"": ""Sales"", ""salary"": 83951.94, ""skills"": [""Acupuncturist"", ""Artist""]}","[{""type"": ""edit"", ""timestamp"": ""2025-06-18T07:21:01""}]"
11,Brianna Graves,autumnlewis@example.com,"[""best"", ""enjoy"", ""something"", ""note""]","[{""street"": ""50638 Brian Trace Suite 436"", ""city"": ""South Meganburgh"", ""country"": ""Togo"", ""is_primary"": true}, {""street"": ""24237 Mitchell Shoal Apt. 224"", ""city"": ""Kevinton"", ""country"": ""Kuwait"", ""is_primary"": true}, {""street"": ""5789 Keith Trafficway Suite 195"", ""city"": ""Holtbury"", ""country"": ""New Zealand"", ""is_primary"": true}]","{""age"": 68, ""department"": ""HR"", ""salary"": 33558.89, ""skills"": [""Doctor, general practice"", ""Immigration officer"", ""Dentist""]}","[{""type"": ""edit"", ""timestamp"": ""2025-05-15T01:49:21""}, {""type"": ""login"", ""timestamp"": ""2025-07-05T13:08:58""}]"
12,Shannon Nelson,igomez@example.com,"[""sure"", ""save""]","[{""street"": ""056 Lopez Harbor Suite 581"", ""city"": ""Peterside"", ""country"": ""British Virgin Islands"", ""is_primary"": true}, {""street"": ""955 Cummings Plains Apt. 435"", ""city"": ""Port Austinfurt"", ""country"": ""Norfolk Island"", ""is_primary"": false}, {""street"": ""082 Doyle Spur Suite 384"", ""city"": ""Reneechester"", ""country"": ""Cambodia"", ""is_primary"": true}]","{""age"": 32, ""department"": ""Marketing"", ""salary"": 85008.35, ""skills"": [""Market researcher"", ""Licensed conveyancer"", ""Editor, film/video"", ""Hospital doctor""]}",[]
13,Haley Wiggins,william31@example.net,"[""hope"", ""next""]","[{""street"": ""05336 Ramirez Throughway"", ""city"": ""Alexandriaport"", ""country"": ""Dominican Republic"", ""is_primary"": false}, {""street"": ""9248 Phillips Park"", ""city"": ""South Jamesfort"", ""country"": ""Slovakia (Slovak Republic)"", ""is_primary"": false}]","{""age"": 19, ""department"": ""Engineering"", ""salary"": 78755.92, ""skills"": [""Water quality scientist"", ""Office manager"", ""Press photographer""]}","[{""type"": ""edit"", ""timestamp"": ""2025-04-26T21:18:00""}, {""type"": ""login"", ""timestamp"": ""2025-01-25T07:07:51""}]"
14,Robert Smith,vcruz@example.org,"[""likely"", ""single""]","[{""street"": ""083 Rivers Fields Apt. 542"", ""city"": ""Jennifermouth"", ""country"": ""Madagascar"", ""is_primary"": false}]","{""age"": 39, ""department"": ""HR"", ""salary"": 128235.61, ""skills"": [""Agricultural engineer"", ""Presenter, broadcasting"", ""Engineer, maintenance""]}","[{""type"": ""purchase"", ""amount"": 239.13, ""currency"": ""USD""}, {""type"": ""login"", ""timestamp"": ""2025-07-30T03:42:07""}]"
15,Renee Garza,tcarlson@example.com,"[""consider"", ""return""]","[{""street"": ""74177 Salinas Springs"", ""city"": ""Josephview"", ""country"": ""Sao Tome and Principe"", ""is_primary"": true}, {""street"": ""09579 Cole Extension"", ""city"": ""Port Thomas"", ""country"": ""Central African Republic"", ""is_primary"": false}, {""street"": ""43010 Fox Mill Apt. 874"", ""city"": ""Danielberg"", ""country"": ""Paraguay"", ""is_primary"": false}]","{""age"": 39, ""department"": ""Finance"", ""salary"": 50275.18, ""skills"": [""Seismic interpreter"", ""Exhibition designer"", ""Accounting technician""]}","[{""type"": ""view"", ""timestamp"": ""2025-10-21T06:34:25""}]"
16,Michael Smith,brandy77@example.com,"[""new"", ""new""]","[{""street"": ""0390 Campbell Stream Apt. 273"", ""city"": ""North David"", ""country"": ""Vanuatu"", ""is_primary"": true}, {""street"": ""1262 Evelyn Unions"", ""city"": ""New Andrewtown"", ""country"": ""Grenada"", ""is_primary"": true}, {""street"": ""31756 Garcia Brook"", ""city"": ""Medinaland"", ""country"": ""Chad"", ""is_primary"": false}]","{""age"": 69, ""department"": ""Sales"", ""salary"": 87362.1, ""skills"": [""Accountant, chartered certified"", ""Advertising art director""]}",[]
17,Jimmy Chan,jonathanshaw@example.com,"[""fine"", ""discussion"", ""respond""]","[{""street"": ""696 Andrea Junction Apt. 605"", ""city"": ""Terrellhaven"", ""country"": ""Antarctica (the territory South of 60 deg S)"", ""is_primary"": false}, {""street"": ""40178 John Plaza Apt. 727"", ""city"": ""Michaelland"", ""country"": ""Belgium"", ""is_primary"": true}, {""street"": ""529 Lisa Unions Suite 741"", ""city"": ""Michaelmouth"", ""country"": ""Honduras"", ""is_primary"": false}]","{""age"": 31, ""department"": ""HR"", ""salary"": 38223.7, ""skills"": [""Scientist, research (maths)"", ""Barista"", ""Publishing rights manager""]}","[{""type"": ""login"", ""timestamp"": ""2025-07-25T05:45:59""}, {""type"": ""view"", ""timestamp"": ""2025-06-26T09:55:41""}, {""type"": ""view"", ""timestamp"": ""2025-01-07T03:59:18""}]"
18,Scott Adams,lori78@example.org,"[""responsibility"", ""tend""]","[{""street"": ""222 Ellis Plains"", ""city"": ""South Brian"", ""country"": ""Czech Republic"", ""is_primary"": true}, {""street"": ""4742 Benson Branch"", ""city"": ""South Joy"", ""country"": ""Faroe Islands"", ""is_primary"": false}]","{""age"": 38, ""department"": ""HR"", ""salary"": 87504.87, ""skills"": [""Trade union research officer""]}","[{""type"": ""edit"", ""timestamp"": ""2025-05-09T16:45:11""}]"
19,Kaitlyn Koch,smithgerald@example.org,"[""property"", ""television"", ""remember"", ""ball""]","[{""street"": ""061 Gloria Stravenue Suite 191"", ""city"": ""Jacksonhaven"", ""country"": ""Myanmar"", ""is_primary"": false}, {""street"": ""272 Wise Throughway"", ""city"": ""Amyland"", ""country"": ""Estonia"", ""is_primary"": false}]","{""age"": 60, ""department"": ""HR"", ""salary"": 54440.8, ""skills"": [""Hydrologist"", ""Engineer, technical sales"", ""Financial planner"", ""Designer, graphic""]}","[{""type"": ""edit"", ""timestamp"": ""2025-08-03T03:55:21""}]"
20,David Brandt,alexanderaustin@example.net,"[""baby"", ""their""]","[{""street"": ""5724 Thomas Pines Suite 192"", ""city"": ""Johnsonberg"", ""country"": ""United Kingdom"", ""is_primary"": false}, {""street"": ""853 Jacob Keys"", ""city"": ""New Miguel"", ""country"": ""Thailand"", ""is_primary"": true}, {""street"": ""902 Ward Rapids"", ""city"": ""Port Kyleport"", ""country"": ""Sao Tome and Principe"", ""is_primary"": false}]","{""age"": 64, ""department"": ""Sales"", ""salary"": 96841.19, ""skills"": [""Multimedia programmer"", ""Civil Service fast streamer"", ""Biochemist, clinical""]}","[{""type"": ""purchase"", ""amount"": 547.65, ""currency"": ""EUR""}]"
21,Christian Roberts,todd74@example.org,"[""hundred"", ""create"", ""age"", ""bank"", ""dark""]","[{""street"": ""776 Schmidt Passage"", ""city"": ""Robertchester"", ""country"": ""Guinea"", ""is_primary"": true}, {""street"": ""2528 Perry Shore"", ""city"": ""South Alan"", ""country"": ""Mali"", ""is_primary"": true}]","{""age"": 69, ""department"": ""Engineering"", ""salary"": 115996.04, ""skills"": [""Agricultural consultant"", ""Community pharmacist""]}",[]
22,Michael Harris,wdavis@example.net,"[""figure"", ""add"", ""agent""]","[{""street"": ""5103 Angela Ridge"", ""city"": ""Adamsberg"", ""country"": ""Armenia"", ""is_primary"": false}]","{""age"": 70, ""department"": ""Finance"", ""salary"": 132599.47, ""skills"": [""Freight forwarder"", ""Development worker, community""]}","[{""type"": ""edit"", ""timestamp"": ""2025-03-08T09:50:18""}, {""type"": ""edit"", ""timestamp"": ""2025-05-29T21:45:00""}, {""type"": ""view"", ""timestamp"": ""2025-01-16T08:41:55""}]"
23,Chad Davis,jimenezlori@example.net,"[""tough"", ""probably"", ""lay"", ""southern""]","[{""street"": ""61737 Davis Motorway Suite 566"", ""city"": ""Smithburgh"", ""country"": ""Lao People's Democratic Republic"", ""is_primary"": false}]","{""age"": 42, ""department"": ""Sales"", ""salary"": 52716.05, ""skills"": [""Water engineer""]}",[]
24,Pedro Robinson,martinezjessica@example.net,"[""character"", ""office"", ""base"", ""resource""]","[{""street"": ""9725 Michael Underpass"", ""city"": ""West Blakebury"", ""country"": ""Comoros"", ""is_primary"": true}, {""street"": ""5023 Renee Path"", ""city"": ""Lake Johnchester"", ""country"": ""Cameroon"", ""is_primary"": true}]","{""age"": 23, ""department"": ""HR"", ""salary"": 112064.06, ""skills"": [""Materials engineer"", ""Surveyor, planning and development""]}",[]
25,Jacqueline Hoover,sandersmichael@example.com,"[""give"", ""discussion""]","[{""street"": ""6588 Adrienne Islands"", ""city"": ""West Hannah"", ""country"": ""Niger"", ""is_primary"": true}]","{""age"": 58, ""department"": ""Sales"", ""salary"": 66054.14, ""skills"": [""Insurance account manager"", ""Naval architect""]}","[{""type"": ""login"", ""timestamp"": ""2025-02-04T18:32:16""}, {""type"": ""login"", ""timestamp"": ""2025-06-11T08:41:01""}, {""type"": ""view"", ""timestamp"": ""2025-06-28T20:18:46""}]"
26,Stephen Nelson,andrea16@example.net,"[""decide"", ""throw"", ""just""]","[{""street"": ""30632 Elizabeth Lakes Apt. 214"", ""city"": ""Michaelhaven"", ""country"": ""Micronesia"", ""is_primary"": true}, {""street"": ""1442 Rogers Drive Suite 354"", ""city"": ""Morriston"", ""country"": ""Poland"", ""is_primary"": true}]","{""age"": 30, ""department"": ""Marketing"", ""salary"": 51056.69, ""skills"": [""Copywriter, advertising"", ""Air broker""]}","[{""type"": ""purchase"", ""amount"": 515.39, ""currency"": ""EUR""}]"
27,Zachary Mcbride,mary54@example.net,"[""best"", ""policy"", ""believe""]","[{""street"": ""259 Tracy Walks"", ""city"": ""Mariashire"", ""country"": ""Tanzania"", ""is_primary"": false}, {""street"": ""04601 Berger Springs Suite 992"", ""city"": ""Cheyennefurt"", ""country"": ""Cape Verde"", ""is_primary"": false}]","{""age"": 58, ""department"": ""Sales"", ""salary"": 47764.72, ""skills"": [""Theme park manager"", ""Historic buildings inspector/conservation officer""]}","[{""type"": ""login"", ""timestamp"": ""2025-03-18T07:23:03""}, {""type"": ""view"", ""timestamp"": ""2025-06-13T20:52:59""}, {""type"": ""edit"", ""timestamp"": ""2025-08-08T12:02:51""}]"
28,Jason Johnson,jwilliams@example.org,"[""class"", ""degree""]","[{""street"": ""948 Harrison Isle Suite 691"", ""city"": ""Robertmouth"", ""country"": ""Guadeloupe"", ""is_primary"": true}]","{""age"": 34, ""department"": ""Sales"", ""salary"": 135461.8, ""skills"": [""Scientist, audiological"", ""Designer, jewellery"", ""Media buyer"", ""Aid worker""]}","[{""type"": ""edit"", ""timestamp"": ""2025-07-17T01:23:02""}, {""type"": ""purchase"", ""amount"": 896.36, ""currency"": ""EUR""}]"
29,Benjamin Ramirez,nicholaswilcox@example.net,"[""your"", ""land"", ""important""]","[{""street"": ""729 Melanie Village Apt. 269"", ""city"": ""Powellland"", ""country"": ""Nicaragua"", ""is_primary"": false}, {""street"": ""766 Williams Curve Apt. 439"", ""city"": ""Lake Karen"", ""country"": ""Georgia"", ""is_primary"": false}, {""street"": ""046 Brandon Mountains"", ""city"": ""Harriston"", ""country"": ""Tajikistan"", ""is_primary"": false}]","{""age"": 20, ""department"": ""Marketing"", ""salary"": 101124.03, ""skills"": [""Commercial art gallery manager"", ""Building services engineer""]}","[{""type"": ""login"", ""timestamp"": ""2025-01-09T10:44:38""}]"
30,Darryl Taylor,evansmichelle@example.net,"[""fact"", ""money"", ""could"", ""various"", ""require""]","[{""street"": ""554 Carrillo Knoll"", ""city"": ""Simpsonport"", ""country"": ""Egypt"", ""is_primary"": false}, {""street"": ""784 Kenneth Rapid"", ""city"": ""New Nicoleshire"", ""country"": ""Congo"", ""is_primary"": false}]","{""age"": 54, ""department"": ""Engineering"", ""salary"": 61976.27, ""skills"": [""Warehouse manager"", ""Chief Financial Officer"", ""Armed forces training and education officer"", ""Designer, interior/spatial""]}","[{""type"": ""login"", ""timestamp"": ""2025-04-22T10:59:48""}, {""type"": ""view"", ""timestamp"": ""2025-03-17T12:42:16""}]"
31,Jennifer Logan,dawnmartin@example.com,"[""teacher"", ""knowledge"", ""message"", ""training"", ""couple""]","[{""street"": ""051 Middleton Corners"", ""city"": ""Lake Paulstad"", ""country"": ""Central African Republic"", ""is_primary"": false}, {""street"": ""681 Hernandez Groves Apt. 296"", ""city"": ""South Rachel"", ""country"": ""Luxembourg"", ""is_primary"": false}, {""street"": ""6137 Bailey Ranch Suite 549"", ""city"": ""Kelseyburgh"", ""country"": ""Trinidad and Tobago"", ""is_primary"": false}]","{""age"": 67, ""department"": ""HR"", ""salary"": 84821.15, ""skills"": [""Astronomer""]}",[]
32,Hector Beck,zsingh@example.net,"[""how"", ""light"", ""garden"", ""work"", ""who""]","[{""street"": ""5733 Thornton Stream Apt. 946"", ""city"": ""Richardborough"", ""country"": ""Morocco"", ""is_primary"": true}, {""street"": ""701 Jones Haven Apt. 596"", ""city"": ""East Jeremyburgh"", ""country"": ""Angola"", ""is_primary"": false}]","{""age"": 67, ""department"": ""HR"", ""salary"": 33244.49, ""skills"": [""Programmer, multimedia"", ""Dramatherapist"", ""Radio producer""]}","[{""type"": ""view"", ""timestamp"": ""2025-07-21T18:51:11""}, {""type"": ""view"", ""timestamp"": ""2025-04-17T07:22:16""}]"
33,Lindsay Galvan,brookskiara@example.net,"[""development"", ""role""]","[{""street"": ""06307 Christian Gardens"", ""city"": ""Port Alexanderfurt"", ""country"": ""Congo"", ""is_primary"": true}, {""street"": ""8547 Suzanne Village Apt. 980"", ""city"": ""Angelamouth"", ""country"": ""Morocco"", ""is_primary"": true}, {""street"": ""95345 Henderson Fields"", ""city"": ""Martinezland"", ""country"": ""Micronesia"", ""is_primary"": true}]","{""age"": 30, ""department"": ""Sales"", ""salary"": 46775.77, ""skills"": [""Therapist, art"", ""Architect"", ""Customer service manager""]}","[{""type"": ""edit"", ""timestamp"": ""2025-04-09T10:37:53""}]"
34,James Ross,robertsmolly@example.com,"[""health"", ""base"", ""before"", ""research"", ""fish""]","[{""street"": ""1447 Haley Manor"", ""city"": ""Petersonport"", ""country"": ""New Zealand"", ""is_primary"": true}]","{""age"": 57, ""department"": ""Engineering"", ""salary"": 122820.3, ""skills"": [""Geologist, engineering""]}","[{""type"": ""login"", ""timestamp"": ""2025-03-13T17:08:14""}, {""type"": ""purchase"", ""amount"": 567.34, ""currency"": ""USD""}, {""type"": ""login"", ""timestamp"": ""2025-07-02T11:01:39""}]"
35,Emily Scott,ycontreras@example.net,"[""police"", ""friend"", ""message"", ""only""]","[{""street"": ""47585 Joseph Glen Suite 981"", ""city"": ""Maryburgh"", ""country"": ""Burkina Faso"", ""is_primary"": false}, {""street"": ""47234 Clark Drive Apt. 337"", ""city"": ""Sullivanport"", ""country"": ""Namibia"", ""is_primary"": true}, {""street"": ""306 Garrison Row Suite 846"", ""city"": ""Robertville"", ""country"": ""Georgia"", ""is_primary"": true}]","{""age"": 66, ""department"": ""Sales"", ""salary"": 38652.32, ""skills"": [""Radiation protection practitioner""]}","[{""type"": ""edit"", ""timestamp"": ""2025-05-07T14:12:50""}, {""type"": ""login"", ""timestamp"": ""2025-10-12T21:11:03""}]"
36,Brenda Day,iharrison@example.com,"[""surface"", ""control"", ""per"", ""part""]","[{""street"": ""0706 Fernandez Plain Apt. 596"", ""city"": ""East Carrie"", ""country"": ""Sao Tome and Principe"", ""is_primary"": true}, {""street"": ""478 Angela Springs Suite 116"", ""city"": ""Chanbury"", ""country"": ""United Arab Emirates"", ""is_primary"": false}, {""street"": ""16857 Guzman Corner Apt. 385"", ""city"": ""Port Mark"", ""country"": ""China"", ""is_primary"": true}]","{""age"": 35, ""department"": ""Finance"", ""salary"": 143540.01, ""skills"": [""Geophysical data processor"", ""Engineer, automotive"", ""Engineer, land"", ""Commercial horticulturist""]}","[{""type"": ""view"", ""timestamp"": ""2025-05-08T08:11:23""}]"
37,John Anderson,robertdennis@example.com,"[""without"", ""change""]","[{""street"": ""33420 Hill Harbor Apt. 013"", ""city"": ""Sandersview"", ""country"": ""Iran"", ""is_primary"": true}]","{""age"": 74, ""department"": ""Sales"", ""salary"": 81912.86, ""skills"": [""Passenger transport manager"", ""Theatre manager"", ""Media buyer"", ""Research scientist (medical)""]}","[{""type"": ""login"", ""timestamp"": ""2025-01-06T14:02:29""}, {""type"": ""purchase"", ""amount"": 732.91, ""currency"": ""GBP""}, {""type"": ""login"", ""timestamp"": ""2025-03-16T22:14:29""}]"
38,Bryan Taylor,smithapril@example.net,"[""my"", ""model""]","[{""street"": ""9732 Rhodes Estate Apt. 590"", ""city"": ""Alyssaside"", ""country"": ""Solomon Islands"", ""is_primary"": true}]","{""age"": 32, ""department"": ""Engineering"", ""salary"": 134793.26, ""skills"": [""Prison officer"", ""Fashion designer""]}","[{""type"": ""edit"", ""timestamp"": ""2025-03-31T15:37:06""}, {""type"": ""purchase"", ""amount"": 388.34, ""currency"": ""EUR""}]"
39,Julie Stuart,ericcook@example.org,"[""upon"", ""boy"", ""customer"", ""great""]","[{""street"": ""7494 Valentine Forge"", ""city"": ""West Catherine"", ""country"": ""Saint Pierre and Miquelon"", ""is_primary"": false}, {""street"": ""518 Stephen Common Apt. 180"", ""city"": ""Avilaburgh"", ""country"": ""Grenada"", ""is_primary"": true}]","{""age"": 61, ""department"": ""Marketing"", ""salary"": 62037.32, ""skills"": [""Surveyor, quantity"", ""Estate agent"", ""Manufacturing systems engineer"", ""Advertising account executive""]}","[{""type"": ""edit"", ""timestamp"": ""2025-01-09T01:09:22""}, {""type"": ""purchase"", ""amount"": 916.44, ""currency"": ""GBP""}, {""type"": ""login"", ""timestamp"": ""2025-03-09T14:04:01""}]"
40,James Jackson,raymond82@example.net,"[""join"", ""instead"", ""character"", ""goal"", ""body""]","[{""street"": ""314 Lopez Squares"", ""city"": ""Thomastown"", ""country"": ""Germany"", ""is_primary"": false}, {""street"": ""765 Shannon Crossing"", ""city"": ""Camachotown"", ""country"": ""Guinea"", ""is_primary"": false}]","{""age"": 39, ""department"": ""HR"", ""salary"": 46351.22, ""skills"": [""Insurance broker"", ""Higher education careers adviser"", ""Forest/woodland manager"", ""Furniture conservator/restorer""]}","[{""type"": ""view"", ""timestamp"": ""2025-03-31T11:57:54""}]"
41,Jason Webb,dominique03@example.org,"[""staff"", ""become"", ""pay""]","[{""street"": ""745 Audrey Row Apt. 291"", ""city"": ""New Ann"", ""country"": ""Guatemala"", ""is_primary"": false}, {""street"": ""707 Shields Estates Suite 656"", ""city"": ""Deborahberg"", ""country"": ""Vietnam"", ""is_primary"": true}, {""street"": ""08115 Fitzgerald Avenue Suite 813"", ""city"": ""Port Joshuaton"", ""country"": ""Jordan"", ""is_primary"": false}]","{""age"": 46, ""department"": ""HR"", ""salary"": 144074.12, ""skills"": [""Fish farm manager""]}","[{""type"": ""view"", ""timestamp"": ""2025-08-31T13:46:52""}, {""type"": ""purchase"", ""amount"": 508.44, ""currency"": ""USD""}]"
42,Patricia Doyle,jeffrey08@example.com,"[""audience"", ""wear"", ""little"", ""very"", ""white""]","[{""street"": ""041 Joshua Plain"", ""city"": ""Lake Stephenland"", ""country"": ""Guatemala"", ""is_primary"": true}]","{""age"": 72, ""department"": ""Engineering"", ""salary"": 140724.65, ""skills"": [""Social worker"", ""Warden/ranger""]}","[{""type"": ""edit"", ""timestamp"": ""2025-02-08T20:39:56""}, {""type"": ""purchase"", ""amount"": 260.89, ""currency"": ""GBP""}, {""type"": ""edit"", ""timestamp"": ""2025-06-24T16:02:34""}]"
43,Gina Estrada,tiffanyblackwell@example.org,"[""business"", ""important"", ""cover""]","[{""street"": ""30072 Edward Park Suite 579"", ""city"": ""Nicholsside"", ""country"": ""Iraq"", ""is_primary"": true}, {""street"": ""3716 Trevino Cliff"", ""city"": ""North Mariabury"", ""country"": ""Spain"", ""is_primary"": true}, {""street"": ""42163 Angela Fords"", ""city"": ""Blackfurt"", ""country"": ""Russian Federation"", ""is_primary"": true}]","{""age"": 67, ""department"": ""Marketing"", ""salary"": 83065.28, ""skills"": [""Engineer, civil (contracting)"", ""Clinical psychologist""]}",[]
44,Samuel Lynch,thomas01@example.org,"[""ask"", ""most"", ""building""]","[{""street"": ""91146 Mary Streets Suite 006"", ""city"": ""Harringtonville"", ""country"": ""Liechtenstein"", ""is_primary"": true}]","{""age"": 27, ""department"": ""Sales"", ""salary"": 42005.08, ""skills"": [""Dispensing optician"", ""Personnel officer"", ""Printmaker"", ""Dentist""]}","[{""type"": ""view"", ""timestamp"": ""2025-07-06T02:50:25""}]"
45,Alexis Salas,igreen@example.com,"[""within"", ""stay"", ""one"", ""must""]","[{""street"": ""7089 Mccarthy Pine Apt. 141"", ""city"": ""Lake Kristenland"", ""country"": ""Zambia"", ""is_primary"": false}, {""street"": ""74442 Kelly Rapid"", ""city"": ""New Daniellefurt"", ""country"": ""Holy See (Vatican City State)"", ""is_primary"": true}]","{""age"": 57, ""department"": ""Finance"", ""salary"": 128736.98, ""skills"": [""Designer, furniture"", ""Designer, ceramics/pottery"", ""Community arts worker"", ""Race relations officer""]}","[{""type"": ""login"", ""timestamp"": ""2025-09-01T02:37:19""}, {""type"": ""view"", ""timestamp"": ""2025-05-17T04:20:15""}, {""type"": ""purchase"", ""amount"": 569.73, ""currency"": ""USD""}]"
46,Kenneth Burton,rogerhenderson@example.com,"[""story"", ""around""]","[{""street"": ""9400 Chelsea Alley"", ""city"": ""Jennymouth"", ""country"": ""Gibraltar"", ""is_primary"": true}, {""street"": ""834 Williams Mountains"", ""city"": ""South Edwardbury"", ""country"": ""Namibia"", ""is_primary"": false}]","{""age"": 26, ""department"": ""Marketing"", ""salary"": 96972.87, ""skills"": [""Administrator"", ""Public affairs consultant""]}","[{""type"": ""login"", ""timestamp"": ""2025-05-16T05:03:46""}]"
47,Jacob Kramer,kmitchell@example.net,"[""far"", ""issue"", ""image"", ""author""]","[{""street"": ""230 Saunders Streets"", ""city"": ""Donnaville"", ""country"": ""Thailand"", ""is_primary"": true}, {""street"": ""4036 Stewart Landing"", ""city"": ""Zimmermanbury"", ""country"": ""Philippines"", ""is_primary"": false}]","{""age"": 51, ""department"": ""Finance"", ""salary"": 146771.91, ""skills"": [""Dispensing optician"", ""Chartered loss adjuster""]}","[{""type"": ""login"", ""timestamp"": ""2025-06-02T14:59:26""}, {""type"": ""edit"", ""timestamp"": ""2025-01-11T18:22:09""}, {""type"": ""edit"", ""timestamp"": ""2025-10-03T08:02:38""}]"
48,Tracy Sanchez,johnny00@example.org,"[""police"", ""within"", ""figure""]","[{""street"": ""574 Christopher Pines Suite 751"", ""city"": ""Jamiefort"", ""country"": ""Netherlands"", ""is_primary"": false}, {""street"": ""23534 Ward Key Apt. 286"", ""city"": ""New Ronaldmouth"", ""country"": ""Congo"", ""is_primary"": true}, {""street"": ""97761 Lewis Views"", ""city"": ""Port Mike"", ""country"": ""Cuba"", ""is_primary"": true}]","{""age"": 22, ""department"": ""HR"", ""salary"": 134237.54, ""skills"": [""Architectural technologist""]}","[{""type"": ""view"", ""timestamp"": ""2025-02-16T12:49:03""}, {""type"": ""login"", ""timestamp"": ""2025-01-22T23:22:11""}]"
49,Dennis Howell,ashlee85@example.org,"[""middle"", ""against"", ""design"", ""paper"", ""near""]","[{""street"": ""98021 Cindy Village"", ""city"": ""East Christopherfurt"", ""country"": ""Grenada"", ""is_primary"": false}, {""street"": ""100 Howard Branch Suite 060"", ""city"": ""Robertsside"", ""country"": ""Tonga"", ""is_primary"": true}, {""street"": ""93077 Crystal Square Apt. 595"", ""city"": ""West Julieshire"", ""country"": ""Gambia"", ""is_primary"": false}]","{""age"": 65, ""department"": ""Finance"", ""salary"": 53952.38, ""skills"": [""Brewing technologist"", ""Arboriculturist"", ""Soil scientist""]}","[{""type"": ""purchase"", ""amount"": 298.49, ""currency"": ""GBP""}]"
50,John White,vjohnson@example.org,"[""sing"", ""course"", ""travel"", ""eight"", ""raise""]","[{""street"": ""530 Adkins Circles"", ""city"": ""New Jennifer"", ""country"": ""Norfolk Island"", ""is_primary"": true}, {""street"": ""49558 Tanya Via"", ""city"": ""New Janicemouth"", ""country"": ""Congo"", ""is_primary"": true}]","{""age"": 62, ""department"": ""Sales"", ""salary"": 71369.2, ""skills"": [""Legal secretary"", ""Meteorologist"", ""Waste management officer""]}","[{""type"": ""edit"", ""timestamp"": ""2025-09-28T15:59:12""}]"
51,Erica Dunn,janechandler@example.org,"[""performance"", ""television""]","[{""street"": ""017 May Avenue Suite 394"", ""city"": ""North David"", ""country"": ""Myanmar"", ""is_primary"": true}]","{""age"": 45, ""department"": ""Marketing"", ""salary"": 136480.12, ""skills"": [""Politician's assistant"", ""Estate manager/land agent""]}","[{""type"": ""edit"", ""timestamp"": ""2025-02-28T10:17:19""}, {""type"": ""view"", ""timestamp"": ""2025-01-04T08:05:32""}]"
52,Brett Gonzalez,ginajenkins@example.org,"[""police"", ""top"", ""wife"", ""prepare""]","[{""street"": ""41395 Sanchez Rue Suite 586"", ""city"": ""West Timothymouth"", ""country"": ""Myanmar"", ""is_primary"": true}, {""street"": ""51525 James Forges Apt. 193"", ""city"": ""Cruzberg"", ""country"": ""Cyprus"", ""is_primary"": true}]","{""age"": 33, ""department"": ""HR"", ""salary"": 55003.25, ""skills"": [""Analytical chemist""]}","[{""type"": ""edit"", ""timestamp"": ""2025-08-05T14:42:42""}]"
53,Jennifer Bullock,davisolivia@example.net,"[""attention"", ""put""]","[{""street"": ""228 Bailey Place"", ""city"": ""Scottchester"", ""country"": ""Lao People's Democratic Republic"", ""is_primary"": false}, {""street"": ""209 Holmes Burg"", ""city"": ""Wheelerhaven"", ""country"": ""Lithuania"", ""is_primary"": false}]","{""age"": 33, ""department"": ""HR"", ""salary"": 97697.15, ""skills"": [""Warehouse manager"", ""Loss adjuster, chartered"", ""Engineer, automotive"", ""Solicitor""]}","[{""type"": ""view"", ""timestamp"": ""2025-04-16T23:04:40""}, {""type"": ""purchase"", ""amount"": 572.18, ""currency"": ""GBP""}]"
54,Gail Dean,webbmatthew@example.com,"[""citizen"", ""five"", ""hospital"", ""sister""]","[{""street"": ""49213 Leslie Spur"", ""city"": ""Deborahstad"", ""country"": ""Norway"", ""is_primary"": true}]","{""age"": 65, ""department"": ""Marketing"", ""salary"": 94717.84, ""skills"": [""Forensic scientist""]}","[{""type"": ""login"", ""timestamp"": ""2025-09-15T11:06:39""}, {""type"": ""purchase"", ""amount"": 191.27, ""currency"": ""USD""}]"
55,Sandra Barker,shannonryan@example.net,"[""feeling"", ""enough""]","[{""street"": ""61792 Cisneros Land Apt. 632"", ""city"": ""Lake Lori"", ""country"": ""Canada"", ""is_primary"": true}, {""street"": ""7653 Wood Route Apt. 999"", ""city"": ""Seantown"", ""country"": ""Seychelles"", ""is_primary"": false}, {""street"": ""9163 Courtney Burg Apt. 865"", ""city"": ""Smithtown"", ""country"": ""Puerto Rico"", ""is_primary"": true}]","{""age"": 22, ""department"": ""Finance"", ""salary"": 135283.0, ""skills"": [""Corporate treasurer"", ""Theatre manager"", ""Best boy""]}","[{""type"": ""purchase"", ""amount"": 784.63, ""currency"": ""USD""}]"
56,Joseph Stewart,angela55@example.com,"[""report"", ""stay"", ""hot""]","[{""street"": ""1683 Williams Views Suite 766"", ""city"": ""Abigailtown"", ""country"": ""Montserrat"", ""is_primary"": false}, {""street"": ""0612 Brenda Skyway Apt. 822"", ""city"": ""Amyfort"", ""country"": ""Mali"", ""is_primary"": true}]","{""age"": 46, ""department"": ""Finance"", ""salary"": 53423.57, ""skills"": [""Research officer, political party"", ""Print production planner"", ""Teacher, secondary school""]}","[{""type"": ""login"", ""timestamp"": ""2025-09-24T22:58:44""}, {""type"": ""view"", ""timestamp"": ""2025-05-09T15:00:53""}, {""type"": ""purchase"", ""amount"": 618.79, ""currency"": ""GBP""}]"
57,Reginald Herring,uwells@example.net,"[""all"", ""foot"", ""organization"", ""town""]","[{""street"": ""69496 Sanchez River Suite 038"", ""city"": ""Adamfort"", ""country"": ""Brazil"", ""is_primary"": true}]","{""age"": 59, ""department"": ""HR"", ""salary"": 107365.16, ""skills"": [""Restaurant manager, fast food""]}","[{""type"": ""view"", ""timestamp"": ""2025-04-04T06:47:30""}, {""type"": ""login"", ""timestamp"": ""2025-05-23T11:20:53""}, {""type"": ""view"", ""timestamp"": ""2025-07-29T12:29:28""}]"
58,Jessica Freeman,knunez@example.com,"[""money"", ""fear""]","[{""street"": ""76940 Russell Dam"", ""city"": ""Muellerhaven"", ""country"": ""Saudi Arabia"", ""is_primary"": true}, {""street"": ""766 Thomas Common"", ""city"": ""North John"", ""country"": ""Mongolia"", ""is_primary"": true}]","{""age"": 80, ""department"": ""HR"", ""salary"": 100354.36, ""skills"": [""Administrator, sports"", ""Medical illustrator"", ""Furniture conservator/restorer"", ""Structural engineer""]}","[{""type"": ""view"", ""timestamp"": ""2025-05-21T02:04:46""}]"
59,Corey Terrell,harrisjeffrey@example.com,"[""above"", ""notice"", ""task"", ""happy""]","[{""street"": ""9722 May Mount Apt. 290"", ""city"": ""Lake Timothyville"", ""country"": ""Benin"", ""is_primary"": false}]","{""age"": 34, ""department"": ""Marketing"", ""salary"": 77402.91, ""skills"": [""Press sub"", ""Audiological scientist""]}","[{""type"": ""purchase"", ""amount"": 231.42, ""currency"": ""USD""}, {""type"": ""edit"", ""timestamp"": ""2025-07-21T18:10:14""}, {""type"": ""purchase"", ""amount"": 45.34, ""currency"": ""GBP""}]"
60,Amanda Garza,kdorsey@example.net,"[""husband"", ""model"", ""their""]","[{""street"": ""7669 Cisneros Squares Suite 812"", ""city"": ""Sanchezville"", ""country"": ""Antigua and Barbuda"", ""is_primary"": true}, {""street"": ""5646 Laura Stravenue Apt. 443"", ""city"": ""West Jacobborough"", ""country"": ""Cuba"", ""is_primary"": false}, {""street"": ""35137 Cochran Squares Apt. 785"", ""city"": ""East James"", ""country"": ""Albania"", ""is_primary"": false}]","{""age"": 70, ""department"": ""Finance"", ""salary"": 90910.59, ""skills"": [""Horticulturist, commercial"", ""Chief Marketing Officer""]}","[{""type"": ""edit"", ""timestamp"": ""2025-02-09T19:08:08""}]"
61,Jeffrey Hendricks,sheila47@example.com,"[""table"", ""cup""]","[{""street"": ""154 Chelsea Terrace Apt. 118"", ""city"": ""Gomeztown"", ""country"": ""Barbados"", ""is_primary"": false}]","{""age"": 52, ""department"": ""Engineering"", ""salary"": 95405.81, ""skills"": [""Retail banker"", ""Chartered accountant""]}","[{""type"": ""login"", ""timestamp"": ""2025-05-26T20:06:23""}, {""type"": ""edit"", ""timestamp"": ""2025-04-01T03:14:38""}]"
62,Dana Williams,vkey@example.net,"[""stay"", ""sea"", ""yeah"", ""father"", ""scientist""]","[{""street"": ""876 Johnson Circles Suite 956"", ""city"": ""North Heather"", ""country"": ""Suriname"", ""is_primary"": true}, {""street"": ""673 Nicholas Passage"", ""city"": ""Lake Harold"", ""country"": ""Palestinian Territory"", ""is_primary"": false}, {""street"": ""22088 James Fields"", ""city"": ""Phillipfort"", ""country"": ""Cyprus"", ""is_primary"": true}]","{""age"": 53, ""department"": ""Finance"", ""salary"": 123922.66, ""skills"": [""Scientist, forensic""]}","[{""type"": ""login"", ""timestamp"": ""2025-08-22T09:35:08""}, {""type"": ""edit"", ""timestamp"": ""2025-08-02T19:52:13""}]"
63,Victoria Weeks,emartinez@example.com,"[""east"", ""state"", ""traditional""]","[{""street"": ""1331 Anderson Ramp Suite 650"", ""city"": ""East Donnafort"", ""country"": ""Vanuatu"", ""is_primary"": false}, {""street"": ""93625 Kim Tunnel"", ""city"": ""Antonioport"", ""country"": ""Svalbard & Jan Mayen Islands"", ""is_primary"": false}]","{""age"": 68, ""department"": ""Engineering"", ""salary"": 113726.94, ""skills"": [""Chemical engineer""]}","[{""type"": ""view"", ""timestamp"": ""2025-06-08T23:58:25""}]"
64,Tammy Gordon,tanyasmith@example.org,"[""special"", ""face"", ""our"", ""for""]","[{""street"": ""9623 Linda Trail"", ""city"": ""Port Shannonchester"", ""country"": ""Norway"", ""is_primary"": true}]","{""age"": 57, ""department"": ""Finance"", ""salary"": 75352.75, ""skills"": [""Mental health nurse""]}","[{""type"": ""login"", ""timestamp"": ""2025-05-08T21:04:45""}]"
65,Alison Little,toddwilliams@example.com,"[""their"", ""rate"", ""hand"", ""young""]","[{""street"": ""44173 Timothy Street Suite 496"", ""city"": ""Sarachester"", ""country"": ""Malta"", ""is_primary"": false}]","{""age"": 19, ""department"": ""Marketing"", ""salary"": 86620.96, ""skills"": [""Cytogeneticist"", ""Multimedia programmer"", ""Public relations account executive"", ""Product/process development scientist""]}","[{""type"": ""purchase"", ""amount"": 701.34, ""currency"": ""GBP""}]"
66,Emily Mckinney,jhuang@example.net,"[""show"", ""involve"", ""leave"", ""image"", ""upon""]","[{""street"": ""92593 Fleming Flat"", ""city"": ""North Lindaberg"", ""country"": ""Iceland"", ""is_primary"": false}]","{""age"": 72, ""department"": ""Sales"", ""salary"": 67844.07, ""skills"": [""Musician"", ""Engineer, mining"", ""Community education officer""]}","[{""type"": ""view"", ""timestamp"": ""2025-04-29T08:58:58""}, {""type"": ""edit"", ""timestamp"": ""2025-04-25T08:06:47""}]"
67,Christopher Johnson,sparker@example.com,"[""ability"", ""yard""]","[{""street"": ""6005 Blair River Apt. 246"", ""city"": ""East Michael"", ""country"": ""Argentina"", ""is_primary"": false}, {""street"": ""3208 Michael Heights"", ""city"": ""Codyton"", ""country"": ""United States Virgin Islands"", ""is_primary"": true}, {""street"": ""099 Espinoza Station Suite 137"", ""city"": ""East Brett"", ""country"": ""Faroe Islands"", ""is_primary"": false}]","{""age"": 78, ""department"": ""Marketing"", ""salary"": 129410.58, ""skills"": [""Engineer, water""]}","[{""type"": ""edit"", ""timestamp"": ""2025-03-07T23:27:56""}]"
68,Christina Smith,molly60@example.org,"[""great"", ""center"", ""general"", ""tough"", ""way""]","[{""street"": ""555 Jacqueline Heights"", ""city"": ""North Davidton"", ""country"": ""Jamaica"", ""is_primary"": true}, {""street"": ""116 Cordova Squares Apt. 352"", ""city"": ""Davidview"", ""country"": ""Ghana"", ""is_primary"": true}, {""street"": ""071 Tiffany Crossroad"", ""city"": ""Lake Brian"", ""country"": ""Albania"", ""is_primary"": false}]","{""age"": 20, ""department"": ""HR"", ""salary"": 146118.33, ""skills"": [""Lawyer""]}","[{""type"": ""view"", ""timestamp"": ""2025-01-29T22:10:27""}, {""type"": ""edit"", ""timestamp"": ""2025-02-08T12:24:05""}]"
69,William Salazar,kmoore@example.net,"[""common"", ""technology""]","[{""street"": ""36287 Juan Bypass"", ""city"": ""Royborough"", ""country"": ""Greece"", ""is_primary"": true}, {""street"": ""809 Mata Port Suite 918"", ""city"": ""Annton"", ""country"": ""Cameroon"", ""is_primary"": false}]","{""age"": 80, ""department"": ""Marketing"", ""salary"": 117589.41, ""skills"": [""Learning mentor"", ""Nurse, children's"", ""Technical brewer"", ""Structural engineer""]}","[{""type"": ""login"", ""timestamp"": ""2025-01-08T00:13:24""}, {""type"": ""purchase"", ""amount"": 467.27, ""currency"": ""GBP""}]"
70,Emily Gonzales MD,nathanieltaylor@example.org,"[""writer"", ""simply"", ""recently""]","[{""street"": ""0102 Nicole Spurs Suite 801"", ""city"": ""New Jeffreyfurt"", ""country"": ""Djibouti"", ""is_primary"": true}, {""street"": ""776 Jennifer Hills Suite 873"", ""city"": ""New Mary"", ""country"": ""Madagascar"", ""is_primary"": false}]","{""age"": 80, ""department"": ""HR"", ""salary"": 39528.88, ""skills"": [""Teacher, special educational needs""]}","[{""type"": ""view"", ""timestamp"": ""2025-01-01T02:41:32""}]"
71,Donna Long,jacobadams@example.org,"[""because"", ""really"", ""without""]","[{""street"": ""51928 Koch Falls"", ""city"": ""Zimmermanton"", ""country"": ""Fiji"", ""is_primary"": true}, {""street"": ""35913 Walton Prairie Suite 075"", ""city"": ""South Matthew"", ""country"": ""Burkina Faso"", ""is_primary"": false}, {""street"": ""658 Kelsey Spurs"", ""city"": ""Lake Mallory"", ""country"": ""Denmark"", ""is_primary"": false}]","{""age"": 38, ""department"": ""Engineering"", ""salary"": 58356.41, ""skills"": [""Environmental consultant"", ""Airline pilot"", ""Surveyor, planning and development""]}","[{""type"": ""view"", ""timestamp"": ""2025-08-27T22:05:32""}]"
72,Catherine Thomas,kevin59@example.com,"[""Mrs"", ""statement""]","[{""street"": ""876 Moss Summit"", ""city"": ""Stewartland"", ""country"": ""Czech Republic"", ""is_primary"": false}, {""street"": ""9894 Brown Bridge"", ""city"": ""North Brianborough"", ""country"": ""Japan"", ""is_primary"": true}]","{""age"": 61, ""department"": ""Engineering"", ""salary"": 102932.61, ""skills"": [""Counsellor"", ""Jewellery designer"", ""Public librarian"", ""Food technologist""]}",[]
73,Brian Taylor,samantha66@example.net,"[""necessary"", ""role""]","[{""street"": ""639 Barajas Ranch Suite 812"", ""city"": ""South Ashleyview"", ""country"": ""Panama"", ""is_primary"": false}]","{""age"": 44, ""department"": ""HR"", ""salary"": 139238.09, ""skills"": [""Psychologist, counselling"", ""Biomedical scientist""]}","[{""type"": ""login"", ""timestamp"": ""2025-09-03T20:53:07""}, {""type"": ""view"", ""timestamp"": ""2025-01-24T14:42:22""}, {""type"": ""login"", ""timestamp"": ""2025-08-27T20:22:59""}]"
74,Marvin Murray,colemanjessica@example.net,"[""collection"", ""also"", ""media"", ""sign""]","[{""street"": ""3382 Wilson Brooks Apt. 549"", ""city"": ""Kevinburgh"", ""country"": ""Montserrat"", ""is_primary"": false}]","{""age"": 66, ""department"": ""Marketing"", ""salary"": 97302.79, ""skills"": [""Learning mentor"", ""Investment banker, operational"", ""Designer, television/film set"", ""Film/video editor""]}","[{""type"": ""edit"", ""timestamp"": ""2025-07-22T14:30:05""}]"
75,Sean Le,mabbott@example.org,"[""purpose"", ""ever""]","[{""street"": ""931 Edward Motorway"", ""city"": ""Moralestown"", ""country"": ""Kazakhstan"", ""is_primary"": true}]","{""age"": 58, ""department"": ""HR"", ""salary"": 91637.75, ""skills"": [""Youth worker"", ""Facilities manager""]}","[{""type"": ""login"", ""timestamp"": ""2025-03-07T09:43:07""}, {""type"": ""view"", ""timestamp"": ""2025-02-22T15:26:40""}]"
76,Daniel Hayden,joshua64@example.org,"[""bill"", ""pull"", ""west"", ""sit"", ""plant""]","[{""street"": ""84520 Jennifer Mall Apt. 782"", ""city"": ""Joyborough"", ""country"": ""Turkmenistan"", ""is_primary"": true}, {""street"": ""558 Sarah Mission Suite 153"", ""city"": ""Davidmouth"", ""country"": ""Germany"", ""is_primary"": true}]","{""age"": 38, ""department"": ""Finance"", ""salary"": 134488.67, ""skills"": [""Building control surveyor"", ""Trade union research officer"", ""Clinical psychologist"", ""Surveyor, mining""]}","[{""type"": ""purchase"", ""amount"": 205.15, ""currency"": ""USD""}, {""type"": ""purchase"", ""amount"": 374.27, ""currency"": ""EUR""}, {""type"": ""edit"", ""timestamp"": ""2025-04-03T10:39:30""}]"
77,Kristin Marsh,travis51@example.net,"[""discussion"", ""kid"", ""politics""]","[{""street"": ""7836 Barry Drives Suite 987"", ""city"": ""Michaelfort"", ""country"": ""Nauru"", ""is_primary"": false}, {""street"": ""917 Sarah Hills Suite 170"", ""city"": ""Johnburgh"", ""country"": ""Trinidad and Tobago"", ""is_primary"": false}]","{""age"": 55, ""department"": ""Sales"", ""salary"": 83320.38, ""skills"": [""Designer, multimedia"", ""Music tutor"", ""Geologist, engineering"", ""Surveyor, building control""]}","[{""type"": ""edit"", ""timestamp"": ""2025-08-22T15:33:14""}]"
78,Cassie Gomez,daniellesanchez@example.com,"[""land"", ""although"", ""over"", ""determine""]","[{""street"": ""321 Johnson Meadow Suite 324"", ""city"": ""Allenhaven"", ""country"": ""Cameroon"", ""is_primary"": false}]","{""age"": 35, ""department"": ""Engineering"", ""salary"": 102661.59, ""skills"": [""Insurance claims handler"", ""Call centre manager"", ""Surveyor, mining"", ""Financial controller""]}","[{""type"": ""edit"", ""timestamp"": ""2025-05-27T17:55:59""}]"
79,Victoria Spencer,ejones@example.com,"[""especially"", ""a""]","[{""street"": ""73035 Mejia Islands Apt. 068"", ""city"": ""South Joseph"", ""country"": ""Portugal"", ""is_primary"": false}, {""street"": ""7635 Crystal Parkways Apt. 163"", ""city"": ""Nancyburgh"", ""country"": ""Dominican Republic"", ""is_primary"": true}]","{""age"": 40, ""department"": ""Marketing"", ""salary"": 119874.52, ""skills"": [""Herpetologist"", ""Electronics engineer""]}","[{""type"": ""edit"", ""timestamp"": ""2025-10-26T20:09:54""}, {""type"": ""edit"", ""timestamp"": ""2025-07-12T07:42:59""}]"
80,Kathryn Jacobson,trantina@example.net,"[""south"", ""garden""]","[{""street"": ""52658 Eric Lakes"", ""city"": ""East Dennis"", ""country"": ""Saint Lucia"", ""is_primary"": false}]","{""age"": 64, ""department"": ""Finance"", ""salary"": 48941.02, ""skills"": [""Teacher, primary school"", ""Therapist, drama"", ""Occupational psychologist"", ""Professor Emeritus""]}","[{""type"": ""view"", ""timestamp"": ""2025-01-24T14:28:28""}, {""type"": ""view"", ""timestamp"": ""2025-05-06T15:35:22""}]"
81,Hannah Mendez,pnichols@example.org,"[""along"", ""show"", ""energy"", ""yourself""]","[{""street"": ""946 Brian Plain"", ""city"": ""North Jonathan"", ""country"": ""Saint Helena"", ""is_primary"": false}]","{""age"": 66, ""department"": ""HR"", ""salary"": 84687.9, ""skills"": [""Animal technologist""]}","[{""type"": ""login"", ""timestamp"": ""2025-01-08T21:57:33""}, {""type"": ""edit"", ""timestamp"": ""2025-10-02T16:03:08""}]"
82,Dawn Bailey,watersamy@example.org,"[""capital"", ""role"", ""spend"", ""usually""]","[{""street"": ""216 Philip Brook Apt. 383"", ""city"": ""Sarahview"", ""country"": ""Marshall Islands"", ""is_primary"": true}]","{""age"": 19, ""department"": ""HR"", ""salary"": 37164.1, ""skills"": [""Secretary/administrator"", ""Jewellery designer""]}","[{""type"": ""purchase"", ""amount"": 873.27, ""currency"": ""GBP""}, {""type"": ""login"", ""timestamp"": ""2025-07-28T00:02:25""}, {""type"": ""edit"", ""timestamp"": ""2025-04-22T09:11:07""}]"
83,Oscar Harding,oclark@example.org,"[""once"", ""method""]","[{""street"": ""2998 Williams Mountain"", ""city"": ""Nelsonstad"", ""country"": ""Sudan"", ""is_primary"": false}]","{""age"": 66, ""department"": ""Engineering"", ""salary"": 127401.45, ""skills"": [""Surveyor, hydrographic"", ""Product manager""]}","[{""type"": ""purchase"", ""amount"": 946.44, ""currency"": ""EUR""}, {""type"": ""login"", ""timestamp"": ""2025-05-15T11:58:27""}]"
84,Hunter Stanley,smithkatie@example.org,"[""fill"", ""pressure""]","[{""street"": ""45842 Reed Rapids Suite 112"", ""city"": ""Wesleybury"", ""country"": ""Guam"", ""is_primary"": true}]","{""age"": 38, ""department"": ""Finance"", ""salary"": 118058.93, ""skills"": [""Systems developer"", ""Teacher, adult education""]}","[{""type"": ""purchase"", ""amount"": 238.92, ""currency"": ""USD""}, {""type"": ""edit"", ""timestamp"": ""2025-05-29T22:25:53""}, {""type"": ""edit"", ""timestamp"": ""2025-04-07T11:05:33""}]"
85,Crystal Flowers,kelli57@example.org,"[""her"", ""good""]","[{""street"": ""9497 Sullivan Street"", ""city"": ""Eatonland"", ""country"": ""Macao"", ""is_primary"": false}]","{""age"": 33, ""department"": ""Finance"", ""salary"": 91784.6, ""skills"": [""Water engineer"", ""Public librarian""]}","[{""type"": ""purchase"", ""amount"": 200.5, ""currency"": ""GBP""}]"
86,Karen Jones DVM,christopherdean@example.net,"[""no"", ""challenge""]","[{""street"": ""32234 Murphy Radial"", ""city"": ""East Catherine"", ""country"": ""Denmark"", ""is_primary"": true}, {""street"": ""5862 Mccoy Ridge"", ""city"": ""New Luiston"", ""country"": ""Sweden"", ""is_primary"": true}, {""street"": ""207 Christopher Island"", ""city"": ""Diazside"", ""country"": ""Brazil"", ""is_primary"": true}]","{""age"": 75, ""department"": ""HR"", ""salary"": 113990.15, ""skills"": [""Energy manager"", ""Horticulturist, amenity""]}","[{""type"": ""view"", ""timestamp"": ""2025-07-29T08:25:27""}, {""type"": ""view"", ""timestamp"": ""2025-10-06T17:44:30""}]"
87,Mrs. Sandra Romero MD,kennethmata@example.com,"[""sister"", ""attention"", ""wrong""]","[{""street"": ""1297 Dominique Falls"", ""city"": ""Williamport"", ""country"": ""Switzerland"", ""is_primary"": false}, {""street"": ""206 David Neck"", ""city"": ""East Rachel"", ""country"": ""Greenland"", ""is_primary"": false}, {""street"": ""0100 Anderson Parkway"", ""city"": ""Gonzalezburgh"", ""country"": ""Sudan"", ""is_primary"": true}]","{""age"": 52, ""department"": ""Finance"", ""salary"": 97818.63, ""skills"": [""Catering manager"", ""Furniture designer"", ""Musician""]}","[{""type"": ""purchase"", ""amount"": 42.06, ""currency"": ""EUR""}, {""type"": ""view"", ""timestamp"": ""2025-09-25T05:42:06""}]"
88,Kevin Watts,patrickheather@example.org,"[""could"", ""short"", ""themselves"", ""age"", ""popular""]","[{""street"": ""2947 Barnes Harbors Apt. 684"", ""city"": ""Hallshire"", ""country"": ""Madagascar"", ""is_primary"": true}]","{""age"": 78, ""department"": ""Marketing"", ""salary"": 128673.26, ""skills"": [""Engineer, chemical"", ""Acupuncturist"", ""Product/process development scientist"", ""Clinical psychologist""]}",[]
89,Dennis Byrd,eric74@example.net,"[""partner"", ""bring"", ""where""]","[{""street"": ""71316 Smith Burg"", ""city"": ""West Meghan"", ""country"": ""Lesotho"", ""is_primary"": true}]","{""age"": 22, ""department"": ""Engineering"", ""salary"": 57575.03, ""skills"": [""Runner, broadcasting/film/video"", ""Copy"", ""Medical technical officer"", ""Environmental manager""]}","[{""type"": ""view"", ""timestamp"": ""2025-07-15T18:43:15""}]"
90,Jacob Hester,jthomas@example.com,"[""story"", ""relate"", ""best""]","[{""street"": ""3998 Bond Land"", ""city"": ""North Aprilton"", ""country"": ""Malaysia"", ""is_primary"": false}]","{""age"": 31, ""department"": ""Sales"", ""salary"": 145743.78, ""skills"": [""Armed forces technical officer"", ""Quality manager"", ""Chief of Staff"", ""Data scientist""]}","[{""type"": ""view"", ""timestamp"": ""2025-02-03T16:53:12""}, {""type"": ""view"", ""timestamp"": ""2025-06-11T17:20:02""}, {""type"": ""view"", ""timestamp"": ""2025-09-27T00:58:59""}]"
91,Benjamin Hammond,benjaminharrell@example.com,"[""actually"", ""left"", ""quickly"", ""camera""]","[{""street"": ""184 Stephen Walks"", ""city"": ""Kirkland"", ""country"": ""Jersey"", ""is_primary"": false}]","{""age"": 55, ""department"": ""Sales"", ""salary"": 132380.95, ""skills"": [""Designer, industrial/product"", ""Psychotherapist"", ""Stage manager"", ""Arts administrator""]}","[{""type"": ""login"", ""timestamp"": ""2025-09-03T00:57:20""}, {""type"": ""edit"", ""timestamp"": ""2025-10-28T01:51:10""}]"
92,Edward Costa,porterdonna@example.com,"[""chair"", ""company"", ""seek"", ""through"", ""them""]","[{""street"": ""4509 Travis Estate Apt. 158"", ""city"": ""South Miguel"", ""country"": ""Nepal"", ""is_primary"": true}, {""street"": ""41204 Joshua Alley Suite 343"", ""city"": ""South Rachel"", ""country"": ""Cook Islands"", ""is_primary"": true}, {""street"": ""0415 Boyd Springs"", ""city"": ""Reynoldshaven"", ""country"": ""Liberia"", ""is_primary"": true}]","{""age"": 28, ""department"": ""Marketing"", ""salary"": 38155.18, ""skills"": [""Engineer, structural"", ""Public librarian""]}","[{""type"": ""purchase"", ""amount"": 444.36, ""currency"": ""GBP""}, {""type"": ""edit"", ""timestamp"": ""2025-07-12T05:59:09""}, {""type"": ""login"", ""timestamp"": ""2025-10-27T11:35:33""}]"
93,Candace Greene,oshields@example.org,"[""laugh"", ""officer""]","[{""street"": ""69029 Kevin Road"", ""city"": ""North Timothyton"", ""country"": ""Mozambique"", ""is_primary"": true}, {""street"": ""01920 Mary Lodge"", ""city"": ""Port Larry"", ""country"": ""Central African Republic"", ""is_primary"": true}, {""street"": ""48258 Dawn Terrace Suite 954"", ""city"": ""East Steven"", ""country"": ""Macao"", ""is_primary"": false}]","{""age"": 79, ""department"": ""Sales"", ""salary"": 74508.69, ""skills"": [""Dance movement psychotherapist"", ""Building services engineer""]}","[{""type"": ""login"", ""timestamp"": ""2025-05-18T09:00:28""}, {""type"": ""login"", ""timestamp"": ""2025-08-18T08:18:15""}]"
94,David Wallace,lucasbrown@example.com,"[""something"", ""be""]","[{""street"": ""33848 Annette Rapid"", ""city"": ""Courtneyland"", ""country"": ""Wallis and Futuna"", ""is_primary"": true}, {""street"": ""78124 Kathleen Estates Suite 173"", ""city"": ""Aliland"", ""country"": ""Norfolk Island"", ""is_primary"": true}, {""street"": ""083 Samantha Manors"", ""city"": ""Greenberg"", ""country"": ""Mozambique"", ""is_primary"": false}]","{""age"": 65, ""department"": ""Engineering"", ""salary"": 147830.77, ""skills"": [""Administrator, charities/voluntary organisations"", ""Furniture designer""]}","[{""type"": ""edit"", ""timestamp"": ""2025-01-15T16:50:34""}, {""type"": ""edit"", ""timestamp"": ""2025-07-20T04:58:23""}, {""type"": ""purchase"", ""amount"": 946.04, ""currency"": ""GBP""}]"
95,Manuel Brown,aprilwatson@example.net,"[""yet"", ""once"", ""ask""]","[{""street"": ""06411 Antonio Way"", ""city"": ""North Scottburgh"", ""country"": ""Lithuania"", ""is_primary"": false}, {""street"": ""251 Joseph Estate Suite 417"", ""city"": ""Fostermouth"", ""country"": ""Ireland"", ""is_primary"": true}, {""street"": ""1856 Laura Island Apt. 248"", ""city"": ""West Kelly"", ""country"": ""Romania"", ""is_primary"": false}]","{""age"": 69, ""department"": ""Sales"", ""salary"": 133993.76, ""skills"": [""Careers adviser"", ""Conservation officer, historic buildings"", ""Hydrographic surveyor""]}","[{""type"": ""purchase"", ""amount"": 348.46, ""currency"": ""EUR""}, {""type"": ""purchase"", ""amount"": 117.8, ""currency"": ""GBP""}]"
96,Michelle Smith,ehebert@example.org,"[""office"", ""last""]","[{""street"": ""979 Mcdonald Vista Suite 820"", ""city"": ""Bethburgh"", ""country"": ""Guam"", ""is_primary"": false}, {""street"": ""81922 Lori Mountain"", ""city"": ""Port Rachaelburgh"", ""country"": ""Ireland"", ""is_primary"": false}]","{""age"": 57, ""department"": ""Engineering"", ""salary"": 141061.26, ""skills"": [""Social researcher""]}","[{""type"": ""view"", ""timestamp"": ""2025-09-17T00:09:32""}, {""type"": ""login"", ""timestamp"": ""2025-10-03T14:21:40""}, {""type"": ""edit"", ""timestamp"": ""2025-04-14T07:58:06""}]"
97,Patricia Aguilar,hstanley@example.net,"[""trouble"", ""century"", ""second"", ""likely""]","[{""street"": ""7506 Pham Center Suite 549"", ""city"": ""Lindamouth"", ""country"": ""Sao Tome and Principe"", ""is_primary"": false}, {""street"": ""36348 Wilson Springs Suite 234"", ""city"": ""South Christina"", ""country"": ""Bermuda"", ""is_primary"": false}]","{""age"": 53, ""department"": ""Marketing"", ""salary"": 137737.12, ""skills"": [""Theme park manager"", ""Geologist, engineering"", ""Ranger/warden"", ""Accountant, chartered public finance""]}",[]
98,Jason Campbell,rayamy@example.com,"[""story"", ""process"", ""maintain"", ""decade""]","[{""street"": ""20198 Joshua Mountains"", ""city"": ""Lake Colin"", ""country"": ""Colombia"", ""is_primary"": true}, {""street"": ""2111 Robert Mews"", ""city"": ""Lake Patriciashire"", ""country"": ""Ireland"", ""is_primary"": true}]","{""age"": 68, ""department"": ""Finance"", ""salary"": 125172.51, ""skills"": [""Applications developer"", ""Radiation protection practitioner"", ""Airline pilot"", ""Regulatory affairs officer""]}","[{""type"": ""edit"", ""timestamp"": ""2025-09-27T22:47:51""}, {""type"": ""view"", ""timestamp"": ""2025-05-07T19:57:08""}, {""type"": ""view"", ""timestamp"": ""2025-03-16T08:21:51""}]"
99,Vicki Cruz,susan32@example.com,"[""doctor"", ""our"", ""wish"", ""affect""]","[{""street"": ""8163 Whitney Islands"", ""city"": ""West Laurafort"", ""country"": ""Jersey"", ""is_primary"": false}, {""street"": ""34178 Zachary Station Apt. 777"", ""city"": ""Lake Paigeton"", ""country"": ""Congo"", ""is_primary"": false}]","{""age"": 79, ""department"": ""Engineering"", ""salary"": 138129.89, ""skills"": [""Environmental consultant"", ""Health physicist"", ""Actor"", ""Therapist, speech and language""]}","[{""type"": ""view"", ""timestamp"": ""2025-03-01T22:30:25""}]"
100,Michelle Wang,ljohnson@example.org,"[""us"", ""provide"", ""method"", ""treatment""]","[{""street"": ""18711 Costa Tunnel Suite 250"", ""city"": ""Evansmouth"", ""country"": ""Tajikistan"", ""is_primary"": true}]","{""age"": 59, ""department"": ""Marketing"", ""salary"": 134930.86, ""skills"": [""Higher education careers adviser""]}","[{""type"": ""login"", ""timestamp"": ""2025-07-26T18:35:14""}, {""type"": ""view"", ""timestamp"": ""2025-06-29T13:57:32""}]"
101,Frederick Ramirez,amanda46@example.org,"[""could"", ""team"", ""list"", ""market"", ""field""]","[{""street"": ""826 Stephen Crossroad Suite 096"", ""city"": ""East Matthew"", ""country"": ""United States of America"", ""is_primary"": true}, {""street"": ""1092 Glover Circles"", ""city"": ""Millerburgh"", ""country"": ""Montserrat"", ""is_primary"": false}]","{""age"": 80, ""department"": ""Sales"", ""salary"": 106696.12, ""skills"": [""Engineer, production""]}","[{""type"": ""edit"", ""timestamp"": ""2025-04-21T11:09:50""}, {""type"": ""view"", ""timestamp"": ""2025-07-01T14:14:31""}, {""type"": ""purchase"", ""amount"": 506.67, ""currency"": ""USD""}]"
102,Mark Perez,gary54@example.com,"[""add"", ""describe""]","[{""street"": ""72232 Hansen Ports"", ""city"": ""Washingtonmouth"", ""country"": ""Gambia"", ""is_primary"": false}, {""street"": ""38296 Tyler Landing"", ""city"": ""Buchananside"", ""country"": ""Azerbaijan"", ""is_primary"": false}, {""street"": ""97465 Baker Islands Apt. 739"", ""city"": ""East Dorothy"", ""country"": ""Swaziland"", ""is_primary"": true}]","{""age"": 42, ""department"": ""Sales"", ""salary"": 53593.58, ""skills"": [""Passenger transport manager"", ""Clinical psychologist""]}",[]
103,Audrey Jackson,michael20@example.net,"[""economy"", ""east""]","[{""street"": ""2942 Monica Unions"", ""city"": ""Tateside"", ""country"": ""Solomon Islands"", ""is_primary"": true}, {""street"": ""29210 Gross Roads"", ""city"": ""Duncanville"", ""country"": ""Pitcairn Islands"", ""is_primary"": true}]","{""age"": 61, ""department"": ""Sales"", ""salary"": 81634.74, ""skills"": [""Contractor""]}","[{""type"": ""edit"", ""timestamp"": ""2025-01-31T15:59:27""}, {""type"": ""purchase"", ""amount"": 49.31, ""currency"": ""USD""}, {""type"": ""edit"", ""timestamp"": ""2025-04-06T15:58:55""}]"
104,Charles Kelly,iknight@example.com,"[""herself"", ""receive""]","[{""street"": ""7678 Cynthia Bridge"", ""city"": ""North Elizabeth"", ""country"": ""Argentina"", ""is_primary"": true}, {""street"": ""525 Pearson Mews Apt. 439"", ""city"": ""Jessicaton"", ""country"": ""El Salvador"", ""is_primary"": false}, {""street"": ""291 Melissa Road Apt. 254"", ""city"": ""West Shawn"", ""country"": ""Togo"", ""is_primary"": true}]","{""age"": 31, ""department"": ""Engineering"", ""salary"": 73006.38, ""skills"": [""Scientist, research (physical sciences)"", ""Therapeutic radiographer"", ""Metallurgist"", ""Analytical chemist""]}","[{""type"": ""view"", ""timestamp"": ""2025-09-06T17:27:27""}, {""type"": ""login"", ""timestamp"": ""2025-06-14T10:42:07""}]"
105,Ashley Thomas,ryanspencer@example.net,"[""how"", ""information""]","[{""street"": ""0979 Jorge Hills Suite 503"", ""city"": ""Julieton"", ""country"": ""Sierra Leone"", ""is_primary"": false}, {""street"": ""992 Mario Mount Apt. 567"", ""city"": ""Woodsborough"", ""country"": ""Montenegro"", ""is_primary"": true}, {""street"": ""42163 Wilkins Ramp Suite 033"", ""city"": ""New Daniel"", ""country"": ""Swaziland"", ""is_primary"": true}]","{""age"": 18, ""department"": ""Engineering"", ""salary"": 109492.58, ""skills"": [""Product/process development scientist"", ""Insurance risk surveyor""]}","[{""type"": ""edit"", ""timestamp"": ""2025-08-19T20:18:34""}, {""type"": ""purchase"", ""amount"": 856.86, ""currency"": ""GBP""}, {""type"": ""edit"", ""timestamp"": ""2025-01-17T03:16:11""}]"
106,Shawn Johnson,julie58@example.com,"[""like"", ""business"", ""project"", ""training""]","[{""street"": ""654 Heather Hollow"", ""city"": ""East Aliciaborough"", ""country"": ""Angola"", ""is_primary"": false}, {""street"": ""900 Ortiz Extension Suite 329"", ""city"": ""Hollybury"", ""country"": ""United Kingdom"", ""is_primary"": true}, {""street"": ""415 Farrell Harbor Suite 702"", ""city"": ""Graceport"", ""country"": ""Iraq"", ""is_primary"": false}]","{""age"": 31, ""department"": ""Finance"", ""salary"": 135017.47, ""skills"": [""Petroleum engineer"", ""Hydrologist"", ""Occupational hygienist"", ""Civil engineer, consulting""]}","[{""type"": ""purchase"", ""amount"": 959.66, ""currency"": ""EUR""}]"
107,Tina Sherman,smartin@example.com,"[""cultural"", ""someone"", ""positive"", ""music""]","[{""street"": ""272 Matthew Circles Suite 891"", ""city"": ""Gonzalezton"", ""country"": ""Gambia"", ""is_primary"": false}, {""street"": ""09792 Tommy Lights Apt. 444"", ""city"": ""Lake John"", ""country"": ""Montenegro"", ""is_primary"": true}]","{""age"": 27, ""department"": ""HR"", ""salary"": 108964.88, ""skills"": [""Advertising copywriter"", ""Technical brewer"", ""Engineer, electronics"", ""Armed forces training and education officer""]}","[{""type"": ""purchase"", ""amount"": 748.58, ""currency"": ""USD""}]"
108,Elizabeth Green,lnichols@example.org,"[""until"", ""cultural"", ""two"", ""evening"", ""town""]","[{""street"": ""9204 Kelsey Underpass Apt. 168"", ""city"": ""East Gailborough"", ""country"": ""Saint Barthelemy"", ""is_primary"": true}]","{""age"": 74, ""department"": ""Marketing"", ""salary"": 128700.87, ""skills"": [""Tour manager""]}","[{""type"": ""login"", ""timestamp"": ""2025-01-22T15:39:18""}]"
109,Francisco Brown,natalie52@example.com,"[""allow"", ""you""]","[{""street"": ""22826 Garza Course"", ""city"": ""Port Jamesborough"", ""country"": ""Palestinian Territory"", ""is_primary"": true}, {""street"": ""770 Stephanie Keys Suite 746"", ""city"": ""West Kaitlyn"", ""country"": ""Cape Verde"", ""is_primary"": false}]","{""age"": 21, ""department"": ""Marketing"", ""salary"": 132009.46, ""skills"": [""Development worker, international aid"", ""Television production assistant"", ""Chartered accountant"", ""Leisure centre manager""]}","[{""type"": ""view"", ""timestamp"": ""2025-04-13T23:24:02""}, {""type"": ""purchase"", ""amount"": 19.99, ""currency"": ""EUR""}, {""type"": ""edit"", ""timestamp"": ""2025-02-10T02:33:43""}]"
110,Richard Moore,kennethmccall@example.net,"[""great"", ""first""]","[{""street"": ""740 Micheal Spring Apt. 533"", ""city"": ""Ryanport"", ""country"": ""Uzbekistan"", ""is_primary"": true}, {""street"": ""81901 Watts Highway Apt. 812"", ""city"": ""West Janetchester"", ""country"": ""Saudi Arabia"", ""is_primary"": true}, {""street"": ""8199 Christine Station"", ""city"": ""Port Becky"", ""country"": ""Kazakhstan"", ""is_primary"": true}]","{""age"": 72, ""department"": ""HR"", ""salary"": 31046.29, ""skills"": [""Trade mark attorney""]}",[]
111,John Palmer,wilsonsteven@example.com,"[""goal"", ""wife""]","[{""street"": ""4878 David Plain Suite 218"", ""city"": ""Mooreside"", ""country"": ""Angola"", ""is_primary"": false}, {""street"": ""17205 Snyder Union"", ""city"": ""East Candaceburgh"", ""country"": ""Cote d'Ivoire"", ""is_primary"": false}, {""street"": ""0298 Baker Garden"", ""city"": ""North Jamesshire"", ""country"": ""Bosnia and Herzegovina"", ""is_primary"": false}]","{""age"": 28, ""department"": ""Engineering"", ""salary"": 111757.95, ""skills"": [""Barrister's clerk"", ""Statistician"", ""Haematologist""]}",[]
112,Melanie Hunt,drivers@example.com,"[""fund"", ""mouth"", ""government""]","[{""street"": ""0993 Marc Springs"", ""city"": ""East Aliceburgh"", ""country"": ""San Marino"", ""is_primary"": false}, {""street"": ""004 Johnson Rapids Apt. 394"", ""city"": ""Thomasbury"", ""country"": ""Gibraltar"", ""is_primary"": true}, {""street"": ""722 Alejandra Common Apt. 222"", ""city"": ""Hayeshaven"", ""country"": ""Algeria"", ""is_primary"": false}]","{""age"": 57, ""department"": ""Finance"", ""salary"": 137555.24, ""skills"": [""Copy"", ""Surveyor, rural practice""]}","[{""type"": ""login"", ""timestamp"": ""2025-01-09T13:03:59""}]"
113,Kelly Watson,smithmary@example.org,"[""grow"", ""break"", ""thousand""]","[{""street"": ""4699 Erica Alley Apt. 215"", ""city"": ""West Pamelafurt"", ""country"": ""Hungary"", ""is_primary"": false}, {""street"": ""70181 Peck Shoals Apt. 843"", ""city"": ""Port Vicki"", ""country"": ""Macao"", ""is_primary"": false}]","{""age"": 40, ""department"": ""Sales"", ""salary"": 110878.9, ""skills"": [""Logistics and distribution manager"", ""Translator"", ""Personal assistant"", ""Engineer, aeronautical""]}","[{""type"": ""purchase"", ""amount"": 597.91, ""currency"": ""EUR""}]"
114,Melissa Bennett,dblankenship@example.com,"[""piece"", ""Republican""]","[{""street"": ""06160 Jones Road Apt. 386"", ""city"": ""Davidfurt"", ""country"": ""Slovenia"", ""is_primary"": false}]","{""age"": 63, ""department"": ""Marketing"", ""salary"": 88361.95, ""skills"": [""Television/film/video producer"", ""Engineer, electrical""]}",[]
115,April Rivera,stevensmichael@example.org,"[""whatever"", ""evening"", ""stage"", ""current""]","[{""street"": ""945 Alan Keys"", ""city"": ""Willishaven"", ""country"": ""Mozambique"", ""is_primary"": true}, {""street"": ""03065 Steele Unions Suite 220"", ""city"": ""Steventown"", ""country"": ""Cote d'Ivoire"", ""is_primary"": true}]","{""age"": 74, ""department"": ""HR"", ""salary"": 61547.42, ""skills"": [""Editor, commissioning"", ""Make"", ""Producer, television/film/video""]}","[{""type"": ""edit"", ""timestamp"": ""2025-07-10T19:19:37""}]"
116,Kim Fowler,shawn99@example.com,"[""education"", ""seat"", ""eight"", ""final"", ""television""]","[{""street"": ""03797 Jason Streets"", ""city"": ""Lake Amberport"", ""country"": ""Belarus"", ""is_primary"": false}, {""street"": ""67099 Andrea Spring Apt. 758"", ""city"": ""Cassandraland"", ""country"": ""Mauritania"", ""is_primary"": false}, {""street"": ""30721 Cory Centers Apt. 633"", ""city"": ""East Sara"", ""country"": ""Peru"", ""is_primary"": true}]","{""age"": 44, ""department"": ""Sales"", ""salary"": 33453.45, ""skills"": [""Tax adviser"", ""Building control surveyor"", ""Higher education careers adviser"", ""Audiological scientist""]}","[{""type"": ""purchase"", ""amount"": 646.71, ""currency"": ""USD""}, {""type"": ""login"", ""timestamp"": ""2025-05-23T00:54:22""}]"
117,Brian Dean,johnsonkyle@example.net,"[""prove"", ""get""]","[{""street"": ""29902 Donald View Suite 801"", ""city"": ""Lake Anthony"", ""country"": ""Philippines"", ""is_primary"": false}, {""street"": ""89007 Weaver Gardens Apt. 465"", ""city"": ""West Teresa"", ""country"": ""Brazil"", ""is_primary"": true}]","{""age"": 26, ""department"": ""Sales"", ""salary"": 66751.14, ""skills"": [""Licensed conveyancer"", ""Drilling engineer""]}","[{""type"": ""edit"", ""timestamp"": ""2025-05-24T21:37:36""}, {""type"": ""edit"", ""timestamp"": ""2025-04-24T06:29:12""}]"
118,Susan Brown,clarkmike@example.com,"[""commercial"", ""central""]","[{""street"": ""07823 Cain Bypass Apt. 295"", ""city"": ""New Ronaldside"", ""country"": ""Australia"", ""is_primary"": true}, {""street"": ""33109 Perez Lake Suite 079"", ""city"": ""Harrisbury"", ""country"": ""New Caledonia"", ""is_primary"": false}]","{""age"": 57, ""department"": ""Engineering"", ""salary"": 64382.33, ""skills"": [""Programmer, applications"", ""Public affairs consultant""]}","[{""type"": ""view"", ""timestamp"": ""2025-09-28T17:56:26""}, {""type"": ""login"", ""timestamp"": ""2025-06-12T03:14:16""}, {""type"": ""login"", ""timestamp"": ""2025-09-28T02:24:10""}]"
119,Ronald Wagner,cooperruben@example.net,"[""professor"", ""quality"", ""report""]","[{""street"": ""55267 Perry Bypass"", ""city"": ""Robinsonbury"", ""country"": ""Russian Federation"", ""is_primary"": true}, {""street"": ""2452 Jorge Plains"", ""city"": ""East Sarahhaven"", ""country"": ""Malta"", ""is_primary"": false}, {""street"": ""4435 Thomas Rest Apt. 495"", ""city"": ""Lake Jason"", ""country"": ""Pakistan"", ""is_primary"": true}]","{""age"": 77, ""department"": ""Sales"", ""salary"": 108127.99, ""skills"": [""Child psychotherapist"", ""Gaffer""]}","[{""type"": ""view"", ""timestamp"": ""2025-03-08T01:48:20""}, {""type"": ""edit"", ""timestamp"": ""2025-09-08T23:38:43""}]"
120,Harold Miller,ogomez@example.net,"[""trade"", ""medical""]","[{""street"": ""896 David Fall"", ""city"": ""Robertshire"", ""country"": ""Kiribati"", ""is_primary"": false}, {""street"": ""0476 Wanda Land"", ""city"": ""Gregorychester"", ""country"": ""Saint Vincent and the Grenadines"", ""is_primary"": false}]","{""age"": 76, ""department"": ""HR"", ""salary"": 144013.0, ""skills"": [""Restaurant manager, fast food""]}","[{""type"": ""purchase"", ""amount"": 967.16, ""currency"": ""USD""}, {""type"": ""login"", ""timestamp"": ""2025-10-19T06:36:13""}, {""type"": ""purchase"", ""amount"": 639.06, ""currency"": ""USD""}]"
121,Michelle Ray,jonesbradley@example.org,"[""head"", ""two"", ""too"", ""adult"", ""north""]","[{""street"": ""48536 Moore Skyway Suite 017"", ""city"": ""South Davidland"", ""country"": ""China"", ""is_primary"": true}, {""street"": ""50176 Ellis Cape Apt. 236"", ""city"": ""West Dariusport"", ""country"": ""Senegal"", ""is_primary"": false}]","{""age"": 35, ""department"": ""Marketing"", ""salary"": 140194.22, ""skills"": [""Production manager"", ""Data scientist""]}",[]
122,Pamela Vasquez,arobinson@example.net,"[""media"", ""few"", ""itself""]","[{""street"": ""080 Sanders Shoal"", ""city"": ""Port Michelleburgh"", ""country"": ""Timor-Leste"", ""is_primary"": true}, {""street"": ""306 Michael Meadows"", ""city"": ""Lake Amandastad"", ""country"": ""Russian Federation"", ""is_primary"": false}, {""street"": ""91687 Church Springs Apt. 560"", ""city"": ""Michaelton"", ""country"": ""Libyan Arab Jamahiriya"", ""is_primary"": true}]","{""age"": 22, ""department"": ""Engineering"", ""salary"": 41207.03, ""skills"": [""Public librarian"", ""Youth worker""]}","[{""type"": ""edit"", ""timestamp"": ""2025-04-19T14:28:57""}, {""type"": ""edit"", ""timestamp"": ""2025-05-08T08:26:27""}, {""type"": ""login"", ""timestamp"": ""2025-03-05T01:21:52""}]"
123,Joshua Alexander,pboyle@example.net,"[""probably"", ""player"", ""sure"", ""send""]","[{""street"": ""81750 Garcia Meadow Apt. 797"", ""city"": ""Campbellchester"", ""country"": ""Azerbaijan"", ""is_primary"": false}, {""street"": ""912 Wilson Stravenue"", ""city"": ""West Matthew"", ""country"": ""Kazakhstan"", ""is_primary"": false}]","{""age"": 35, ""department"": ""Finance"", ""salary"": 146906.35, ""skills"": [""Air traffic controller"", ""Buyer, industrial"", ""Telecommunications researcher"", ""Colour technologist""]}","[{""type"": ""edit"", ""timestamp"": ""2025-09-28T00:18:43""}, {""type"": ""login"", ""timestamp"": ""2025-08-14T14:33:17""}, {""type"": ""login"", ""timestamp"": ""2025-01-13T20:24:42""}]"
124,Patricia Hunter,ecoleman@example.org,"[""little"", ""save""]","[{""street"": ""4378 Henderson Parkways"", ""city"": ""Lake Marthachester"", ""country"": ""Montserrat"", ""is_primary"": true}]","{""age"": 76, ""department"": ""Finance"", ""salary"": 92894.85, ""skills"": [""Barista"", ""Therapeutic radiographer""]}",[]
125,Ian Anderson,haynesstephanie@example.net,"[""financial"", ""identify"", ""life"", ""character"", ""expect""]","[{""street"": ""13732 Mills Spring"", ""city"": ""Lake Brianborough"", ""country"": ""French Polynesia"", ""is_primary"": false}, {""street"": ""61283 Ramirez Stravenue Suite 468"", ""city"": ""North Ryan"", ""country"": ""Western Sahara"", ""is_primary"": false}, {""street"": ""701 Daniel Manors Suite 399"", ""city"": ""Port Danaland"", ""country"": ""United States Virgin Islands"", ""is_primary"": true}]","{""age"": 58, ""department"": ""Sales"", ""salary"": 147459.6, ""skills"": [""Geologist, engineering"", ""Designer, exhibition/display"", ""Soil scientist"", ""Armed forces training and education officer""]}","[{""type"": ""login"", ""timestamp"": ""2025-06-05T18:25:46""}, {""type"": ""login"", ""timestamp"": ""2025-09-10T06:18:33""}, {""type"": ""login"", ""timestamp"": ""2025-08-14T11:55:57""}]"
126,Austin Wise,kimberly22@example.com,"[""house"", ""person"", ""among"", ""six""]","[{""street"": ""1127 Mckinney Viaduct"", ""city"": ""East Jamesbury"", ""country"": ""Gabon"", ""is_primary"": false}, {""street"": ""86591 Sara Inlet"", ""city"": ""Shannonville"", ""country"": ""Aruba"", ""is_primary"": false}]","{""age"": 73, ""department"": ""HR"", ""salary"": 48177.22, ""skills"": [""Marketing executive"", ""Teacher, adult education"", ""Financial trader""]}","[{""type"": ""login"", ""timestamp"": ""2025-07-10T02:35:45""}]"
127,Julian Robinson,karen77@example.com,"[""art"", ""visit"", ""fire"", ""trade""]","[{""street"": ""77243 Wolfe Greens"", ""city"": ""Jasonburgh"", ""country"": ""Czech Republic"", ""is_primary"": true}, {""street"": ""860 Long Ways"", ""city"": ""Richmondchester"", ""country"": ""Guernsey"", ""is_primary"": true}]","{""age"": 68, ""department"": ""Sales"", ""salary"": 74726.43, ""skills"": [""Fish farm manager""]}","[{""type"": ""purchase"", ""amount"": 65.11, ""currency"": ""EUR""}, {""type"": ""view"", ""timestamp"": ""2025-03-19T09:50:41""}, {""type"": ""purchase"", ""amount"": 967.89, ""currency"": ""USD""}]"
128,William Roth,dschwartz@example.net,"[""game"", ""season""]","[{""street"": ""594 Johnson Circle"", ""city"": ""Port Marciahaven"", ""country"": ""Guam"", ""is_primary"": true}, {""street"": ""56502 Green Street"", ""city"": ""New Debra"", ""country"": ""Tonga"", ""is_primary"": true}, {""street"": ""1662 Clark Glen Suite 732"", ""city"": ""Port Alison"", ""country"": ""Greenland"", ""is_primary"": true}]","{""age"": 73, ""department"": ""HR"", ""salary"": 52412.36, ""skills"": [""Glass blower/designer"", ""Applications developer"", ""Scientist, audiological"", ""Barrister's clerk""]}","[{""type"": ""login"", ""timestamp"": ""2025-08-18T01:43:25""}]"
129,Shelley Allen,johnathan18@example.net,"[""nature"", ""project""]","[{""street"": ""796 Susan Causeway"", ""city"": ""Shepherdside"", ""country"": ""Samoa"", ""is_primary"": false}, {""street"": ""64772 Stacey Canyon Suite 506"", ""city"": ""North Sherryside"", ""country"": ""Iran"", ""is_primary"": true}, {""street"": ""32932 Matthews Orchard Suite 034"", ""city"": ""Port Jennifer"", ""country"": ""Faroe Islands"", ""is_primary"": true}]","{""age"": 71, ""department"": ""Sales"", ""salary"": 143759.48, ""skills"": [""Engineer, broadcasting (operations)"", ""Solicitor, Scotland"", ""Designer, fashion/clothing"", ""Geochemist""]}","[{""type"": ""view"", ""timestamp"": ""2025-03-11T17:17:09""}]"
130,Larry Reilly,ifox@example.net,"[""since"", ""election"", ""anyone""]","[{""street"": ""604 Hill Circle"", ""city"": ""North Arthur"", ""country"": ""Iraq"", ""is_primary"": false}]","{""age"": 53, ""department"": ""Engineering"", ""salary"": 84653.27, ""skills"": [""Research scientist (medical)"", ""Occupational hygienist"", ""Chartered loss adjuster""]}","[{""type"": ""purchase"", ""amount"": 272.16, ""currency"": ""EUR""}, {""type"": ""view"", ""timestamp"": ""2025-05-28T01:42:33""}]"
131,Alejandro Fitzpatrick,msavage@example.net,"[""piece"", ""fear""]","[{""street"": ""24466 Gibson Crossroad Apt. 316"", ""city"": ""Port Oscar"", ""country"": ""Saint Lucia"", ""is_primary"": false}, {""street"": ""62007 Acosta Courts Apt. 369"", ""city"": ""Lake George"", ""country"": ""Mexico"", ""is_primary"": false}, {""street"": ""925 Michael Dale"", ""city"": ""Jamesberg"", ""country"": ""Reunion"", ""is_primary"": false}]","{""age"": 35, ""department"": ""Sales"", ""salary"": 84775.65, ""skills"": [""Chiropodist"", ""Equities trader"", ""Press sub"", ""Garment/textile technologist""]}","[{""type"": ""edit"", ""timestamp"": ""2025-10-03T10:16:30""}, {""type"": ""view"", ""timestamp"": ""2025-10-05T19:47:53""}, {""type"": ""edit"", ""timestamp"": ""2025-09-20T00:40:42""}]"
132,Alyssa Garcia,ugamble@example.com,"[""push"", ""keep""]","[{""street"": ""302 Joseph Shoal"", ""city"": ""Lake Regina"", ""country"": ""Congo"", ""is_primary"": false}, {""street"": ""488 Rodriguez Junction"", ""city"": ""North Dawn"", ""country"": ""United Arab Emirates"", ""is_primary"": true}]","{""age"": 29, ""department"": ""HR"", ""salary"": 59561.8, ""skills"": [""Psychologist, educational"", ""Field seismologist""]}","[{""type"": ""edit"", ""timestamp"": ""2025-08-03T14:34:23""}]"
133,Howard Rodriguez,mary91@example.net,"[""different"", ""sing"", ""current"", ""whole"", ""heart""]","[{""street"": ""231 Gerald Plains Suite 505"", ""city"": ""Derekmouth"", ""country"": ""Croatia"", ""is_primary"": false}, {""street"": ""8026 Joshua Branch Suite 081"", ""city"": ""Stephaniemouth"", ""country"": ""Slovenia"", ""is_primary"": true}, {""street"": ""27921 Gregory Mews Suite 766"", ""city"": ""Woodwardshire"", ""country"": ""Kuwait"", ""is_primary"": true}]","{""age"": 59, ""department"": ""Engineering"", ""salary"": 104462.89, ""skills"": [""Engineer, broadcasting (operations)""]}",[]
134,Clifford Fisher,kschroeder@example.org,"[""onto"", ""society"", ""through"", ""staff"", ""success""]","[{""street"": ""528 Alvarez Drive"", ""city"": ""East Heather"", ""country"": ""Portugal"", ""is_primary"": false}]","{""age"": 74, ""department"": ""Sales"", ""salary"": 95241.69, ""skills"": [""Furniture designer"", ""Counselling psychologist"", ""Optician, dispensing""]}","[{""type"": ""login"", ""timestamp"": ""2025-07-28T16:07:43""}, {""type"": ""view"", ""timestamp"": ""2025-05-19T21:32:08""}]"
135,Tiffany Long,udiaz@example.com,"[""else"", ""discussion"", ""economic""]","[{""street"": ""4706 Jennifer Highway"", ""city"": ""New Catherine"", ""country"": ""Kuwait"", ""is_primary"": false}, {""street"": ""96617 Diana Stravenue"", ""city"": ""Lewisburgh"", ""country"": ""Syrian Arab Republic"", ""is_primary"": false}]","{""age"": 43, ""department"": ""HR"", ""salary"": 103638.36, ""skills"": [""Police officer"", ""Journalist, magazine"", ""Paediatric nurse""]}","[{""type"": ""login"", ""timestamp"": ""2025-07-06T04:08:30""}]"
136,Carl Anderson,nathanmartin@example.com,"[""often"", ""nice"", ""carry""]","[{""street"": ""115 Taylor Trafficway"", ""city"": ""South Shaunchester"", ""country"": ""Pitcairn Islands"", ""is_primary"": false}, {""street"": ""633 Alexandra Grove Suite 900"", ""city"": ""Jacksonberg"", ""country"": ""Saint Martin"", ""is_primary"": true}, {""street"": ""92612 Alicia Harbor"", ""city"": ""North Teresafort"", ""country"": ""Switzerland"", ""is_primary"": true}]","{""age"": 62, ""department"": ""Engineering"", ""salary"": 111569.13, ""skills"": [""Technical author"", ""Historic buildings inspector/conservation officer"", ""Chief Financial Officer"", ""Production assistant, television""]}",[]
137,Xavier Walker,sswanson@example.com,"[""college"", ""nor""]","[{""street"": ""63943 Gutierrez Inlet"", ""city"": ""Lesterfort"", ""country"": ""Papua New Guinea"", ""is_primary"": true}, {""street"": ""83702 Francis Causeway"", ""city"": ""Erinton"", ""country"": ""Djibouti"", ""is_primary"": false}]","{""age"": 25, ""department"": ""Marketing"", ""salary"": 122063.89, ""skills"": [""Film/video editor"", ""Conservator, museum/gallery"", ""Oceanographer""]}","[{""type"": ""login"", ""timestamp"": ""2025-02-01T19:19:59""}]"
138,Victoria Malone,icohen@example.net,"[""teacher"", ""certain""]","[{""street"": ""05888 Christopher Trail"", ""city"": ""New Richardchester"", ""country"": ""Singapore"", ""is_primary"": false}]","{""age"": 78, ""department"": ""HR"", ""salary"": 87905.25, ""skills"": [""Sales professional, IT"", ""Geneticist, molecular"", ""Comptroller""]}","[{""type"": ""login"", ""timestamp"": ""2025-03-08T11:23:25""}]"
139,Francisco Watkins,vpreston@example.com,"[""fire"", ""third"", ""too""]","[{""street"": ""150 James Crescent"", ""city"": ""North Barbara"", ""country"": ""Vanuatu"", ""is_primary"": false}, {""street"": ""39494 Rebecca Landing"", ""city"": ""Howardchester"", ""country"": ""Tonga"", ""is_primary"": true}, {""street"": ""24361 Jonathan Ports"", ""city"": ""South Phyllisstad"", ""country"": ""Norfolk Island"", ""is_primary"": true}]","{""age"": 29, ""department"": ""Marketing"", ""salary"": 130689.91, ""skills"": [""Nutritional therapist"", ""Teacher, special educational needs"", ""Theatre manager""]}",[]
140,Kristy Johnson,janetsosa@example.net,"[""air"", ""collection"", ""player"", ""seem"", ""arm""]","[{""street"": ""73454 Brooke Union"", ""city"": ""Grantmouth"", ""country"": ""New Zealand"", ""is_primary"": false}, {""street"": ""83870 Rachel Streets"", ""city"": ""Mendozaland"", ""country"": ""Australia"", ""is_primary"": false}, {""street"": ""87278 Jennifer Vista Apt. 526"", ""city"": ""Lake Lisabury"", ""country"": ""Latvia"", ""is_primary"": false}]","{""age"": 71, ""department"": ""Sales"", ""salary"": 124156.4, ""skills"": [""Multimedia programmer""]}","[{""type"": ""edit"", ""timestamp"": ""2025-07-15T08:20:10""}]"
141,Eugene Cooper,brian78@example.org,"[""dinner"", ""baby"", ""often"", ""policy"", ""eat""]","[{""street"": ""363 Pham Key Apt. 635"", ""city"": ""Elizabethton"", ""country"": ""Suriname"", ""is_primary"": true}, {""street"": ""73714 Davis Ferry Apt. 763"", ""city"": ""Jackberg"", ""country"": ""Niger"", ""is_primary"": true}]","{""age"": 34, ""department"": ""Sales"", ""salary"": 113904.45, ""skills"": [""Ergonomist"", ""Toxicologist"", ""Hospital pharmacist""]}","[{""type"": ""purchase"", ""amount"": 128.84, ""currency"": ""EUR""}, {""type"": ""purchase"", ""amount"": 884.01, ""currency"": ""USD""}]"
142,Jeremy Gomez,harpercurtis@example.org,"[""music"", ""record"", ""technology"", ""standard"", ""whose""]","[{""street"": ""54907 Nelson Street"", ""city"": ""Sarahfurt"", ""country"": ""Heard Island and McDonald Islands"", ""is_primary"": true}, {""street"": ""78235 Jennifer Fork Suite 249"", ""city"": ""Heatherfort"", ""country"": ""Bulgaria"", ""is_primary"": true}]","{""age"": 41, ""department"": ""Finance"", ""salary"": 72507.76, ""skills"": [""Accountant, chartered"", ""Audiological scientist""]}","[{""type"": ""view"", ""timestamp"": ""2025-10-12T21:07:54""}, {""type"": ""purchase"", ""amount"": 411.03, ""currency"": ""GBP""}, {""type"": ""edit"", ""timestamp"": ""2025-02-14T04:54:12""}]"
143,Joshua Lee,emily45@example.com,"[""why"", ""policy"", ""federal"", ""next"", ""story""]","[{""street"": ""531 Claudia Rest"", ""city"": ""Hillborough"", ""country"": ""Marshall Islands"", ""is_primary"": false}, {""street"": ""89832 Graham Ports"", ""city"": ""West Pamelatown"", ""country"": ""American Samoa"", ""is_primary"": false}]","{""age"": 78, ""department"": ""HR"", ""salary"": 139778.22, ""skills"": [""Technical sales engineer"", ""Electrical engineer"", ""Podiatrist""]}",[]
144,Rebecca Cameron,ramosnathaniel@example.com,"[""land"", ""sea"", ""son"", ""laugh"", ""first""]","[{""street"": ""3942 Kayla Spur Suite 153"", ""city"": ""Lake Sydneyburgh"", ""country"": ""Bermuda"", ""is_primary"": true}]","{""age"": 52, ""department"": ""Engineering"", ""salary"": 43286.41, ""skills"": [""Manufacturing engineer""]}",[]
145,Gloria Fox,econtreras@example.net,"[""social"", ""manage"", ""can"", ""daughter"", ""why""]","[{""street"": ""17844 Walker Shoal Suite 770"", ""city"": ""South Benjamin"", ""country"": ""Equatorial Guinea"", ""is_primary"": true}, {""street"": ""91887 Dustin Creek"", ""city"": ""Amyville"", ""country"": ""Finland"", ""is_primary"": true}]","{""age"": 43, ""department"": ""Marketing"", ""salary"": 99772.83, ""skills"": [""Air cabin crew"", ""Event organiser""]}",[]
146,Angela Reyes,kcobb@example.com,"[""brother"", ""I"", ""join"", ""whose"", ""tax""]","[{""street"": ""6379 Bennett Crest"", ""city"": ""Port Stacey"", ""country"": ""Zambia"", ""is_primary"": false}, {""street"": ""88079 Stacy Center"", ""city"": ""Hillville"", ""country"": ""Slovakia (Slovak Republic)"", ""is_primary"": false}]","{""age"": 77, ""department"": ""HR"", ""salary"": 68522.06, ""skills"": [""Teacher, English as a foreign language"", ""Lecturer, further education"", ""Psychiatrist"", ""Furniture designer""]}","[{""type"": ""login"", ""timestamp"": ""2025-01-20T15:30:10""}, {""type"": ""edit"", ""timestamp"": ""2025-01-29T20:12:52""}, {""type"": ""view"", ""timestamp"": ""2025-09-26T15:12:20""}]"
147,Sarah Johnson,penaashley@example.net,"[""enough"", ""material"", ""rock"", ""section"", ""pressure""]","[{""street"": ""295 Nicole Junctions"", ""city"": ""North William"", ""country"": ""Slovenia"", ""is_primary"": false}, {""street"": ""2185 Thomas Lodge Suite 322"", ""city"": ""Matthewsmouth"", ""country"": ""Uganda"", ""is_primary"": false}, {""street"": ""70842 Tracy Divide Apt. 050"", ""city"": ""Samanthachester"", ""country"": ""Zimbabwe"", ""is_primary"": false}]","{""age"": 22, ""department"": ""Sales"", ""salary"": 149406.69, ""skills"": [""Printmaker""]}","[{""type"": ""view"", ""timestamp"": ""2025-03-14T13:57:40""}, {""type"": ""login"", ""timestamp"": ""2025-05-06T22:50:52""}]"
148,Brandon Walters MD,cainkelly@example.com,"[""physical"", ""pattern""]","[{""street"": ""7427 Jay Lights"", ""city"": ""Gallegoston"", ""country"": ""Benin"", ""is_primary"": false}, {""street"": ""5228 Welch Skyway Apt. 228"", ""city"": ""Adamsfurt"", ""country"": ""Taiwan"", ""is_primary"": false}]","{""age"": 31, ""department"": ""Engineering"", ""salary"": 35122.14, ""skills"": [""Volunteer coordinator"", ""Lobbyist"", ""Recruitment consultant"", ""Animal nutritionist""]}",[]
149,Nicole Mcpherson,ksuarez@example.com,"[""part"", ""in"", ""morning"", ""offer""]","[{""street"": ""0077 Erin Well Suite 643"", ""city"": ""New Gail"", ""country"": ""Belize"", ""is_primary"": false}, {""street"": ""3872 Nathaniel Well Suite 207"", ""city"": ""East Terriberg"", ""country"": ""Seychelles"", ""is_primary"": true}, {""street"": ""67905 Huber Key Apt. 331"", ""city"": ""North Shelbyview"", ""country"": ""Cayman Islands"", ""is_primary"": false}]","{""age"": 18, ""department"": ""HR"", ""salary"": 30995.02, ""skills"": [""Historic buildings inspector/conservation officer""]}","[{""type"": ""login"", ""timestamp"": ""2025-01-11T19:22:28""}, {""type"": ""view"", ""timestamp"": ""2025-08-28T03:09:58""}]"
150,Vincent Gray,gsmith@example.com,"[""product"", ""ready""]","[{""street"": ""80169 Robinson Dam"", ""city"": ""Wendytown"", ""country"": ""Jersey"", ""is_primary"": true}, {""street"": ""184 Mcintosh Mountain Suite 246"", ""city"": ""Blackchester"", ""country"": ""North Macedonia"", ""is_primary"": true}, {""street"": ""266 Kristen Walk Suite 937"", ""city"": ""Rebeccaborough"", ""country"": ""Liechtenstein"", ""is_primary"": true}]","{""age"": 71, ""department"": ""HR"", ""salary"": 144450.12, ""skills"": [""Marine scientist"", ""Clinical scientist, histocompatibility and immunogenetics"", ""Environmental manager"", ""Customer service manager""]}","[{""type"": ""edit"", ""timestamp"": ""2025-01-28T21:34:13""}, {""type"": ""login"", ""timestamp"": ""2025-01-19T23:27:57""}]"
151,Russell Williams,xhowell@example.net,"[""exist"", ""training"", ""religious"", ""why"", ""visit""]","[{""street"": ""58491 Chan Street"", ""city"": ""East Peter"", ""country"": ""Guyana"", ""is_primary"": false}, {""street"": ""2651 Erin Spur"", ""city"": ""Crawfordport"", ""country"": ""Ecuador"", ""is_primary"": false}]","{""age"": 21, ""department"": ""Engineering"", ""salary"": 116685.55, ""skills"": [""Physicist, medical"", ""Archivist""]}","[{""type"": ""login"", ""timestamp"": ""2025-02-05T04:20:08""}, {""type"": ""purchase"", ""amount"": 137.07, ""currency"": ""USD""}]"
152,Ashley Dillon,aleonard@example.net,"[""particular"", ""skill"", ""above""]","[{""street"": ""3074 Lopez Flat"", ""city"": ""New Charles"", ""country"": ""San Marino"", ""is_primary"": true}, {""street"": ""7761 Simon Track Suite 058"", ""city"": ""West Randy"", ""country"": ""Tonga"", ""is_primary"": true}]","{""age"": 71, ""department"": ""HR"", ""salary"": 87044.12, ""skills"": [""Applications developer"", ""Scientist, water quality"", ""Civil engineer, contracting""]}","[{""type"": ""purchase"", ""amount"": 591.05, ""currency"": ""USD""}, {""type"": ""edit"", ""timestamp"": ""2025-10-18T00:32:36""}, {""type"": ""login"", ""timestamp"": ""2025-08-26T07:31:28""}]"
153,Mitchell Little,hollyflynn@example.com,"[""cover"", ""pretty"", ""themselves""]","[{""street"": ""9542 Yates Stream Suite 901"", ""city"": ""Aprilshire"", ""country"": ""British Indian Ocean Territory (Chagos Archipelago)"", ""is_primary"": true}, {""street"": ""910 Church Well"", ""city"": ""Andersonhaven"", ""country"": ""United States of America"", ""is_primary"": true}, {""street"": ""08825 Scott Groves"", ""city"": ""West Ian"", ""country"": ""Angola"", ""is_primary"": false}]","{""age"": 48, ""department"": ""Sales"", ""salary"": 113503.57, ""skills"": [""Designer, industrial/product"", ""Charity fundraiser"", ""Logistics and distribution manager""]}",[]
154,John Lewis,unichols@example.com,"[""ago"", ""direction"", ""get""]","[{""street"": ""60745 Harris Mall Suite 017"", ""city"": ""Lake Joshua"", ""country"": ""French Polynesia"", ""is_primary"": false}]","{""age"": 49, ""department"": ""Finance"", ""salary"": 92943.3, ""skills"": [""Engineer, water"", ""Merchant navy officer"", ""IT consultant""]}","[{""type"": ""purchase"", ""amount"": 280.84, ""currency"": ""EUR""}, {""type"": ""view"", ""timestamp"": ""2025-04-12T12:49:13""}, {""type"": ""edit"", ""timestamp"": ""2025-01-14T12:05:42""}]"
155,Maria Austin,bonnie60@example.net,"[""talk"", ""mouth"", ""now"", ""probably"", ""month""]","[{""street"": ""9904 Lindsey Brook Suite 184"", ""city"": ""New Carlmouth"", ""country"": ""Italy"", ""is_primary"": true}, {""street"": ""5151 Nguyen Harbor"", ""city"": ""New Pamelachester"", ""country"": ""Bolivia"", ""is_primary"": false}, {""street"": ""483 Martinez Ville"", ""city"": ""South Brianview"", ""country"": ""New Caledonia"", ""is_primary"": true}]","{""age"": 60, ""department"": ""Marketing"", ""salary"": 145979.88, ""skills"": [""Environmental education officer""]}","[{""type"": ""view"", ""timestamp"": ""2025-09-25T01:28:50""}, {""type"": ""purchase"", ""amount"": 743.67, ""currency"": ""USD""}]"
156,Mary Cooper,megan73@example.com,"[""pretty"", ""I"", ""artist"", ""rock""]","[{""street"": ""290 Samuel Well"", ""city"": ""Port Jeffery"", ""country"": ""Marshall Islands"", ""is_primary"": false}, {""street"": ""89227 Kane Land"", ""city"": ""Lyonsfurt"", ""country"": ""British Indian Ocean Territory (Chagos Archipelago)"", ""is_primary"": false}]","{""age"": 71, ""department"": ""Engineering"", ""salary"": 140692.87, ""skills"": [""Engineer, site"", ""Production manager"", ""Fashion designer""]}","[{""type"": ""view"", ""timestamp"": ""2025-06-05T05:05:55""}]"
157,Albert Spencer,francotroy@example.org,"[""research"", ""join""]","[{""street"": ""9156 Porter Views Apt. 497"", ""city"": ""New Allisonchester"", ""country"": ""Czech Republic"", ""is_primary"": false}]","{""age"": 80, ""department"": ""HR"", ""salary"": 139965.28, ""skills"": [""Chief Financial Officer"", ""Furniture conservator/restorer""]}","[{""type"": ""purchase"", ""amount"": 985.46, ""currency"": ""GBP""}, {""type"": ""edit"", ""timestamp"": ""2025-08-29T20:00:10""}]"
158,William Anderson,frazieradam@example.net,"[""example"", ""method"", ""in""]","[{""street"": ""886 Henry Locks"", ""city"": ""Libury"", ""country"": ""Bouvet Island (Bouvetoya)"", ""is_primary"": false}, {""street"": ""00067 Aaron Tunnel"", ""city"": ""Colemanfurt"", ""country"": ""Lesotho"", ""is_primary"": true}, {""street"": ""000 Clifford Streets"", ""city"": ""South Isaachaven"", ""country"": ""Burundi"", ""is_primary"": false}]","{""age"": 77, ""department"": ""Finance"", ""salary"": 50477.23, ""skills"": [""Scientist, biomedical"", ""Meteorologist"", ""Pharmacologist""]}","[{""type"": ""login"", ""timestamp"": ""2025-06-09T20:06:40""}, {""type"": ""view"", ""timestamp"": ""2025-04-22T02:20:44""}]"
159,Nathan Brown,kathleen24@example.net,"[""reason"", ""building"", ""anything"", ""magazine""]","[{""street"": ""7880 Heather Shore Apt. 917"", ""city"": ""East Matthew"", ""country"": ""Lao People's Democratic Republic"", ""is_primary"": true}]","{""age"": 75, ""department"": ""HR"", ""salary"": 121091.64, ""skills"": [""Arts administrator"", ""Advice worker""]}",[]
160,Nicole Chavez,ravenphillips@example.net,"[""one"", ""despite""]","[{""street"": ""6602 Timothy Station"", ""city"": ""Fordville"", ""country"": ""Cote d'Ivoire"", ""is_primary"": true}, {""street"": ""234 Smith Turnpike Suite 095"", ""city"": ""Natashaland"", ""country"": ""El Salvador"", ""is_primary"": false}, {""street"": ""76619 Li Harbor Apt. 582"", ""city"": ""Gregoryburgh"", ""country"": ""Christmas Island"", ""is_primary"": false}]","{""age"": 41, ""department"": ""Marketing"", ""salary"": 73074.93, ""skills"": [""Child psychotherapist"", ""Financial controller"", ""Newspaper journalist"", ""Press photographer""]}","[{""type"": ""purchase"", ""amount"": 439.31, ""currency"": ""USD""}, {""type"": ""view"", ""timestamp"": ""2025-02-02T22:01:03""}]"
161,Jared Gutierrez,brownwilliam@example.net,"[""staff"", ""sit"", ""form"", ""great""]","[{""street"": ""5185 Leslie Loaf"", ""city"": ""Brockview"", ""country"": ""Japan"", ""is_primary"": false}, {""street"": ""45200 Castaneda Course Suite 967"", ""city"": ""Angelfurt"", ""country"": ""Cuba"", ""is_primary"": false}, {""street"": ""74050 Heather Lane"", ""city"": ""Mckinneyburgh"", ""country"": ""Solomon Islands"", ""is_primary"": true}]","{""age"": 33, ""department"": ""Marketing"", ""salary"": 33176.04, ""skills"": [""Conservation officer, nature""]}","[{""type"": ""login"", ""timestamp"": ""2025-06-15T08:47:34""}]"
162,Angela Berg,villegassusan@example.net,"[""pressure"", ""official"", ""amount""]","[{""street"": ""61402 Bolton Shores"", ""city"": ""Harperfurt"", ""country"": ""Cuba"", ""is_primary"": true}, {""street"": ""17330 Sheena Alley Suite 875"", ""city"": ""East Jackland"", ""country"": ""Czech Republic"", ""is_primary"": false}, {""street"": ""83948 Garrett Forks"", ""city"": ""North Derekland"", ""country"": ""Saint Helena"", ""is_primary"": true}]","{""age"": 62, ""department"": ""HR"", ""salary"": 85815.18, ""skills"": [""Actor"", ""Community development worker""]}","[{""type"": ""view"", ""timestamp"": ""2025-03-18T11:31:03""}, {""type"": ""edit"", ""timestamp"": ""2025-06-29T21:16:34""}, {""type"": ""view"", ""timestamp"": ""2025-02-10T04:32:06""}]"
163,Susan Hudson,jamesgray@example.net,"[""very"", ""this"", ""evidence""]","[{""street"": ""93568 White Ramp"", ""city"": ""Ronaldport"", ""country"": ""Dominican Republic"", ""is_primary"": true}]","{""age"": 37, ""department"": ""Engineering"", ""salary"": 135350.15, ""skills"": [""Police officer""]}","[{""type"": ""login"", ""timestamp"": ""2025-03-09T05:07:25""}]"
164,Erin Poole,agarcia@example.net,"[""image"", ""professor""]","[{""street"": ""62779 Brian Alley"", ""city"": ""New Jennifer"", ""country"": ""Botswana"", ""is_primary"": false}, {""street"": ""981 Robert Course Suite 550"", ""city"": ""East Shawnshire"", ""country"": ""Senegal"", ""is_primary"": true}, {""street"": ""17856 Leon Roads Suite 491"", ""city"": ""Bassfort"", ""country"": ""Panama"", ""is_primary"": false}]","{""age"": 63, ""department"": ""Marketing"", ""salary"": 100258.77, ""skills"": [""Teacher, special educational needs""]}","[{""type"": ""edit"", ""timestamp"": ""2025-05-09T01:15:31""}, {""type"": ""login"", ""timestamp"": ""2025-02-24T02:10:37""}, {""type"": ""login"", ""timestamp"": ""2025-09-11T13:40:25""}]"
165,Benjamin Alexander,sreynolds@example.com,"[""follow"", ""opportunity""]","[{""street"": ""3159 Delacruz Fort"", ""city"": ""Johnsonchester"", ""country"": ""Antigua and Barbuda"", ""is_primary"": false}, {""street"": ""286 Crane Mountain Suite 218"", ""city"": ""Port Jonathanburgh"", ""country"": ""Lao People's Democratic Republic"", ""is_primary"": true}]","{""age"": 18, ""department"": ""Engineering"", ""salary"": 109256.15, ""skills"": [""Waste management officer""]}","[{""type"": ""purchase"", ""amount"": 707.89, ""currency"": ""USD""}, {""type"": ""edit"", ""timestamp"": ""2025-06-07T12:22:35""}]"
166,Kathleen Davis,elijahmitchell@example.com,"[""might"", ""nation"", ""structure"", ""before"", ""process""]","[{""street"": ""51028 Shelton Ferry"", ""city"": ""Aaronborough"", ""country"": ""Poland"", ""is_primary"": true}, {""street"": ""0758 Tina Gardens"", ""city"": ""Powellfort"", ""country"": ""Argentina"", ""is_primary"": false}, {""street"": ""2116 Samantha Islands Suite 306"", ""city"": ""Lake Stephanie"", ""country"": ""Marshall Islands"", ""is_primary"": true}]","{""age"": 37, ""department"": ""HR"", ""salary"": 144551.63, ""skills"": [""Passenger transport manager"", ""Art gallery manager"", ""Scientist, forensic"", ""Planning and development surveyor""]}","[{""type"": ""view"", ""timestamp"": ""2025-02-27T20:49:57""}, {""type"": ""login"", ""timestamp"": ""2025-03-24T05:47:13""}, {""type"": ""view"", ""timestamp"": ""2025-07-06T02:33:50""}]"
167,Katie Ponce,codywilkins@example.org,"[""run"", ""pressure"", ""size"", ""human""]","[{""street"": ""88033 Timothy Locks Apt. 871"", ""city"": ""New Denisefort"", ""country"": ""Iceland"", ""is_primary"": true}]","{""age"": 45, ""department"": ""Sales"", ""salary"": 72988.42, ""skills"": [""Chartered management accountant"", ""Patent examiner""]}","[{""type"": ""edit"", ""timestamp"": ""2025-08-09T06:54:18""}]"
168,Nicholas Weber,brittany83@example.net,"[""remember"", ""consumer""]","[{""street"": ""9758 Hannah Court Suite 987"", ""city"": ""Smithfurt"", ""country"": ""Cuba"", ""is_primary"": true}, {""street"": ""161 Hayes Inlet Apt. 997"", ""city"": ""Jonathanland"", ""country"": ""Jamaica"", ""is_primary"": true}]","{""age"": 63, ""department"": ""Sales"", ""salary"": 49989.82, ""skills"": [""Secondary school teacher"", ""Manufacturing engineer"", ""Ambulance person""]}","[{""type"": ""edit"", ""timestamp"": ""2025-01-18T20:16:20""}]"
169,Travis Ramirez,deanna04@example.com,"[""on"", ""late"", ""we"", ""group"", ""end""]","[{""street"": ""6199 Miller Spur Apt. 153"", ""city"": ""Port Mario"", ""country"": ""Ethiopia"", ""is_primary"": false}]","{""age"": 26, ""department"": ""Finance"", ""salary"": 64338.13, ""skills"": [""Associate Professor"", ""Lawyer"", ""Technical author""]}","[{""type"": ""login"", ""timestamp"": ""2025-08-30T09:36:03""}, {""type"": ""purchase"", ""amount"": 35.55, ""currency"": ""EUR""}]"
170,Roger Camacho,burnsmichelle@example.net,"[""maintain"", ""maintain"", ""positive"", ""whatever"", ""wife""]","[{""street"": ""039 Aguilar Extension"", ""city"": ""Davidchester"", ""country"": ""Colombia"", ""is_primary"": true}]","{""age"": 72, ""department"": ""HR"", ""salary"": 71149.02, ""skills"": [""Scientific laboratory technician"", ""Conference centre manager"", ""Network engineer""]}","[{""type"": ""view"", ""timestamp"": ""2025-09-26T00:59:53""}, {""type"": ""view"", ""timestamp"": ""2025-04-03T13:59:09""}]"
171,John Flowers,moralessarah@example.org,"[""but"", ""type"", ""operation"", ""hear"", ""politics""]","[{""street"": ""716 Decker Glen Apt. 976"", ""city"": ""North Jessica"", ""country"": ""El Salvador"", ""is_primary"": false}, {""street"": ""884 Fernandez Common"", ""city"": ""Michellemouth"", ""country"": ""Turkey"", ""is_primary"": true}, {""street"": ""16540 Michael Passage"", ""city"": ""Leahburgh"", ""country"": ""Palau"", ""is_primary"": false}]","{""age"": 18, ""department"": ""Engineering"", ""salary"": 33542.52, ""skills"": [""Research scientist (life sciences)""]}","[{""type"": ""view"", ""timestamp"": ""2025-02-22T02:24:39""}]"
172,Selena Jimenez,robinsonmark@example.net,"[""from"", ""three""]","[{""street"": ""38873 Amanda Forest"", ""city"": ""Coleberg"", ""country"": ""Liberia"", ""is_primary"": true}, {""street"": ""6049 Moore Plaza"", ""city"": ""Beckerport"", ""country"": ""Sudan"", ""is_primary"": false}]","{""age"": 65, ""department"": ""Sales"", ""salary"": 105918.24, ""skills"": [""Management consultant""]}","[{""type"": ""purchase"", ""amount"": 654.64, ""currency"": ""USD""}, {""type"": ""login"", ""timestamp"": ""2025-04-25T03:57:53""}]"
173,Eric Williamson,amanda85@example.org,"[""require"", ""figure"", ""pull"", ""common""]","[{""street"": ""953 Tabitha Burg Suite 094"", ""city"": ""Gravesshire"", ""country"": ""Sudan"", ""is_primary"": true}]","{""age"": 74, ""department"": ""Sales"", ""salary"": 103002.68, ""skills"": [""Lobbyist"", ""Air traffic controller"", ""Animal technologist""]}","[{""type"": ""edit"", ""timestamp"": ""2025-08-07T10:30:37""}, {""type"": ""login"", ""timestamp"": ""2025-04-16T15:44:37""}, {""type"": ""edit"", ""timestamp"": ""2025-03-11T02:09:11""}]"
174,Peter Sanders,petercohen@example.com,"[""thus"", ""poor"", ""measure""]","[{""street"": ""49710 Matthew Union"", ""city"": ""Lake Diane"", ""country"": ""Guam"", ""is_primary"": false}, {""street"": ""7520 Edwards Tunnel"", ""city"": ""Dianemouth"", ""country"": ""Nepal"", ""is_primary"": false}]","{""age"": 73, ""department"": ""Engineering"", ""salary"": 76251.74, ""skills"": [""Radio broadcast assistant""]}","[{""type"": ""login"", ""timestamp"": ""2025-07-30T09:33:15""}, {""type"": ""edit"", ""timestamp"": ""2025-02-01T10:14:56""}, {""type"": ""view"", ""timestamp"": ""2025-08-16T06:36:59""}]"
175,Jesse Hunt,kerrveronica@example.com,"[""boy"", ""story"", ""force"", ""recent"", ""television""]","[{""street"": ""195 Garcia Alley"", ""city"": ""New Christopher"", ""country"": ""Serbia"", ""is_primary"": false}, {""street"": ""800 Villegas Junction"", ""city"": ""Smithstad"", ""country"": ""Saint Martin"", ""is_primary"": true}, {""street"": ""7254 Perez Shoal Suite 995"", ""city"": ""North Paigeton"", ""country"": ""Germany"", ""is_primary"": false}]","{""age"": 39, ""department"": ""HR"", ""salary"": 37646.42, ""skills"": [""Engineer, manufacturing systems"", ""Writer"", ""Therapist, art""]}","[{""type"": ""view"", ""timestamp"": ""2025-06-16T04:37:25""}, {""type"": ""view"", ""timestamp"": ""2025-07-02T01:31:47""}, {""type"": ""login"", ""timestamp"": ""2025-07-24T18:20:02""}]"
176,Cynthia Palmer,thomaspearson@example.com,"[""maintain"", ""line"", ""short"", ""develop"", ""home""]","[{""street"": ""710 Warren Squares"", ""city"": ""Port Christopher"", ""country"": ""Papua New Guinea"", ""is_primary"": true}]","{""age"": 42, ""department"": ""Sales"", ""salary"": 100283.93, ""skills"": [""Exercise physiologist"", ""Magazine features editor"", ""Public affairs consultant"", ""Brewing technologist""]}",[]
177,Adrienne Sullivan,fergusonmichelle@example.com,"[""matter"", ""behavior""]","[{""street"": ""65628 Figueroa Loaf Apt. 167"", ""city"": ""Josehaven"", ""country"": ""Turkey"", ""is_primary"": false}, {""street"": ""14325 Matthew Station"", ""city"": ""East Alvinside"", ""country"": ""Nauru"", ""is_primary"": false}, {""street"": ""33844 Huerta Trace"", ""city"": ""South Kathrynborough"", ""country"": ""Yemen"", ""is_primary"": true}]","{""age"": 69, ""department"": ""Engineering"", ""salary"": 36134.3, ""skills"": [""Producer, television/film/video"", ""Local government officer"", ""Pensions consultant""]}","[{""type"": ""view"", ""timestamp"": ""2025-03-04T03:04:56""}]"
178,Arthur James,kristinestevenson@example.net,"[""special"", ""modern"", ""society"", ""near""]","[{""street"": ""892 Sampson Mount"", ""city"": ""Robertville"", ""country"": ""Saint Barthelemy"", ""is_primary"": false}, {""street"": ""27853 Nicholas Estates"", ""city"": ""East Jasonside"", ""country"": ""Montserrat"", ""is_primary"": false}, {""street"": ""63423 Crystal Bridge"", ""city"": ""South Michaelmouth"", ""country"": ""Bhutan"", ""is_primary"": false}]","{""age"": 53, ""department"": ""Finance"", ""salary"": 67092.71, ""skills"": [""Holiday representative"", ""Stage manager"", ""Quality manager"", ""Insurance underwriter""]}","[{""type"": ""purchase"", ""amount"": 531.01, ""currency"": ""EUR""}, {""type"": ""purchase"", ""amount"": 851.86, ""currency"": ""EUR""}]"
179,James Valencia,joan47@example.net,"[""road"", ""music"", ""right"", ""vote""]","[{""street"": ""9221 Mary Street Apt. 893"", ""city"": ""Caldwellhaven"", ""country"": ""Eritrea"", ""is_primary"": true}]","{""age"": 39, ""department"": ""Finance"", ""salary"": 37382.05, ""skills"": [""Clinical cytogeneticist""]}","[{""type"": ""edit"", ""timestamp"": ""2025-06-07T17:17:58""}, {""type"": ""edit"", ""timestamp"": ""2025-09-03T17:09:11""}, {""type"": ""purchase"", ""amount"": 973.34, ""currency"": ""USD""}]"
180,Cheryl Thomas,ajackson@example.org,"[""analysis"", ""compare"", ""ahead"", ""computer""]","[{""street"": ""7206 Brian Falls Apt. 896"", ""city"": ""North Patrick"", ""country"": ""Hong Kong"", ""is_primary"": true}, {""street"": ""238 Holmes Mount"", ""city"": ""Watsonborough"", ""country"": ""Equatorial Guinea"", ""is_primary"": true}]","{""age"": 67, ""department"": ""Finance"", ""salary"": 134673.59, ""skills"": [""Air broker"", ""Seismic interpreter"", ""Engineer, energy"", ""Engineer, water""]}",[]
181,Melissa Daniel,chanpatricia@example.com,"[""beyond"", ""question"", ""relationship""]","[{""street"": ""955 Christopher Port Apt. 273"", ""city"": ""West Devin"", ""country"": ""Moldova"", ""is_primary"": false}]","{""age"": 40, ""department"": ""Finance"", ""salary"": 143358.32, ""skills"": [""Politician's assistant""]}","[{""type"": ""edit"", ""timestamp"": ""2025-09-02T04:09:01""}]"
182,David Pittman,ithompson@example.net,"[""western"", ""accept""]","[{""street"": ""425 Rebecca Causeway Apt. 241"", ""city"": ""North Samantha"", ""country"": ""Mayotte"", ""is_primary"": true}]","{""age"": 54, ""department"": ""Engineering"", ""salary"": 70636.77, ""skills"": [""Conservator, museum/gallery"", ""Engineer, electrical""]}","[{""type"": ""purchase"", ""amount"": 582.01, ""currency"": ""USD""}, {""type"": ""edit"", ""timestamp"": ""2025-01-08T13:38:31""}]"
183,Adam Meza,uhenderson@example.net,"[""affect"", ""article"", ""right"", ""send"", ""author""]","[{""street"": ""63004 Nichols Circle Suite 175"", ""city"": ""Dianahaven"", ""country"": ""Italy"", ""is_primary"": true}, {""street"": ""985 Melissa Neck Suite 900"", ""city"": ""Mendozaview"", ""country"": ""Montenegro"", ""is_primary"": true}]","{""age"": 77, ""department"": ""Sales"", ""salary"": 38859.97, ""skills"": [""Clinical research associate"", ""Therapist, music""]}","[{""type"": ""edit"", ""timestamp"": ""2025-07-08T19:11:41""}, {""type"": ""login"", ""timestamp"": ""2025-05-27T01:13:29""}, {""type"": ""view"", ""timestamp"": ""2025-01-12T06:26:59""}]"
184,Christina Mann,sarah99@example.net,"[""Democrat"", ""step"", ""more"", ""near"", ""draw""]","[{""street"": ""0323 Lee Station"", ""city"": ""West Annette"", ""country"": ""British Virgin Islands"", ""is_primary"": true}, {""street"": ""988 Parks Hills"", ""city"": ""North Johnbury"", ""country"": ""Greece"", ""is_primary"": true}, {""street"": ""8062 James Squares"", ""city"": ""Wrightstad"", ""country"": ""Montserrat"", ""is_primary"": true}]","{""age"": 79, ""department"": ""Finance"", ""salary"": 49530.94, ""skills"": [""Hydrogeologist"", ""Air broker""]}","[{""type"": ""purchase"", ""amount"": 47.94, ""currency"": ""USD""}, {""type"": ""purchase"", ""amount"": 325.21, ""currency"": ""EUR""}, {""type"": ""view"", ""timestamp"": ""2025-04-17T08:13:53""}]"
185,Crystal Lowery,joshua19@example.org,"[""difficult"", ""nor"", ""project""]","[{""street"": ""7366 Karen Plains"", ""city"": ""Port Jamesfurt"", ""country"": ""Equatorial Guinea"", ""is_primary"": false}, {""street"": ""9917 Conner Ways Suite 851"", ""city"": ""East Kimberlymouth"", ""country"": ""Netherlands"", ""is_primary"": true}, {""street"": ""55453 Reid Land"", ""city"": ""Roberttown"", ""country"": ""Australia"", ""is_primary"": true}]","{""age"": 41, ""department"": ""Finance"", ""salary"": 43043.29, ""skills"": [""Runner, broadcasting/film/video""]}","[{""type"": ""purchase"", ""amount"": 393.3, ""currency"": ""GBP""}, {""type"": ""edit"", ""timestamp"": ""2025-09-16T09:50:31""}, {""type"": ""view"", ""timestamp"": ""2025-02-19T02:07:17""}]"
186,Tammy Moore,louisclark@example.com,"[""none"", ""rich"", ""value"", ""fly""]","[{""street"": ""175 John Villages"", ""city"": ""Tracyfurt"", ""country"": ""French Southern Territories"", ""is_primary"": false}]","{""age"": 40, ""department"": ""Finance"", ""salary"": 104831.22, ""skills"": [""Software engineer"", ""Scientist, clinical (histocompatibility and immunogenetics)"", ""Chartered accountant""]}",[]
187,Jasmine Logan,lhernandez@example.org,"[""produce"", ""early"", ""son"", ""affect"", ""rise""]","[{""street"": ""07496 James Forks Apt. 764"", ""city"": ""West Carlosfurt"", ""country"": ""Mayotte"", ""is_primary"": false}, {""street"": ""2379 Jennifer Port"", ""city"": ""West Holly"", ""country"": ""Bahrain"", ""is_primary"": false}, {""street"": ""125 Hernandez River"", ""city"": ""Wilsonborough"", ""country"": ""Seychelles"", ""is_primary"": true}]","{""age"": 76, ""department"": ""Finance"", ""salary"": 38975.58, ""skills"": [""Data processing manager"", ""Purchasing manager"", ""Advertising art director""]}",[]
188,Eric Davis,chavezbryan@example.com,"[""wish"", ""century""]","[{""street"": ""63962 Charles Mill Suite 203"", ""city"": ""Jenkinsfort"", ""country"": ""Cocos (Keeling) Islands"", ""is_primary"": false}]","{""age"": 42, ""department"": ""Finance"", ""salary"": 149175.63, ""skills"": [""Surveyor, mining""]}","[{""type"": ""view"", ""timestamp"": ""2025-04-16T11:40:02""}, {""type"": ""view"", ""timestamp"": ""2025-04-03T23:36:25""}, {""type"": ""edit"", ""timestamp"": ""2025-09-15T19:46:48""}]"
189,Kathleen Garcia,joneserin@example.org,"[""physical"", ""receive"", ""Congress"", ""star"", ""seven""]","[{""street"": ""5311 Lorraine Flat"", ""city"": ""Brendaside"", ""country"": ""Singapore"", ""is_primary"": false}, {""street"": ""1906 Hawkins Port"", ""city"": ""Johnview"", ""country"": ""Montenegro"", ""is_primary"": false}, {""street"": ""522 Jenkins Field"", ""city"": ""Maryport"", ""country"": ""United States Virgin Islands"", ""is_primary"": true}]","{""age"": 68, ""department"": ""Engineering"", ""salary"": 55995.76, ""skills"": [""Therapeutic radiographer"", ""Radio producer""]}",[]
190,Gary Spencer,vickiwalsh@example.net,"[""try"", ""main""]","[{""street"": ""961 Paul Key"", ""city"": ""Patrickville"", ""country"": ""Montserrat"", ""is_primary"": false}, {""street"": ""92211 Carol Motorway"", ""city"": ""Pereztown"", ""country"": ""Guernsey"", ""is_primary"": true}]","{""age"": 20, ""department"": ""Finance"", ""salary"": 38041.98, ""skills"": [""Financial planner"", ""Exercise physiologist"", ""Wellsite geologist"", ""Civil Service administrator""]}",[]
191,Alicia Bates,ruthshea@example.org,"[""especially"", ""bring"", ""name"", ""appear""]","[{""street"": ""74139 Allen Stream Suite 824"", ""city"": ""East Natalie"", ""country"": ""Holy See (Vatican City State)"", ""is_primary"": false}, {""street"": ""015 Clark Inlet Suite 371"", ""city"": ""Johnton"", ""country"": ""Jersey"", ""is_primary"": true}, {""street"": ""82178 Alex Station Apt. 737"", ""city"": ""West Ashleytown"", ""country"": ""Seychelles"", ""is_primary"": true}]","{""age"": 28, ""department"": ""Sales"", ""salary"": 113358.62, ""skills"": [""Software engineer"", ""Air traffic controller"", ""Arts administrator"", ""Scientist, marine""]}",[]
192,Jared Walters,cbauer@example.org,"[""put"", ""sure""]","[{""street"": ""1757 Sandoval Bridge"", ""city"": ""Fitzgeraldchester"", ""country"": ""Colombia"", ""is_primary"": true}, {""street"": ""31984 Hinton Forest Suite 056"", ""city"": ""Michelleside"", ""country"": ""Brazil"", ""is_primary"": false}]","{""age"": 50, ""department"": ""Marketing"", ""salary"": 130034.02, ""skills"": [""Politician's assistant"", ""Engineer, control and instrumentation"", ""Midwife"", ""Sport and exercise psychologist""]}","[{""type"": ""login"", ""timestamp"": ""2025-07-27T07:04:26""}, {""type"": ""purchase"", ""amount"": 653.75, ""currency"": ""USD""}]"
193,Pamela Fletcher,shannonchristine@example.org,"[""short"", ""eye""]","[{""street"": ""8713 Warner Flat"", ""city"": ""East Stephenview"", ""country"": ""Canada"", ""is_primary"": false}, {""street"": ""1495 Russell Dam"", ""city"": ""New Alec"", ""country"": ""El Salvador"", ""is_primary"": true}, {""street"": ""46767 Campos Estates"", ""city"": ""Port Deborahchester"", ""country"": ""Somalia"", ""is_primary"": true}]","{""age"": 64, ""department"": ""Marketing"", ""salary"": 93592.03, ""skills"": [""Industrial buyer""]}","[{""type"": ""login"", ""timestamp"": ""2025-09-28T21:20:32""}, {""type"": ""view"", ""timestamp"": ""2025-08-30T13:33:30""}, {""type"": ""login"", ""timestamp"": ""2025-05-11T19:08:16""}]"
194,Mary Hood,dallen@example.com,"[""miss"", ""agreement"", ""operation"", ""avoid""]","[{""street"": ""9545 Wilcox Island Suite 829"", ""city"": ""South Andrew"", ""country"": ""Norfolk Island"", ""is_primary"": false}, {""street"": ""976 Phillip Pine Suite 762"", ""city"": ""South Kimberlyberg"", ""country"": ""Saint Pierre and Miquelon"", ""is_primary"": true}, {""street"": ""54990 Kimberly Road Apt. 371"", ""city"": ""East Jillian"", ""country"": ""Tunisia"", ""is_primary"": true}]","{""age"": 67, ""department"": ""Marketing"", ""salary"": 30901.02, ""skills"": [""Health and safety inspector"", ""Building control surveyor"", ""Musician""]}",[]
195,Jasmine Cole,misty78@example.org,"[""probably"", ""billion"", ""capital""]","[{""street"": ""787 Brandon Inlet"", ""city"": ""Scottport"", ""country"": ""Kazakhstan"", ""is_primary"": true}]","{""age"": 31, ""department"": ""Sales"", ""salary"": 58894.58, ""skills"": [""Immunologist"", ""Art therapist"", ""Logistics and distribution manager"", ""Engineering geologist""]}","[{""type"": ""login"", ""timestamp"": ""2025-07-07T01:32:39""}, {""type"": ""purchase"", ""amount"": 239.01, ""currency"": ""GBP""}, {""type"": ""login"", ""timestamp"": ""2025-10-23T01:48:58""}]"
196,Paul Bender,lwilliams@example.org,"[""project"", ""name""]","[{""street"": ""5155 Jacqueline Lodge Suite 533"", ""city"": ""Thomasview"", ""country"": ""South Africa"", ""is_primary"": false}]","{""age"": 61, ""department"": ""Engineering"", ""salary"": 112724.32, ""skills"": [""Further education lecturer""]}","[{""type"": ""purchase"", ""amount"": 486.25, ""currency"": ""GBP""}]"
197,Maxwell Peters,apatel@example.org,"[""piece"", ""age""]","[{""street"": ""0446 David Row Suite 004"", ""city"": ""Port Ericchester"", ""country"": ""Niue"", ""is_primary"": false}, {""street"": ""5034 Mandy Curve"", ""city"": ""New Meganton"", ""country"": ""Cambodia"", ""is_primary"": false}]","{""age"": 29, ""department"": ""HR"", ""salary"": 62644.48, ""skills"": [""Technical sales engineer"", ""Sports coach"", ""Commercial/residential surveyor"", ""Diagnostic radiographer""]}","[{""type"": ""view"", ""timestamp"": ""2025-06-09T07:06:12""}, {""type"": ""purchase"", ""amount"": 875.67, ""currency"": ""USD""}]"
198,Jonathan Cobb,millerkelsey@example.net,"[""keep"", ""method"", ""indeed"", ""year"", ""main""]","[{""street"": ""589 Sarah Drive Apt. 732"", ""city"": ""South Josephfort"", ""country"": ""Hong Kong"", ""is_primary"": true}, {""street"": ""699 Hunter Drive Apt. 554"", ""city"": ""Port Michaelfort"", ""country"": ""Brazil"", ""is_primary"": true}]","{""age"": 36, ""department"": ""HR"", ""salary"": 92815.07, ""skills"": [""Pathologist"", ""Retail banker""]}","[{""type"": ""login"", ""timestamp"": ""2025-01-07T13:45:05""}]"
199,Jordan Humphrey,ann71@example.com,"[""ahead"", ""character"", ""east""]","[{""street"": ""86397 Alexandra Islands"", ""city"": ""Collinsstad"", ""country"": ""Gibraltar"", ""is_primary"": false}]","{""age"": 36, ""department"": ""Sales"", ""salary"": 125225.15, ""skills"": [""Ecologist"", ""Public relations account executive""]}",[]
200,Scott Roberts,twilliamson@example.net,"[""myself"", ""paper"", ""ever"", ""project"", ""including""]","[{""street"": ""50230 Cross Highway Apt. 634"", ""city"": ""Port Timothy"", ""country"": ""Slovenia"", ""is_primary"": true}, {""street"": ""236 Todd Isle"", ""city"": ""Martinmouth"", ""country"": ""Guadeloupe"", ""is_primary"": false}]","{""age"": 80, ""department"": ""Finance"", ""salary"": 35455.36, ""skills"": [""Higher education lecturer""]}","[{""type"": ""view"", ""timestamp"": ""2025-04-21T18:19:49""}, {""type"": ""view"", ""timestamp"": ""2025-08-08T06:48:29""}]"
201,Thomas May,garciadarren@example.net,"[""into"", ""environment"", ""prepare"", ""dinner"", ""hospital""]","[{""street"": ""8681 Collins Cliffs"", ""city"": ""Waremouth"", ""country"": ""Korea"", ""is_primary"": false}]","{""age"": 35, ""department"": ""Sales"", ""salary"": 126442.95, ""skills"": [""Call centre manager"", ""Careers adviser""]}","[{""type"": ""view"", ""timestamp"": ""2025-08-01T17:00:55""}, {""type"": ""edit"", ""timestamp"": ""2025-05-03T17:21:54""}, {""type"": ""purchase"", ""amount"": 537.61, ""currency"": ""GBP""}]"
202,Richard Collins,edwardswilliam@example.com,"[""impact"", ""front""]","[{""street"": ""87381 Richards Hollow Suite 411"", ""city"": ""Jenniferfurt"", ""country"": ""Guinea-Bissau"", ""is_primary"": false}, {""street"": ""15770 Andrew Cove Suite 492"", ""city"": ""South Kyleville"", ""country"": ""Ukraine"", ""is_primary"": false}]","{""age"": 80, ""department"": ""Sales"", ""salary"": 89619.44, ""skills"": [""Counsellor"", ""Economist"", ""Industrial buyer"", ""Manufacturing engineer""]}","[{""type"": ""view"", ""timestamp"": ""2025-01-21T01:17:33""}, {""type"": ""purchase"", ""amount"": 877.07, ""currency"": ""GBP""}]"
203,Stephen Nguyen,lisavillegas@example.net,"[""environmental"", ""why"", ""information"", ""reach""]","[{""street"": ""33127 Church Plains"", ""city"": ""North Yvonne"", ""country"": ""Togo"", ""is_primary"": false}, {""street"": ""961 Michael Expressway Suite 349"", ""city"": ""Nicolebury"", ""country"": ""Ethiopia"", ""is_primary"": false}]","{""age"": 68, ""department"": ""HR"", ""salary"": 103352.49, ""skills"": [""Curator"", ""Engineer, production"", ""Surveyor, building control"", ""Designer, exhibition/display""]}",[]
204,Melinda Hicks,riverasarah@example.com,"[""investment"", ""meeting"", ""country"", ""our"", ""future""]","[{""street"": ""037 Hodges Ridges"", ""city"": ""Angelaland"", ""country"": ""Tunisia"", ""is_primary"": true}]","{""age"": 35, ""department"": ""Marketing"", ""salary"": 65236.29, ""skills"": [""Geologist, engineering"", ""Scientist, research (medical)"", ""Electrical engineer""]}","[{""type"": ""edit"", ""timestamp"": ""2025-07-09T02:14:57""}, {""type"": ""edit"", ""timestamp"": ""2025-05-11T11:09:04""}]"
205,Erica Finley,richardhorton@example.com,"[""film"", ""hope""]","[{""street"": ""780 Allen Well"", ""city"": ""Port Kevin"", ""country"": ""Bosnia and Herzegovina"", ""is_primary"": true}, {""street"": ""36886 Taylor Islands Suite 090"", ""city"": ""Jamiechester"", ""country"": ""Seychelles"", ""is_primary"": false}, {""street"": ""6866 Weber Points"", ""city"": ""Meyermouth"", ""country"": ""Martinique"", ""is_primary"": false}]","{""age"": 39, ""department"": ""Marketing"", ""salary"": 60383.51, ""skills"": [""Air cabin crew""]}","[{""type"": ""login"", ""timestamp"": ""2025-06-23T18:50:44""}, {""type"": ""view"", ""timestamp"": ""2025-03-16T02:29:33""}, {""type"": ""purchase"", ""amount"": 955.02, ""currency"": ""GBP""}]"
206,Jessica Hardy,xhickman@example.org,"[""instead"", ""yeah"", ""describe"", ""memory"", ""card""]","[{""street"": ""8241 Hoffman Centers"", ""city"": ""West Stephenview"", ""country"": ""Norfolk Island"", ""is_primary"": true}, {""street"": ""4250 Deborah Village"", ""city"": ""Simpsonland"", ""country"": ""Guinea-Bissau"", ""is_primary"": true}]","{""age"": 53, ""department"": ""HR"", ""salary"": 74432.05, ""skills"": [""International aid/development worker""]}",[]
207,Diana Klein,fjohnson@example.net,"[""lay"", ""them"", ""PM"", ""house""]","[{""street"": ""493 Christian Roads Apt. 456"", ""city"": ""North Jeremyburgh"", ""country"": ""Suriname"", ""is_primary"": true}, {""street"": ""246 Espinoza Centers"", ""city"": ""Lake Amber"", ""country"": ""Nigeria"", ""is_primary"": true}, {""street"": ""406 Williams Ridges"", ""city"": ""East Elijah"", ""country"": ""Aruba"", ""is_primary"": true}]","{""age"": 57, ""department"": ""Marketing"", ""salary"": 46544.72, ""skills"": [""Public affairs consultant""]}",[]
208,Grant Wolf,jennifercarrillo@example.net,"[""man"", ""within"", ""and"", ""to"", ""nothing""]","[{""street"": ""09889 Moore Mountains Suite 431"", ""city"": ""Cherylburgh"", ""country"": ""Fiji"", ""is_primary"": true}]","{""age"": 28, ""department"": ""HR"", ""salary"": 141431.74, ""skills"": [""Community development worker"", ""Chief of Staff""]}",[]
209,Carol Cherry,jacobbailey@example.net,"[""beyond"", ""record""]","[{""street"": ""9336 Becky Tunnel"", ""city"": ""Bradleychester"", ""country"": ""Namibia"", ""is_primary"": false}, {""street"": ""5042 Chase Curve Apt. 778"", ""city"": ""Whitneychester"", ""country"": ""United States Virgin Islands"", ""is_primary"": false}]","{""age"": 35, ""department"": ""Finance"", ""salary"": 146645.56, ""skills"": [""Conservation officer, nature"", ""Administrator, arts"", ""Careers adviser""]}","[{""type"": ""purchase"", ""amount"": 440.06, ""currency"": ""EUR""}]"
210,Alexander Williams,mcintoshcameron@example.org,"[""task"", ""single"", ""realize"", ""smile"", ""finish""]","[{""street"": ""3279 Abigail Fields"", ""city"": ""Marshview"", ""country"": ""Chad"", ""is_primary"": true}, {""street"": ""2049 Mills Heights"", ""city"": ""Port Emily"", ""country"": ""Jersey"", ""is_primary"": false}]","{""age"": 18, ""department"": ""Sales"", ""salary"": 31062.53, ""skills"": [""Merchandiser, retail"", ""Furniture conservator/restorer""]}","[{""type"": ""login"", ""timestamp"": ""2025-09-07T06:48:56""}]"
211,Jesse Alexander,wpatel@example.com,"[""often"", ""guy"", ""send""]","[{""street"": ""4794 Allison Plain Suite 499"", ""city"": ""Abigailview"", ""country"": ""Gabon"", ""is_primary"": false}, {""street"": ""232 Rogers Manor"", ""city"": ""New Nancy"", ""country"": ""Slovakia (Slovak Republic)"", ""is_primary"": false}]","{""age"": 41, ""department"": ""Marketing"", ""salary"": 70925.32, ""skills"": [""Proofreader"", ""Administrator, arts""]}","[{""type"": ""purchase"", ""amount"": 966.42, ""currency"": ""USD""}, {""type"": ""view"", ""timestamp"": ""2025-05-16T14:35:58""}, {""type"": ""purchase"", ""amount"": 725.12, ""currency"": ""GBP""}]"
212,John Mitchell,lucastimothy@example.net,"[""establish"", ""develop""]","[{""street"": ""47775 Simmons Loaf Apt. 754"", ""city"": ""Nancyborough"", ""country"": ""Ghana"", ""is_primary"": true}]","{""age"": 38, ""department"": ""HR"", ""salary"": 139360.73, ""skills"": [""Media buyer"", ""Chief of Staff""]}","[{""type"": ""view"", ""timestamp"": ""2025-09-25T07:28:25""}, {""type"": ""purchase"", ""amount"": 643.59, ""currency"": ""GBP""}]"
213,Nathaniel Taylor,hdougherty@example.net,"[""find"", ""analysis""]","[{""street"": ""303 Thompson Canyon"", ""city"": ""Murrayberg"", ""country"": ""Seychelles"", ""is_primary"": true}, {""street"": ""0898 Miller Walks Apt. 695"", ""city"": ""West Judyburgh"", ""country"": ""Djibouti"", ""is_primary"": false}]","{""age"": 34, ""department"": ""Marketing"", ""salary"": 60509.34, ""skills"": [""Podiatrist"", ""Engineer, energy""]}",[]
214,Mark Dudley,fcampbell@example.com,"[""because"", ""run"", ""trial"", ""top""]","[{""street"": ""28478 Makayla Flat Suite 193"", ""city"": ""East Saraberg"", ""country"": ""Haiti"", ""is_primary"": false}, {""street"": ""4304 Evan Heights Suite 412"", ""city"": ""Leonview"", ""country"": ""Japan"", ""is_primary"": false}, {""street"": ""97439 Sanchez Loaf Apt. 547"", ""city"": ""South Williamburgh"", ""country"": ""Czech Republic"", ""is_primary"": true}]","{""age"": 18, ""department"": ""Sales"", ""salary"": 129834.75, ""skills"": [""Garment/textile technologist""]}","[{""type"": ""edit"", ""timestamp"": ""2025-03-24T00:47:59""}, {""type"": ""login"", ""timestamp"": ""2025-02-10T22:26:31""}]"
215,Kristen Rich,qfry@example.org,"[""result"", ""six"", ""treatment""]","[{""street"": ""8806 Joshua View"", ""city"": ""Lake Jason"", ""country"": ""Algeria"", ""is_primary"": true}, {""street"": ""782 Johnny Extension Suite 031"", ""city"": ""Port Benjaminport"", ""country"": ""Sudan"", ""is_primary"": false}, {""street"": ""990 Mike Turnpike Apt. 072"", ""city"": ""Dawnport"", ""country"": ""United Kingdom"", ""is_primary"": false}]","{""age"": 54, ""department"": ""Finance"", ""salary"": 31393.86, ""skills"": [""Archaeologist"", ""Surveyor, quantity"", ""Civil Service fast streamer""]}","[{""type"": ""edit"", ""timestamp"": ""2025-01-23T15:57:11""}]"
216,Joseph Chavez,campbelljeremy@example.net,"[""act"", ""mean"", ""simply"", ""ever"", ""hear""]","[{""street"": ""486 Joseph Branch Apt. 554"", ""city"": ""Thomasbury"", ""country"": ""Tajikistan"", ""is_primary"": true}, {""street"": ""6167 Kimberly Isle"", ""city"": ""East Samanthaton"", ""country"": ""Malta"", ""is_primary"": false}]","{""age"": 41, ""department"": ""Marketing"", ""salary"": 89439.28, ""skills"": [""Warehouse manager"", ""Marketing executive"", ""Advice worker"", ""Furniture conservator/restorer""]}","[{""type"": ""purchase"", ""amount"": 919.41, ""currency"": ""EUR""}]"
217,Brandy Rhodes,keithmiller@example.net,"[""sense"", ""foreign"", ""it""]","[{""street"": ""712 John Lake Suite 209"", ""city"": ""New Sarahchester"", ""country"": ""Mauritius"", ""is_primary"": true}, {""street"": ""3371 Kline Loaf"", ""city"": ""Yatesfort"", ""country"": ""Switzerland"", ""is_primary"": true}, {""street"": ""88099 Matthew Rest Suite 118"", ""city"": ""New Ashleyfort"", ""country"": ""France"", ""is_primary"": true}]","{""age"": 74, ""department"": ""Finance"", ""salary"": 73201.73, ""skills"": [""Paediatric nurse""]}","[{""type"": ""view"", ""timestamp"": ""2025-04-26T06:14:38""}]"
218,Alyssa Davis,ronald92@example.net,"[""player"", ""deep""]","[{""street"": ""4698 Patricia Ville Apt. 971"", ""city"": ""Morrisfurt"", ""country"": ""Australia"", ""is_primary"": false}, {""street"": ""10232 Thomas Shoals"", ""city"": ""Donnaview"", ""country"": ""Japan"", ""is_primary"": true}, {""street"": ""2442 Rebecca Station"", ""city"": ""Lauriestad"", ""country"": ""Burkina Faso"", ""is_primary"": true}]","{""age"": 80, ""department"": ""Engineering"", ""salary"": 30908.37, ""skills"": [""Quantity surveyor"", ""Housing manager/officer"", ""Museum education officer"", ""Conservation officer, historic buildings""]}","[{""type"": ""login"", ""timestamp"": ""2025-01-25T17:19:09""}]"
219,Elizabeth Skinner,zachary04@example.net,"[""authority"", ""foot"", ""party"", ""call"", ""wind""]","[{""street"": ""41017 Dorothy Meadows"", ""city"": ""Hallberg"", ""country"": ""Guyana"", ""is_primary"": false}, {""street"": ""4480 Bowen Radial"", ""city"": ""Campbellborough"", ""country"": ""Hungary"", ""is_primary"": false}, {""street"": ""50040 Hernandez Hill Apt. 947"", ""city"": ""Evanside"", ""country"": ""British Virgin Islands"", ""is_primary"": true}]","{""age"": 32, ""department"": ""Finance"", ""salary"": 140863.18, ""skills"": [""Medical technical officer""]}","[{""type"": ""edit"", ""timestamp"": ""2025-05-04T18:17:40""}, {""type"": ""edit"", ""timestamp"": ""2025-07-11T22:16:15""}, {""type"": ""view"", ""timestamp"": ""2025-06-21T15:49:39""}]"
220,Jessica Taylor,graytimothy@example.org,"[""local"", ""suddenly""]","[{""street"": ""459 Soto Fords Apt. 626"", ""city"": ""North Shaun"", ""country"": ""Uganda"", ""is_primary"": false}, {""street"": ""4932 Michael Estate Suite 381"", ""city"": ""New Cameronmouth"", ""country"": ""British Indian Ocean Territory (Chagos Archipelago)"", ""is_primary"": true}]","{""age"": 35, ""department"": ""HR"", ""salary"": 30355.57, ""skills"": [""Development worker, community""]}","[{""type"": ""purchase"", ""amount"": 950.71, ""currency"": ""USD""}, {""type"": ""edit"", ""timestamp"": ""2025-04-14T14:05:11""}]"
221,Michael Richardson,jeffblake@example.net,"[""stand"", ""learn"", ""character""]","[{""street"": ""622 Guzman Crossroad"", ""city"": ""Ashleytown"", ""country"": ""Senegal"", ""is_primary"": false}]","{""age"": 74, ""department"": ""Engineering"", ""salary"": 64859.17, ""skills"": [""Chief Marketing Officer"", ""Careers information officer"", ""Chief Technology Officer"", ""Sport and exercise psychologist""]}","[{""type"": ""view"", ""timestamp"": ""2025-02-13T22:04:55""}, {""type"": ""edit"", ""timestamp"": ""2025-01-23T16:16:50""}]"
222,Bryan Freeman,carolinezhang@example.com,"[""just"", ""population""]","[{""street"": ""0702 Maxwell Parks"", ""city"": ""Lake Debra"", ""country"": ""Sao Tome and Principe"", ""is_primary"": true}, {""street"": ""8730 Kara Trail"", ""city"": ""North Robert"", ""country"": ""Slovakia (Slovak Republic)"", ""is_primary"": true}]","{""age"": 25, ""department"": ""Engineering"", ""salary"": 102904.8, ""skills"": [""General practice doctor"", ""Designer, industrial/product""]}","[{""type"": ""purchase"", ""amount"": 577.65, ""currency"": ""EUR""}]"
223,Douglas Moody,millerchristy@example.net,"[""central"", ""night"", ""yes""]","[{""street"": ""15202 Michael View"", ""city"": ""South Hayleyshire"", ""country"": ""Swaziland"", ""is_primary"": true}]","{""age"": 36, ""department"": ""Marketing"", ""salary"": 136604.81, ""skills"": [""Civil engineer, consulting"", ""Architectural technologist""]}",[]
224,Michael Bolton,hobbsalexandra@example.net,"[""forward"", ""time"", ""job"", ""travel""]","[{""street"": ""9990 Sheryl Lights"", ""city"": ""Latoyaberg"", ""country"": ""El Salvador"", ""is_primary"": false}]","{""age"": 63, ""department"": ""Marketing"", ""salary"": 77791.27, ""skills"": [""Insurance claims handler"", ""Control and instrumentation engineer""]}",[]
225,Alison Williams,greenestephanie@example.org,"[""responsibility"", ""development"", ""vote"", ""person""]","[{""street"": ""5328 Guzman Ramp Suite 799"", ""city"": ""Velasquezmouth"", ""country"": ""Suriname"", ""is_primary"": false}, {""street"": ""74505 Erica Run Apt. 359"", ""city"": ""Lake Adrianburgh"", ""country"": ""Suriname"", ""is_primary"": true}, {""street"": ""46629 Thomas Drive Apt. 299"", ""city"": ""Joshuaport"", ""country"": ""Cayman Islands"", ""is_primary"": true}]","{""age"": 71, ""department"": ""Marketing"", ""salary"": 50353.59, ""skills"": [""Special educational needs teacher""]}","[{""type"": ""edit"", ""timestamp"": ""2025-07-31T21:09:21""}]"
226,Suzanne Jones,ryanjordan@example.net,"[""serious"", ""coach"", ""low"", ""whole"", ""usually""]","[{""street"": ""36158 Dennis Wells"", ""city"": ""Coreymouth"", ""country"": ""Iran"", ""is_primary"": false}]","{""age"": 68, ""department"": ""Marketing"", ""salary"": 106721.98, ""skills"": [""Probation officer"", ""Facilities manager""]}","[{""type"": ""edit"", ""timestamp"": ""2025-05-15T04:44:58""}]"
227,Lisa Bryan,brownfrank@example.org,"[""level"", ""three"", ""safe""]","[{""street"": ""75799 Dixon Bridge"", ""city"": ""Lake Katherinemouth"", ""country"": ""El Salvador"", ""is_primary"": true}, {""street"": ""636 Lori Squares"", ""city"": ""East Daniellemouth"", ""country"": ""Marshall Islands"", ""is_primary"": false}]","{""age"": 66, ""department"": ""Finance"", ""salary"": 105499.43, ""skills"": [""Hospital doctor""]}","[{""type"": ""view"", ""timestamp"": ""2025-07-26T13:31:06""}]"
228,Jerry Taylor,bishopashley@example.org,"[""key"", ""land"", ""throw"", ""body""]","[{""street"": ""66812 Ramsey Lodge Suite 958"", ""city"": ""Ryanstad"", ""country"": ""Uruguay"", ""is_primary"": false}, {""street"": ""081 Jaclyn Fort Apt. 672"", ""city"": ""East Sallyberg"", ""country"": ""New Zealand"", ""is_primary"": true}]","{""age"": 40, ""department"": ""Finance"", ""salary"": 68242.41, ""skills"": [""Surveyor, building"", ""Theatre director""]}","[{""type"": ""login"", ""timestamp"": ""2025-10-06T13:40:56""}, {""type"": ""purchase"", ""amount"": 621.87, ""currency"": ""GBP""}]"
229,Ernest Martin,isabel90@example.net,"[""high"", ""sign"", ""throw""]","[{""street"": ""976 Rivera Forges Apt. 172"", ""city"": ""Jenningsshire"", ""country"": ""United Kingdom"", ""is_primary"": true}, {""street"": ""0699 Brenda Lights"", ""city"": ""Chandlermouth"", ""country"": ""Egypt"", ""is_primary"": true}]","{""age"": 41, ""department"": ""Finance"", ""salary"": 40981.51, ""skills"": [""Aeronautical engineer"", ""Medical technical officer"", ""Restaurant manager""]}",[]
230,Monique Rasmussen,dpeterson@example.com,"[""drug"", ""product"", ""color"", ""type"", ""word""]","[{""street"": ""60225 Kyle Court"", ""city"": ""Reedland"", ""country"": ""Jersey"", ""is_primary"": true}]","{""age"": 41, ""department"": ""Marketing"", ""salary"": 144817.14, ""skills"": [""Scientist, product/process development"", ""Firefighter""]}","[{""type"": ""login"", ""timestamp"": ""2025-07-20T23:27:26""}, {""type"": ""view"", ""timestamp"": ""2025-02-25T23:06:41""}]"
231,Rick Mcclain,robert34@example.org,"[""expert"", ""position"", ""cut""]","[{""street"": ""9355 Pruitt Pass"", ""city"": ""Lauramouth"", ""country"": ""Nauru"", ""is_primary"": false}, {""street"": ""451 Mary Ways"", ""city"": ""East Adrian"", ""country"": ""Guadeloupe"", ""is_primary"": true}, {""street"": ""220 Michael Shoal Suite 281"", ""city"": ""South Jamie"", ""country"": ""Cote d'Ivoire"", ""is_primary"": false}]","{""age"": 42, ""department"": ""Finance"", ""salary"": 121894.54, ""skills"": [""Buyer, industrial"", ""Science writer"", ""Chiropodist""]}","[{""type"": ""login"", ""timestamp"": ""2025-06-19T05:34:34""}]"
232,Katie Cox,clarkcory@example.net,"[""threat"", ""drop"", ""so"", ""film"", ""local""]","[{""street"": ""675 Justin Motorway Suite 772"", ""city"": ""Jamesburgh"", ""country"": ""Belarus"", ""is_primary"": false}]","{""age"": 53, ""department"": ""Finance"", ""salary"": 100125.3, ""skills"": [""Theatre manager""]}","[{""type"": ""purchase"", ""amount"": 140.69, ""currency"": ""EUR""}, {""type"": ""login"", ""timestamp"": ""2025-01-15T23:27:54""}]"
233,Jeffrey Wright II,philip74@example.org,"[""office"", ""present"", ""international"", ""day""]","[{""street"": ""290 Pamela Points Suite 920"", ""city"": ""Jasonland"", ""country"": ""Madagascar"", ""is_primary"": true}]","{""age"": 75, ""department"": ""Marketing"", ""salary"": 55382.29, ""skills"": [""Psychologist, prison and probation services"", ""Musician"", ""Meteorologist""]}",[]
234,Jacob Olson,chad36@example.net,"[""drop"", ""whether"", ""fine"", ""tree"", ""the""]","[{""street"": ""749 Robert Stravenue Suite 451"", ""city"": ""Douglasstad"", ""country"": ""Bahamas"", ""is_primary"": true}, {""street"": ""2912 Michael Highway Apt. 303"", ""city"": ""Claytonchester"", ""country"": ""Guam"", ""is_primary"": true}]","{""age"": 33, ""department"": ""Marketing"", ""salary"": 95878.94, ""skills"": [""Administrator, Civil Service""]}","[{""type"": ""edit"", ""timestamp"": ""2025-05-07T17:39:44""}, {""type"": ""view"", ""timestamp"": ""2025-02-07T08:51:43""}]"
235,Kelly Dorsey,ljones@example.net,"[""anyone"", ""risk"", ""writer""]","[{""street"": ""907 Foley Locks Apt. 889"", ""city"": ""Harrisbury"", ""country"": ""Bosnia and Herzegovina"", ""is_primary"": true}]","{""age"": 55, ""department"": ""Finance"", ""salary"": 142570.75, ""skills"": [""Tour manager"", ""Health service manager"", ""Doctor, general practice"", ""Neurosurgeon""]}",[]
236,Jesse Golden,adkinsjennifer@example.org,"[""manager"", ""property""]","[{""street"": ""102 Brown Greens"", ""city"": ""Jamesfort"", ""country"": ""Congo"", ""is_primary"": false}, {""street"": ""478 Rachael Extensions Suite 205"", ""city"": ""Jennaside"", ""country"": ""Solomon Islands"", ""is_primary"": true}, {""street"": ""714 Selena Causeway Apt. 975"", ""city"": ""Justinborough"", ""country"": ""Argentina"", ""is_primary"": false}]","{""age"": 55, ""department"": ""Marketing"", ""salary"": 119320.3, ""skills"": [""Engineer, civil (consulting)"", ""Accountant, chartered certified"", ""Agricultural consultant"", ""Health service manager""]}","[{""type"": ""purchase"", ""amount"": 415.43, ""currency"": ""EUR""}]"
237,Courtney Lawrence,wallerjeremy@example.org,"[""like"", ""class""]","[{""street"": ""4520 Simmons Spur"", ""city"": ""Velazquezchester"", ""country"": ""Sudan"", ""is_primary"": true}]","{""age"": 50, ""department"": ""Sales"", ""salary"": 95679.12, ""skills"": [""Public relations officer"", ""Sports development officer""]}","[{""type"": ""login"", ""timestamp"": ""2025-04-05T04:09:04""}, {""type"": ""login"", ""timestamp"": ""2025-04-25T04:42:02""}, {""type"": ""view"", ""timestamp"": ""2025-04-13T22:12:47""}]"
238,Joseph Harrington,hroach@example.com,"[""run"", ""compare"", ""public""]","[{""street"": ""93726 Fry Light Suite 607"", ""city"": ""Wrightbury"", ""country"": ""Northern Mariana Islands"", ""is_primary"": true}, {""street"": ""803 Mayo Crossing Apt. 939"", ""city"": ""Williamsport"", ""country"": ""Algeria"", ""is_primary"": true}]","{""age"": 19, ""department"": ""Sales"", ""salary"": 105962.89, ""skills"": [""Designer, fashion/clothing"", ""Product/process development scientist""]}","[{""type"": ""purchase"", ""amount"": 285.96, ""currency"": ""GBP""}, {""type"": ""login"", ""timestamp"": ""2025-05-05T05:17:49""}, {""type"": ""login"", ""timestamp"": ""2025-06-08T21:19:15""}]"
239,Kendra Rivera,ycarter@example.net,"[""material"", ""single""]","[{""street"": ""912 Martin Extensions"", ""city"": ""Nicolestad"", ""country"": ""Congo"", ""is_primary"": false}, {""street"": ""0110 Alicia Square Apt. 365"", ""city"": ""North Darren"", ""country"": ""Nepal"", ""is_primary"": true}, {""street"": ""84456 Weiss Divide Suite 516"", ""city"": ""Kevinmouth"", ""country"": ""Turkey"", ""is_primary"": true}]","{""age"": 47, ""department"": ""Sales"", ""salary"": 80313.02, ""skills"": [""Radiographer, diagnostic"", ""Chief Executive Officer"", ""Engineer, electronics""]}","[{""type"": ""purchase"", ""amount"": 752.9, ""currency"": ""GBP""}, {""type"": ""edit"", ""timestamp"": ""2025-08-18T20:25:06""}]"
240,Dr. Thomas Jones Jr.,greentonya@example.org,"[""type"", ""form"", ""million""]","[{""street"": ""8576 Thomas Center"", ""city"": ""Taylorview"", ""country"": ""Cuba"", ""is_primary"": false}, {""street"": ""34505 Stein Garden"", ""city"": ""Bassland"", ""country"": ""Colombia"", ""is_primary"": false}, {""street"": ""95833 Brewer Spurs Suite 296"", ""city"": ""Michaelbury"", ""country"": ""Slovenia"", ""is_primary"": false}]","{""age"": 63, ""department"": ""Marketing"", ""salary"": 115922.46, ""skills"": [""Investment analyst"", ""Psychotherapist, dance movement"", ""Media buyer""]}",[]
241,Casey Martinez,carrloretta@example.com,"[""page"", ""present"", ""compare""]","[{""street"": ""74266 Webb Plains"", ""city"": ""Port Meghanville"", ""country"": ""Cameroon"", ""is_primary"": false}, {""street"": ""077 John Track Apt. 470"", ""city"": ""Hardyview"", ""country"": ""Tuvalu"", ""is_primary"": true}, {""street"": ""27325 Banks Glen"", ""city"": ""Lawsontown"", ""country"": ""Greece"", ""is_primary"": false}]","{""age"": 77, ""department"": ""Engineering"", ""salary"": 103469.2, ""skills"": [""Oceanographer""]}",[]
242,Thomas Poole,smithjohn@example.net,"[""be"", ""popular"", ""better"", ""race"", ""measure""]","[{""street"": ""879 Sarah Manor"", ""city"": ""East Kimberly"", ""country"": ""Turks and Caicos Islands"", ""is_primary"": true}, {""street"": ""51230 Michelle Springs Suite 448"", ""city"": ""Johnsonside"", ""country"": ""Burundi"", ""is_primary"": true}, {""street"": ""118 Simmons Mountains Apt. 210"", ""city"": ""Jeanetteview"", ""country"": ""United States Minor Outlying Islands"", ""is_primary"": false}]","{""age"": 26, ""department"": ""Engineering"", ""salary"": 104007.73, ""skills"": [""Music tutor"", ""Structural engineer"", ""Surveyor, building"", ""Medical illustrator""]}",[]
243,Michael Hernandez,coxsheila@example.com,"[""travel"", ""far"", ""expect"", ""upon""]","[{""street"": ""4537 Elizabeth Canyon Suite 344"", ""city"": ""South Matthew"", ""country"": ""Macao"", ""is_primary"": true}, {""street"": ""3736 Haney Shores Apt. 786"", ""city"": ""North David"", ""country"": ""Turks and Caicos Islands"", ""is_primary"": false}]","{""age"": 73, ""department"": ""Sales"", ""salary"": 123161.39, ""skills"": [""Higher education careers adviser""]}","[{""type"": ""login"", ""timestamp"": ""2025-09-03T20:51:41""}, {""type"": ""view"", ""timestamp"": ""2025-03-19T10:48:30""}, {""type"": ""purchase"", ""amount"": 702.4, ""currency"": ""USD""}]"
244,Kevin Nolan,nberry@example.org,"[""town"", ""establish"", ""figure"", ""research"", ""future""]","[{""street"": ""0684 Monica Forks"", ""city"": ""West Nancy"", ""country"": ""Indonesia"", ""is_primary"": true}]","{""age"": 20, ""department"": ""Engineering"", ""salary"": 132284.58, ""skills"": [""Corporate treasurer""]}",[]
245,Charles Fuller,ryan33@example.com,"[""human"", ""civil"", ""week"", ""hair"", ""under""]","[{""street"": ""918 Amber Port"", ""city"": ""Josestad"", ""country"": ""Chad"", ""is_primary"": true}, {""street"": ""1326 Blake Coves Suite 978"", ""city"": ""East Jennifer"", ""country"": ""Bahamas"", ""is_primary"": false}, {""street"": ""843 Cooper Forest Apt. 505"", ""city"": ""New Samanthaview"", ""country"": ""Nauru"", ""is_primary"": true}]","{""age"": 37, ""department"": ""Marketing"", ""salary"": 78581.23, ""skills"": [""Aeronautical engineer"", ""Science writer""]}","[{""type"": ""view"", ""timestamp"": ""2025-09-06T10:10:53""}, {""type"": ""edit"", ""timestamp"": ""2025-07-19T23:33:41""}, {""type"": ""view"", ""timestamp"": ""2025-09-15T22:30:51""}]"
246,Angela Perez,evanstimothy@example.org,"[""physical"", ""their"", ""determine"", ""popular""]","[{""street"": ""795 Hines Passage Suite 506"", ""city"": ""New Anthony"", ""country"": ""Suriname"", ""is_primary"": true}, {""street"": ""7459 Johnson Crossing"", ""city"": ""Theresaburgh"", ""country"": ""Turkmenistan"", ""is_primary"": true}, {""street"": ""5786 Sims Shoals"", ""city"": ""East Elizabethstad"", ""country"": ""Cameroon"", ""is_primary"": false}]","{""age"": 68, ""department"": ""Engineering"", ""salary"": 34446.77, ""skills"": [""Amenity horticulturist"", ""Public affairs consultant"", ""Management consultant""]}","[{""type"": ""edit"", ""timestamp"": ""2025-08-10T14:31:21""}, {""type"": ""purchase"", ""amount"": 867.06, ""currency"": ""USD""}, {""type"": ""view"", ""timestamp"": ""2025-10-18T18:12:15""}]"
247,Laura Clarke,robbinsemma@example.net,"[""democratic"", ""subject""]","[{""street"": ""550 Garner Unions Apt. 525"", ""city"": ""Hamiltonfort"", ""country"": ""Switzerland"", ""is_primary"": true}]","{""age"": 50, ""department"": ""Finance"", ""salary"": 94829.99, ""skills"": [""Biomedical engineer"", ""Optometrist""]}","[{""type"": ""purchase"", ""amount"": 648.53, ""currency"": ""GBP""}]"
248,Brian Edwards,james35@example.net,"[""ground"", ""rest""]","[{""street"": ""94585 Vincent Passage Apt. 709"", ""city"": ""Stewartstad"", ""country"": ""Senegal"", ""is_primary"": true}]","{""age"": 71, ""department"": ""Sales"", ""salary"": 47169.73, ""skills"": [""Electrical engineer"", ""Biochemist, clinical"", ""Art gallery manager"", ""Firefighter""]}","[{""type"": ""login"", ""timestamp"": ""2025-10-14T01:02:17""}, {""type"": ""edit"", ""timestamp"": ""2025-03-01T04:13:54""}]"
249,Taylor Taylor,marcus36@example.net,"[""opportunity"", ""class"", ""near"", ""brother"", ""fast""]","[{""street"": ""9085 Moyer Fall Apt. 808"", ""city"": ""South Denise"", ""country"": ""Nicaragua"", ""is_primary"": true}, {""street"": ""44381 Patrick Light"", ""city"": ""South Ryan"", ""country"": ""Burundi"", ""is_primary"": true}, {""street"": ""99057 Brian Ways Apt. 270"", ""city"": ""North Joan"", ""country"": ""Norway"", ""is_primary"": true}]","{""age"": 66, ""department"": ""Sales"", ""salary"": 69193.85, ""skills"": [""Nutritional therapist"", ""Research scientist (life sciences)""]}","[{""type"": ""view"", ""timestamp"": ""2025-04-20T04:02:07""}]"
250,Jordan Chambers,normanbrad@example.net,"[""western"", ""event""]","[{""street"": ""6572 Shelby Field Apt. 697"", ""city"": ""Rodriguezhaven"", ""country"": ""United States Minor Outlying Islands"", ""is_primary"": true}, {""street"": ""012 Rodriguez Pass"", ""city"": ""South Paulland"", ""country"": ""Belarus"", ""is_primary"": true}]","{""age"": 54, ""department"": ""HR"", ""salary"": 76050.91, ""skills"": [""Engineer, manufacturing systems"", ""Engineer, building services"", ""Therapist, occupational""]}","[{""type"": ""login"", ""timestamp"": ""2025-09-09T17:37:40""}]"
251,Lisa Williams,lmarshall@example.net,"[""four"", ""education"", ""raise"", ""piece""]","[{""street"": ""7009 John Turnpike Suite 967"", ""city"": ""Stevenhaven"", ""country"": ""Saint Kitts and Nevis"", ""is_primary"": true}]","{""age"": 74, ""department"": ""Engineering"", ""salary"": 112161.51, ""skills"": [""Agricultural consultant"", ""Investment analyst""]}","[{""type"": ""view"", ""timestamp"": ""2025-04-27T03:00:31""}, {""type"": ""view"", ""timestamp"": ""2025-09-14T09:57:09""}, {""type"": ""view"", ""timestamp"": ""2025-04-22T17:26:01""}]"
252,Sonya King,gabriela74@example.org,"[""tree"", ""region""]","[{""street"": ""24106 James Radial Apt. 593"", ""city"": ""Craigstad"", ""country"": ""Tanzania"", ""is_primary"": false}, {""street"": ""097 White Islands"", ""city"": ""Jasonshire"", ""country"": ""Micronesia"", ""is_primary"": true}]","{""age"": 65, ""department"": ""Engineering"", ""salary"": 124136.35, ""skills"": [""Fashion designer"", ""Licensed conveyancer"", ""Clinical psychologist""]}",[]
253,Thomas Davis,slong@example.com,"[""effort"", ""magazine"", ""rate""]","[{""street"": ""53207 Davis Lane"", ""city"": ""Lake Jonathan"", ""country"": ""Montserrat"", ""is_primary"": false}, {""street"": ""75074 Walker Lakes Apt. 777"", ""city"": ""Fisherburgh"", ""country"": ""Comoros"", ""is_primary"": true}]","{""age"": 45, ""department"": ""HR"", ""salary"": 121248.08, ""skills"": [""Scientist, water quality"", ""Higher education careers adviser"", ""Tour manager""]}","[{""type"": ""login"", ""timestamp"": ""2025-05-01T09:25:26""}]"
254,Sonya Smith,raymond85@example.net,"[""yeah"", ""ball"", ""professor"", ""race"", ""training""]","[{""street"": ""62226 Matthew Garden Suite 261"", ""city"": ""Riverafurt"", ""country"": ""Malta"", ""is_primary"": false}]","{""age"": 52, ""department"": ""Marketing"", ""salary"": 65125.11, ""skills"": [""Ecologist""]}",[]
255,Peggy Kennedy,caleb18@example.com,"[""suggest"", ""product""]","[{""street"": ""3391 Johnson Flat"", ""city"": ""Amandaside"", ""country"": ""Greenland"", ""is_primary"": false}, {""street"": ""166 Jeffrey Ferry"", ""city"": ""New Juanburgh"", ""country"": ""French Guiana"", ""is_primary"": true}]","{""age"": 34, ""department"": ""Marketing"", ""salary"": 130805.07, ""skills"": [""Charity fundraiser"", ""Media buyer""]}","[{""type"": ""login"", ""timestamp"": ""2025-09-02T23:30:19""}, {""type"": ""view"", ""timestamp"": ""2025-03-24T06:17:55""}, {""type"": ""edit"", ""timestamp"": ""2025-05-18T21:19:45""}]"
256,Jerry Brown,stephanie12@example.net,"[""several"", ""produce"", ""system""]","[{""street"": ""012 Jeremy Squares Suite 093"", ""city"": ""Rachelbury"", ""country"": ""Portugal"", ""is_primary"": true}, {""street"": ""9601 Kenneth Port"", ""city"": ""Lake Jeff"", ""country"": ""Monaco"", ""is_primary"": false}, {""street"": ""2329 Rasmussen Circles"", ""city"": ""North Teresa"", ""country"": ""Andorra"", ""is_primary"": false}]","{""age"": 70, ""department"": ""Sales"", ""salary"": 36040.8, ""skills"": [""Gaffer""]}",[]
257,Ronald Conley,erin23@example.org,"[""truth"", ""treatment"", ""carry"", ""plan"", ""break""]","[{""street"": ""1369 Hill Estates Apt. 952"", ""city"": ""Port Molly"", ""country"": ""India"", ""is_primary"": true}, {""street"": ""429 Claudia Trafficway"", ""city"": ""Port Stephen"", ""country"": ""Slovenia"", ""is_primary"": false}]","{""age"": 54, ""department"": ""HR"", ""salary"": 52232.0, ""skills"": [""Teacher, secondary school"", ""Microbiologist""]}",[]
258,Michelle Castro,nicholas19@example.net,"[""summer"", ""car"", ""old"", ""sound""]","[{""street"": ""38740 William Mills"", ""city"": ""Johnsonhaven"", ""country"": ""Guinea"", ""is_primary"": true}, {""street"": ""33330 Benjamin Locks Suite 461"", ""city"": ""West Mark"", ""country"": ""Namibia"", ""is_primary"": false}, {""street"": ""189 Lawrence Cliff Suite 174"", ""city"": ""South Emilymouth"", ""country"": ""Niger"", ""is_primary"": false}]","{""age"": 29, ""department"": ""Engineering"", ""salary"": 33190.44, ""skills"": [""Fitness centre manager"", ""Environmental health practitioner""]}","[{""type"": ""purchase"", ""amount"": 55.38, ""currency"": ""GBP""}]"
259,Eric Peterson,colleen70@example.com,"[""area"", ""memory"", ""bed"", ""land""]","[{""street"": ""10842 Smith Falls Suite 144"", ""city"": ""North Kathleen"", ""country"": ""Germany"", ""is_primary"": true}]","{""age"": 19, ""department"": ""Finance"", ""salary"": 31263.2, ""skills"": [""Research officer, political party""]}","[{""type"": ""edit"", ""timestamp"": ""2025-01-14T19:34:46""}, {""type"": ""login"", ""timestamp"": ""2025-06-01T09:43:06""}, {""type"": ""login"", ""timestamp"": ""2025-08-14T06:25:09""}]"
260,Thomas Kelly,zmckee@example.org,"[""attorney"", ""your""]","[{""street"": ""9470 John Avenue"", ""city"": ""Allenfurt"", ""country"": ""South Georgia and the South Sandwich Islands"", ""is_primary"": false}, {""street"": ""3975 Vazquez Rapids Suite 288"", ""city"": ""Floresview"", ""country"": ""Niue"", ""is_primary"": true}]","{""age"": 75, ""department"": ""Engineering"", ""salary"": 123339.84, ""skills"": [""Emergency planning/management officer""]}","[{""type"": ""edit"", ""timestamp"": ""2025-03-11T20:22:43""}, {""type"": ""edit"", ""timestamp"": ""2025-04-04T10:09:48""}, {""type"": ""edit"", ""timestamp"": ""2025-02-24T11:31:49""}]"
261,Mark Robinson,debbiewalsh@example.net,"[""response"", ""article"", ""interest"", ""shake""]","[{""street"": ""46710 Alyssa Mount Suite 070"", ""city"": ""Shannonmouth"", ""country"": ""Romania"", ""is_primary"": false}]","{""age"": 68, ""department"": ""Marketing"", ""salary"": 79840.86, ""skills"": [""Financial trader"", ""Risk manager"", ""Bonds trader""]}","[{""type"": ""purchase"", ""amount"": 762.77, ""currency"": ""GBP""}, {""type"": ""view"", ""timestamp"": ""2025-08-05T16:46:53""}, {""type"": ""edit"", ""timestamp"": ""2025-02-26T00:46:52""}]"
262,Gina Williams,bishopedward@example.org,"[""certain"", ""board"", ""speech"", ""he"", ""gas""]","[{""street"": ""6589 Watts Ports"", ""city"": ""New Jonathanside"", ""country"": ""Mayotte"", ""is_primary"": true}, {""street"": ""611 Debbie Path"", ""city"": ""New Fred"", ""country"": ""Myanmar"", ""is_primary"": false}]","{""age"": 47, ""department"": ""Finance"", ""salary"": 34368.97, ""skills"": [""Nurse, learning disability"", ""Programmer, multimedia"", ""Psychologist, forensic""]}","[{""type"": ""edit"", ""timestamp"": ""2025-01-11T00:39:44""}]"
263,Charlotte Ward,mauricehanson@example.net,"[""when"", ""them""]","[{""street"": ""5352 Christina Harbor Suite 337"", ""city"": ""Danielsville"", ""country"": ""Afghanistan"", ""is_primary"": true}, {""street"": ""617 Jessica Circle Suite 838"", ""city"": ""New Markton"", ""country"": ""Bosnia and Herzegovina"", ""is_primary"": false}]","{""age"": 71, ""department"": ""Sales"", ""salary"": 118943.58, ""skills"": [""Naval architect"", ""IT sales professional"", ""Designer, jewellery"", ""Engineer, agricultural""]}",[]
264,Madison Young,kathy07@example.com,"[""would"", ""president""]","[{""street"": ""33109 Avery Pine"", ""city"": ""Ericton"", ""country"": ""Burundi"", ""is_primary"": false}, {""street"": ""402 Rivera Cliffs Suite 582"", ""city"": ""Tylerview"", ""country"": ""Uruguay"", ""is_primary"": true}, {""street"": ""12661 Miranda Summit Suite 410"", ""city"": ""West Caitlin"", ""country"": ""Norfolk Island"", ""is_primary"": true}]","{""age"": 18, ""department"": ""Marketing"", ""salary"": 148979.67, ""skills"": [""Landscape architect"", ""Presenter, broadcasting"", ""Fashion designer"", ""Teacher, English as a foreign language""]}",[]
265,Darius Andrade,catherinedavis@example.net,"[""book"", ""machine"", ""mission"", ""five"", ""respond""]","[{""street"": ""21961 Fisher Port Apt. 011"", ""city"": ""West Jesus"", ""country"": ""Nigeria"", ""is_primary"": true}, {""street"": ""61678 Cooke Grove"", ""city"": ""Murrayport"", ""country"": ""Sao Tome and Principe"", ""is_primary"": true}, {""street"": ""66128 Barrett Drives"", ""city"": ""New Melissaland"", ""country"": ""Cape Verde"", ""is_primary"": false}]","{""age"": 67, ""department"": ""Finance"", ""salary"": 39330.59, ""skills"": [""Teacher, special educational needs"", ""Pilot, airline""]}",[]
266,William Mccarty,blake44@example.org,"[""visit"", ""pull"", ""trade"", ""meeting"", ""entire""]","[{""street"": ""427 Rogers Cliff"", ""city"": ""North Jessicaview"", ""country"": ""Korea"", ""is_primary"": false}, {""street"": ""591 Gregory Lights Suite 921"", ""city"": ""Powersborough"", ""country"": ""Faroe Islands"", ""is_primary"": false}]","{""age"": 75, ""department"": ""Finance"", ""salary"": 91671.26, ""skills"": [""Radiographer, diagnostic"", ""Patent examiner""]}","[{""type"": ""purchase"", ""amount"": 246.52, ""currency"": ""EUR""}]"
267,Daniel Golden,danielwoods@example.org,"[""charge"", ""enough"", ""produce"", ""traditional"", ""argue""]","[{""street"": ""42207 Gabrielle Rapids"", ""city"": ""Mooreville"", ""country"": ""Netherlands"", ""is_primary"": true}]","{""age"": 36, ""department"": ""Marketing"", ""salary"": 101316.63, ""skills"": [""Applications developer"", ""Surveyor, building control"", ""Geoscientist"", ""Psychotherapist""]}","[{""type"": ""view"", ""timestamp"": ""2025-07-31T21:54:51""}]"
268,Brittany Brown,ellen92@example.net,"[""machine"", ""shoulder"", ""evidence"", ""hotel""]","[{""street"": ""87193 Freeman Station"", ""city"": ""Mayshire"", ""country"": ""Cuba"", ""is_primary"": false}]","{""age"": 63, ""department"": ""Finance"", ""salary"": 138363.65, ""skills"": [""Scientist, research (maths)"", ""Banker"", ""Petroleum engineer"", ""Product/process development scientist""]}","[{""type"": ""purchase"", ""amount"": 841.97, ""currency"": ""GBP""}, {""type"": ""edit"", ""timestamp"": ""2025-03-26T12:28:29""}, {""type"": ""view"", ""timestamp"": ""2025-07-08T13:50:34""}]"
269,Jessica Smith,patricia66@example.com,"[""perform"", ""significant"", ""believe""]","[{""street"": ""74911 Jeanne Plains Apt. 922"", ""city"": ""Lawrenceborough"", ""country"": ""Peru"", ""is_primary"": true}]","{""age"": 73, ""department"": ""Finance"", ""salary"": 92057.14, ""skills"": [""Accountant, chartered management""]}",[]
270,Ronald Brock,timothyjacobs@example.org,"[""school"", ""voice""]","[{""street"": ""21890 Cisneros Road Apt. 568"", ""city"": ""Port Edward"", ""country"": ""British Indian Ocean Territory (Chagos Archipelago)"", ""is_primary"": false}, {""street"": ""21171 Shepherd Springs"", ""city"": ""Gonzalezbury"", ""country"": ""Cayman Islands"", ""is_primary"": false}, {""street"": ""143 Pena Greens Apt. 102"", ""city"": ""Berryland"", ""country"": ""Namibia"", ""is_primary"": false}]","{""age"": 60, ""department"": ""HR"", ""salary"": 61916.14, ""skills"": [""Therapist, nutritional"", ""Architectural technologist"", ""Drilling engineer""]}","[{""type"": ""edit"", ""timestamp"": ""2025-08-25T20:55:46""}, {""type"": ""view"", ""timestamp"": ""2025-08-31T12:50:06""}]"
271,Kristy Morris,katherine71@example.net,"[""establish"", ""field"", ""cultural"", ""human""]","[{""street"": ""11105 Charles Forks Suite 154"", ""city"": ""Morenoview"", ""country"": ""Palau"", ""is_primary"": true}]","{""age"": 32, ""department"": ""Finance"", ""salary"": 106566.76, ""skills"": [""Hotel manager"", ""Purchasing manager""]}","[{""type"": ""edit"", ""timestamp"": ""2025-08-03T08:18:52""}]"
272,Amanda Johnson,qnichols@example.net,"[""crime"", ""rest"", ""pattern"", ""white"", ""thank""]","[{""street"": ""8754 Andrews Track Suite 453"", ""city"": ""Stephenport"", ""country"": ""Senegal"", ""is_primary"": false}, {""street"": ""5530 Elizabeth Inlet"", ""city"": ""East Mark"", ""country"": ""Northern Mariana Islands"", ""is_primary"": true}]","{""age"": 58, ""department"": ""Marketing"", ""salary"": 123969.89, ""skills"": [""Administrator, arts"", ""Clinical scientist, histocompatibility and immunogenetics""]}","[{""type"": ""view"", ""timestamp"": ""2025-02-02T15:44:35""}]"
273,Tyler Sexton,lcombs@example.org,"[""personal"", ""firm""]","[{""street"": ""9786 Cooper Estate"", ""city"": ""Smithberg"", ""country"": ""Venezuela"", ""is_primary"": false}, {""street"": ""25485 Bowman Radial"", ""city"": ""South Monica"", ""country"": ""Syrian Arab Republic"", ""is_primary"": true}]","{""age"": 59, ""department"": ""Sales"", ""salary"": 97512.23, ""skills"": [""Engineer, control and instrumentation"", ""Theatre manager"", ""Editor, magazine features"", ""Psychologist, sport and exercise""]}","[{""type"": ""purchase"", ""amount"": 452.75, ""currency"": ""USD""}]"
274,Melissa Riley,mary49@example.org,"[""especially"", ""other"", ""scientist"", ""according""]","[{""street"": ""631 Joseph Union"", ""city"": ""New Benjaminborough"", ""country"": ""Martinique"", ""is_primary"": true}]","{""age"": 68, ""department"": ""Engineering"", ""salary"": 41031.52, ""skills"": [""Ambulance person"", ""Editor, magazine features"", ""Exhibition designer""]}","[{""type"": ""login"", ""timestamp"": ""2025-04-28T05:28:57""}, {""type"": ""view"", ""timestamp"": ""2025-08-26T01:54:10""}]"
275,Wesley Campbell,normanedwards@example.net,"[""garden"", ""serve"", ""former""]","[{""street"": ""28664 Sherri Station"", ""city"": ""South Blakeburgh"", ""country"": ""Tajikistan"", ""is_primary"": false}, {""street"": ""725 Melissa Points"", ""city"": ""West Christopher"", ""country"": ""Holy See (Vatican City State)"", ""is_primary"": false}]","{""age"": 62, ""department"": ""Finance"", ""salary"": 117287.64, ""skills"": [""Financial planner"", ""Osteopath""]}","[{""type"": ""view"", ""timestamp"": ""2025-04-23T02:33:00""}]"
276,Angelica Brown,taylor24@example.net,"[""none"", ""stand"", ""that""]","[{""street"": ""4702 Gates Centers Suite 032"", ""city"": ""Jeffreychester"", ""country"": ""Senegal"", ""is_primary"": true}]","{""age"": 73, ""department"": ""HR"", ""salary"": 146804.13, ""skills"": [""Designer, ceramics/pottery""]}","[{""type"": ""purchase"", ""amount"": 866.95, ""currency"": ""USD""}, {""type"": ""view"", ""timestamp"": ""2025-10-25T09:25:03""}]"
277,Samantha Gray,hhill@example.net,"[""effect"", ""voice"", ""red"", ""involve"", ""so""]","[{""street"": ""4715 Williamson Trace"", ""city"": ""Jamieside"", ""country"": ""Zambia"", ""is_primary"": false}, {""street"": ""5448 Mark Trail Suite 471"", ""city"": ""South Mark"", ""country"": ""Korea"", ""is_primary"": true}]","{""age"": 56, ""department"": ""Marketing"", ""salary"": 98833.92, ""skills"": [""Statistician"", ""Therapist, sports""]}","[{""type"": ""purchase"", ""amount"": 736.28, ""currency"": ""EUR""}, {""type"": ""login"", ""timestamp"": ""2025-01-21T07:17:27""}]"
278,Douglas Ali,kim92@example.com,"[""strong"", ""cup"", ""nothing"", ""hope""]","[{""street"": ""195 Mccoy Harbors"", ""city"": ""Jenniferton"", ""country"": ""Burkina Faso"", ""is_primary"": true}, {""street"": ""0382 Mclaughlin Drive Apt. 021"", ""city"": ""Krystalview"", ""country"": ""Paraguay"", ""is_primary"": false}, {""street"": ""932 Clark Course"", ""city"": ""Garciatown"", ""country"": ""Cocos (Keeling) Islands"", ""is_primary"": true}]","{""age"": 66, ""department"": ""Finance"", ""salary"": 82230.04, ""skills"": [""Ambulance person""]}","[{""type"": ""edit"", ""timestamp"": ""2025-10-27T05:33:20""}, {""type"": ""edit"", ""timestamp"": ""2025-02-18T02:26:34""}, {""type"": ""login"", ""timestamp"": ""2025-09-06T21:31:48""}]"
279,Zachary Smith,rruiz@example.com,"[""individual"", ""himself"", ""control"", ""run""]","[{""street"": ""30272 Krista Parkway"", ""city"": ""Ericside"", ""country"": ""China"", ""is_primary"": false}]","{""age"": 22, ""department"": ""Sales"", ""salary"": 39866.78, ""skills"": [""Geophysicist/field seismologist"", ""Technical brewer"", ""Sales promotion account executive"", ""Radiographer, therapeutic""]}","[{""type"": ""purchase"", ""amount"": 23.52, ""currency"": ""USD""}, {""type"": ""edit"", ""timestamp"": ""2025-03-03T15:01:13""}, {""type"": ""purchase"", ""amount"": 569.22, ""currency"": ""EUR""}]"
280,Gregory Matthews,kwillis@example.org,"[""bring"", ""point"", ""city""]","[{""street"": ""5634 Lynn Square"", ""city"": ""Sandramouth"", ""country"": ""Nigeria"", ""is_primary"": false}]","{""age"": 62, ""department"": ""Marketing"", ""salary"": 113936.57, ""skills"": [""Museum/gallery curator"", ""Media buyer"", ""Teaching laboratory technician"", ""Data scientist""]}","[{""type"": ""view"", ""timestamp"": ""2025-05-28T00:35:10""}, {""type"": ""edit"", ""timestamp"": ""2025-05-17T04:44:13""}, {""type"": ""login"", ""timestamp"": ""2025-10-27T20:01:40""}]"
281,Felicia Smith,cynthiawilliams@example.org,"[""case"", ""accept""]","[{""street"": ""5275 Laura Ford"", ""city"": ""Ashleyview"", ""country"": ""Maldives"", ""is_primary"": false}]","{""age"": 76, ""department"": ""Finance"", ""salary"": 107317.17, ""skills"": [""Ship broker""]}","[{""type"": ""edit"", ""timestamp"": ""2025-08-18T17:13:40""}]"
282,Philip Mccann,smithsusan@example.net,"[""model"", ""thousand""]","[{""street"": ""54558 Joseph Light Apt. 859"", ""city"": ""West Anthony"", ""country"": ""Ireland"", ""is_primary"": true}, {""street"": ""065 Perkins Throughway"", ""city"": ""South Sarah"", ""country"": ""Saint Lucia"", ""is_primary"": false}, {""street"": ""0719 Carolyn Cape"", ""city"": ""South David"", ""country"": ""United States Virgin Islands"", ""is_primary"": false}]","{""age"": 29, ""department"": ""Sales"", ""salary"": 86278.35, ""skills"": [""Primary school teacher""]}","[{""type"": ""edit"", ""timestamp"": ""2025-07-10T19:55:35""}]"
283,Shawn Hoover,vincent96@example.com,"[""player"", ""I"", ""number""]","[{""street"": ""3218 Todd Ridge"", ""city"": ""Thomasside"", ""country"": ""Congo"", ""is_primary"": true}, {""street"": ""23568 William Trace"", ""city"": ""North Ashley"", ""country"": ""Saudi Arabia"", ""is_primary"": true}, {""street"": ""41682 Elizabeth Path Apt. 174"", ""city"": ""Elaineton"", ""country"": ""Turks and Caicos Islands"", ""is_primary"": true}]","{""age"": 57, ""department"": ""Sales"", ""salary"": 117535.8, ""skills"": [""Therapist, nutritional"", ""Designer, exhibition/display""]}","[{""type"": ""login"", ""timestamp"": ""2025-01-18T19:13:29""}, {""type"": ""login"", ""timestamp"": ""2025-10-23T13:09:37""}, {""type"": ""purchase"", ""amount"": 412.17, ""currency"": ""USD""}]"
284,David Reynolds,tammy06@example.com,"[""chair"", ""choice""]","[{""street"": ""8410 Charles Pines Apt. 911"", ""city"": ""New Austin"", ""country"": ""Sierra Leone"", ""is_primary"": true}, {""street"": ""649 Leblanc Motorway Suite 824"", ""city"": ""East Jennifer"", ""country"": ""Taiwan"", ""is_primary"": false}, {""street"": ""206 Meza Gardens"", ""city"": ""New Lisa"", ""country"": ""Togo"", ""is_primary"": false}]","{""age"": 74, ""department"": ""Sales"", ""salary"": 80992.67, ""skills"": [""Engineer, civil (consulting)""]}","[{""type"": ""login"", ""timestamp"": ""2025-04-01T17:50:46""}, {""type"": ""edit"", ""timestamp"": ""2025-04-09T07:05:28""}]"
285,Alexander Barron,johnkirby@example.org,"[""half"", ""Congress"", ""life"", ""hope""]","[{""street"": ""5563 Raymond Plaza"", ""city"": ""Jenniferberg"", ""country"": ""Congo"", ""is_primary"": false}]","{""age"": 68, ""department"": ""HR"", ""salary"": 44956.95, ""skills"": [""Social researcher"", ""Airline pilot""]}","[{""type"": ""login"", ""timestamp"": ""2025-07-04T03:20:12""}, {""type"": ""login"", ""timestamp"": ""2025-05-14T07:53:20""}]"
286,Tammy Sweeney,jacquelinemartinez@example.org,"[""hotel"", ""project"", ""word""]","[{""street"": ""83033 Alexandra Expressway Apt. 787"", ""city"": ""Fordville"", ""country"": ""Costa Rica"", ""is_primary"": true}, {""street"": ""08706 Mitchell Ports Suite 802"", ""city"": ""Lake Joseph"", ""country"": ""Oman"", ""is_primary"": false}]","{""age"": 26, ""department"": ""Engineering"", ""salary"": 120208.98, ""skills"": [""Armed forces technical officer""]}","[{""type"": ""login"", ""timestamp"": ""2025-06-08T13:19:02""}, {""type"": ""edit"", ""timestamp"": ""2025-05-04T18:40:41""}, {""type"": ""login"", ""timestamp"": ""2025-06-23T02:23:18""}]"
287,Matthew Davis,ycollier@example.net,"[""agent"", ""sort"", ""easy"", ""interest""]","[{""street"": ""396 Larson Inlet Suite 482"", ""city"": ""Alexandermouth"", ""country"": ""Rwanda"", ""is_primary"": true}, {""street"": ""54909 Stacey Throughway Apt. 456"", ""city"": ""North Elaineborough"", ""country"": ""Belarus"", ""is_primary"": false}]","{""age"": 68, ""department"": ""Marketing"", ""salary"": 70779.85, ""skills"": [""Professor Emeritus"", ""Audiological scientist""]}","[{""type"": ""edit"", ""timestamp"": ""2025-01-11T05:10:22""}]"
288,Kathryn Jackson,erikward@example.com,"[""choice"", ""inside""]","[{""street"": ""31579 Zachary Lakes"", ""city"": ""New Nicolehaven"", ""country"": ""Malta"", ""is_primary"": true}, {""street"": ""6558 Jackson Locks Suite 578"", ""city"": ""Myersview"", ""country"": ""Seychelles"", ""is_primary"": true}, {""street"": ""954 Sean Extension Apt. 400"", ""city"": ""New Anthonyfort"", ""country"": ""Tunisia"", ""is_primary"": true}]","{""age"": 53, ""department"": ""Engineering"", ""salary"": 67579.28, ""skills"": [""Soil scientist""]}","[{""type"": ""view"", ""timestamp"": ""2025-07-14T18:37:55""}, {""type"": ""login"", ""timestamp"": ""2025-07-12T22:00:21""}, {""type"": ""login"", ""timestamp"": ""2025-05-18T16:34:10""}]"
289,Mary Hall,candacelucero@example.com,"[""environment"", ""step""]","[{""street"": ""505 Curtis Landing"", ""city"": ""West Kelly"", ""country"": ""Uganda"", ""is_primary"": true}]","{""age"": 36, ""department"": ""Marketing"", ""salary"": 82920.78, ""skills"": [""Oncologist"", ""Occupational psychologist"", ""Politician's assistant"", ""Fashion designer""]}","[{""type"": ""login"", ""timestamp"": ""2025-10-11T14:15:49""}, {""type"": ""login"", ""timestamp"": ""2025-09-13T01:34:29""}, {""type"": ""purchase"", ""amount"": 322.16, ""currency"": ""EUR""}]"
290,Dawn Garcia,iboone@example.org,"[""trip"", ""account"", ""player"", ""down""]","[{""street"": ""17341 Rogers Haven Apt. 204"", ""city"": ""Davisstad"", ""country"": ""Kazakhstan"", ""is_primary"": true}, {""street"": ""01555 Davis Estates Suite 635"", ""city"": ""New Amandabury"", ""country"": ""Kazakhstan"", ""is_primary"": true}]","{""age"": 35, ""department"": ""Engineering"", ""salary"": 31028.17, ""skills"": [""Rural practice surveyor"", ""Biomedical engineer""]}",[]
291,Frank Freeman,tjohnson@example.com,"[""maintain"", ""century"", ""employee"", ""claim"", ""watch""]","[{""street"": ""944 Barbara Trail"", ""city"": ""Williamview"", ""country"": ""Northern Mariana Islands"", ""is_primary"": true}]","{""age"": 72, ""department"": ""Finance"", ""salary"": 39326.45, ""skills"": [""Programmer, applications"", ""Soil scientist"", ""Clinical scientist, histocompatibility and immunogenetics""]}","[{""type"": ""purchase"", ""amount"": 360.92, ""currency"": ""EUR""}, {""type"": ""edit"", ""timestamp"": ""2025-05-10T05:44:37""}]"
292,Charles Gibson,joshuahenson@example.org,"[""consumer"", ""poor""]","[{""street"": ""3245 Graves Lock Apt. 737"", ""city"": ""North Joshua"", ""country"": ""Brunei Darussalam"", ""is_primary"": true}]","{""age"": 39, ""department"": ""Finance"", ""salary"": 115559.75, ""skills"": [""Financial trader"", ""Tree surgeon""]}",[]
293,Jessica Cohen,qjacobs@example.org,"[""others"", ""grow"", ""century""]","[{""street"": ""2237 Hill Mountain"", ""city"": ""New Sarahfurt"", ""country"": ""Brunei Darussalam"", ""is_primary"": true}, {""street"": ""30098 Frederick Trafficway Apt. 876"", ""city"": ""Lake Jennifer"", ""country"": ""Guam"", ""is_primary"": true}]","{""age"": 44, ""department"": ""Engineering"", ""salary"": 74659.61, ""skills"": [""Mechanical engineer"", ""Brewing technologist"", ""Control and instrumentation engineer"", ""Public affairs consultant""]}","[{""type"": ""view"", ""timestamp"": ""2025-04-08T12:55:37""}, {""type"": ""purchase"", ""amount"": 257.72, ""currency"": ""USD""}, {""type"": ""login"", ""timestamp"": ""2025-02-21T00:56:56""}]"
294,Tim Savage,carsonsabrina@example.org,"[""always"", ""culture""]","[{""street"": ""09061 Morgan Ports"", ""city"": ""Gonzalezview"", ""country"": ""Saint Pierre and Miquelon"", ""is_primary"": false}, {""street"": ""44996 Emily Shoals Suite 417"", ""city"": ""Oneillburgh"", ""country"": ""Somalia"", ""is_primary"": true}]","{""age"": 73, ""department"": ""Finance"", ""salary"": 39212.56, ""skills"": [""Gaffer"", ""Games developer""]}","[{""type"": ""purchase"", ""amount"": 489.3, ""currency"": ""USD""}, {""type"": ""login"", ""timestamp"": ""2025-06-08T01:31:46""}, {""type"": ""view"", ""timestamp"": ""2025-03-08T05:59:00""}]"
295,Alicia Smith,jeremyevans@example.com,"[""son"", ""say""]","[{""street"": ""0404 Brown Ranch Apt. 022"", ""city"": ""Heathstad"", ""country"": ""Liechtenstein"", ""is_primary"": true}, {""street"": ""6309 Goodman Walks Apt. 301"", ""city"": ""South Craig"", ""country"": ""Vanuatu"", ""is_primary"": false}]","{""age"": 76, ""department"": ""Finance"", ""salary"": 47309.26, ""skills"": [""Restaurant manager, fast food""]}",[]
296,Susan Miller,gonzalezlauren@example.org,"[""difficult"", ""toward""]","[{""street"": ""363 Barnes Underpass"", ""city"": ""Port Misty"", ""country"": ""Martinique"", ""is_primary"": false}, {""street"": ""5044 Shaun Radial Suite 992"", ""city"": ""Lake Thomas"", ""country"": ""Denmark"", ""is_primary"": true}]","{""age"": 29, ""department"": ""HR"", ""salary"": 92876.42, ""skills"": [""Art gallery manager"", ""Product designer""]}",[]
297,Bradley Hurst,kimmary@example.com,"[""set"", ""between"", ""young""]","[{""street"": ""3238 Jones Gateway Suite 955"", ""city"": ""North Christopher"", ""country"": ""Pakistan"", ""is_primary"": true}, {""street"": ""89824 Wall Plain"", ""city"": ""South Michael"", ""country"": ""Singapore"", ""is_primary"": true}]","{""age"": 48, ""department"": ""Marketing"", ""salary"": 63680.21, ""skills"": [""Technical brewer"", ""Research scientist (medical)""]}","[{""type"": ""edit"", ""timestamp"": ""2025-03-20T14:26:17""}, {""type"": ""purchase"", ""amount"": 664.08, ""currency"": ""USD""}]"
298,Caroline Payne,amy79@example.org,"[""next"", ""yourself"", ""bank"", ""leader""]","[{""street"": ""3247 Anna Underpass"", ""city"": ""Jessicatown"", ""country"": ""Senegal"", ""is_primary"": false}, {""street"": ""852 Barron Avenue Apt. 525"", ""city"": ""Aaronview"", ""country"": ""Sri Lanka"", ""is_primary"": false}, {""street"": ""6770 Mcguire Ranch"", ""city"": ""South Derek"", ""country"": ""Myanmar"", ""is_primary"": true}]","{""age"": 63, ""department"": ""Marketing"", ""salary"": 136539.45, ""skills"": [""Dietitian"", ""Advice worker"", ""Engineer, communications"", ""Hospital pharmacist""]}","[{""type"": ""edit"", ""timestamp"": ""2025-05-05T03:58:42""}, {""type"": ""login"", ""timestamp"": ""2025-10-22T14:37:55""}]"
299,David Thomas,davidroman@example.net,"[""lawyer"", ""agency"", ""memory"", ""center""]","[{""street"": ""99552 Howard Mall"", ""city"": ""Lake Christopher"", ""country"": ""French Guiana"", ""is_primary"": false}, {""street"": ""1545 Romero Brooks Apt. 326"", ""city"": ""Lake Rachelshire"", ""country"": ""Cambodia"", ""is_primary"": false}]","{""age"": 67, ""department"": ""Engineering"", ""salary"": 103002.75, ""skills"": [""Geneticist, molecular"", ""Field trials officer""]}","[{""type"": ""view"", ""timestamp"": ""2025-03-13T10:19:54""}, {""type"": ""login"", ""timestamp"": ""2025-09-21T12:28:29""}]"
300,Anna Taylor,robertamclaughlin@example.org,"[""that"", ""sea""]","[{""street"": ""69119 Maria Mission"", ""city"": ""Douglasside"", ""country"": ""Mozambique"", ""is_primary"": false}]","{""age"": 67, ""department"": ""Finance"", ""salary"": 114936.57, ""skills"": [""Theatre manager"", ""Corporate treasurer""]}","[{""type"": ""view"", ""timestamp"": ""2025-07-14T12:10:57""}]"
301,Caroline Hernandez,woodscharles@example.net,"[""public"", ""send"", ""bad"", ""floor"", ""many""]","[{""street"": ""6581 Malone Village Apt. 681"", ""city"": ""South Michael"", ""country"": ""Serbia"", ""is_primary"": true}]","{""age"": 65, ""department"": ""Marketing"", ""salary"": 135227.58, ""skills"": [""Pharmacist, hospital"", ""Occupational therapist"", ""Administrator, sports"", ""Financial controller""]}","[{""type"": ""login"", ""timestamp"": ""2025-08-04T05:56:18""}, {""type"": ""edit"", ""timestamp"": ""2025-04-18T19:01:44""}, {""type"": ""purchase"", ""amount"": 490.69, ""currency"": ""GBP""}]"
302,Donna Rhodes,thomas24@example.com,"[""part"", ""son"", ""born"", ""building""]","[{""street"": ""355 Calhoun Falls"", ""city"": ""Cindyberg"", ""country"": ""Cuba"", ""is_primary"": false}, {""street"": ""62399 Baker Islands Apt. 327"", ""city"": ""North Diana"", ""country"": ""Saint Barthelemy"", ""is_primary"": false}]","{""age"": 51, ""department"": ""HR"", ""salary"": 98769.67, ""skills"": [""Charity officer""]}","[{""type"": ""view"", ""timestamp"": ""2025-05-15T08:22:47""}, {""type"": ""purchase"", ""amount"": 77.31, ""currency"": ""GBP""}, {""type"": ""edit"", ""timestamp"": ""2025-09-25T17:18:10""}]"
303,Joy Burke,stephaniecoleman@example.net,"[""recently"", ""nor""]","[{""street"": ""66224 Daniel Dale"", ""city"": ""Lake Vanessa"", ""country"": ""Venezuela"", ""is_primary"": true}]","{""age"": 79, ""department"": ""Marketing"", ""salary"": 102532.4, ""skills"": [""Data processing manager"", ""Designer, fashion/clothing"", ""Microbiologist""]}","[{""type"": ""view"", ""timestamp"": ""2025-07-29T18:54:20""}]"
304,Dorothy Frederick,padilladeanna@example.org,"[""boy"", ""purpose"", ""although""]","[{""street"": ""61195 Sarah Knoll"", ""city"": ""Sarahhaven"", ""country"": ""Tokelau"", ""is_primary"": true}, {""street"": ""88240 Gregory Summit"", ""city"": ""West Richard"", ""country"": ""Sudan"", ""is_primary"": true}]","{""age"": 30, ""department"": ""Finance"", ""salary"": 149576.54, ""skills"": [""Exhibition designer""]}","[{""type"": ""edit"", ""timestamp"": ""2025-05-22T11:32:45""}]"
305,Andrea Bailey,davidhampton@example.net,"[""six"", ""clear"", ""but""]","[{""street"": ""92129 Smith Dam"", ""city"": ""Petersonmouth"", ""country"": ""Sweden"", ""is_primary"": false}, {""street"": ""3925 Taylor Grove"", ""city"": ""Lake Robert"", ""country"": ""British Virgin Islands"", ""is_primary"": true}, {""street"": ""099 Heather Terrace Apt. 727"", ""city"": ""Lake Debra"", ""country"": ""Isle of Man"", ""is_primary"": false}]","{""age"": 43, ""department"": ""HR"", ""salary"": 93011.69, ""skills"": [""Solicitor"", ""Teacher, primary school"", ""Physiotherapist"", ""Administrator, education""]}","[{""type"": ""login"", ""timestamp"": ""2025-10-18T13:31:14""}, {""type"": ""view"", ""timestamp"": ""2025-06-06T10:25:09""}, {""type"": ""edit"", ""timestamp"": ""2025-01-26T18:04:52""}]"
306,James Daniel,camposkyle@example.com,"[""decide"", ""describe""]","[{""street"": ""515 Ford Plaza Suite 454"", ""city"": ""Lake Marcusbury"", ""country"": ""Saint Martin"", ""is_primary"": false}]","{""age"": 51, ""department"": ""Engineering"", ""salary"": 41885.59, ""skills"": [""Hospital doctor"", ""Theatre manager"", ""Nurse, adult"", ""Civil Service fast streamer""]}","[{""type"": ""view"", ""timestamp"": ""2025-05-15T04:47:45""}, {""type"": ""login"", ""timestamp"": ""2025-01-03T18:34:36""}]"
307,Andrea Perez,jensenandrew@example.net,"[""career"", ""early""]","[{""street"": ""592 Ray Spur Apt. 631"", ""city"": ""South William"", ""country"": ""Korea"", ""is_primary"": true}, {""street"": ""885 Simpson Loop Apt. 794"", ""city"": ""Schmidtport"", ""country"": ""Anguilla"", ""is_primary"": true}, {""street"": ""1260 Simmons Mills"", ""city"": ""North Kathleen"", ""country"": ""Cyprus"", ""is_primary"": true}]","{""age"": 29, ""department"": ""Marketing"", ""salary"": 62016.05, ""skills"": [""Meteorologist"", ""Agricultural engineer""]}","[{""type"": ""login"", ""timestamp"": ""2025-09-19T01:47:22""}, {""type"": ""edit"", ""timestamp"": ""2025-07-17T22:07:54""}]"
308,Nicholas Davis,ccoleman@example.com,"[""newspaper"", ""attorney""]","[{""street"": ""665 Mccullough Alley Suite 613"", ""city"": ""Stephensside"", ""country"": ""Saint Barthelemy"", ""is_primary"": true}, {""street"": ""93970 Gay Neck"", ""city"": ""Tylerfort"", ""country"": ""Indonesia"", ""is_primary"": false}, {""street"": ""4083 Morris Falls Suite 770"", ""city"": ""Amandabury"", ""country"": ""Gambia"", ""is_primary"": true}]","{""age"": 41, ""department"": ""Sales"", ""salary"": 146768.46, ""skills"": [""Programmer, systems"", ""Adult guidance worker""]}","[{""type"": ""view"", ""timestamp"": ""2025-07-17T01:09:28""}, {""type"": ""purchase"", ""amount"": 766.08, ""currency"": ""EUR""}, {""type"": ""edit"", ""timestamp"": ""2025-04-16T06:24:45""}]"
309,David Cruz,adrianahale@example.net,"[""degree"", ""question"", ""never""]","[{""street"": ""406 Kaufman Ports"", ""city"": ""North Michelleport"", ""country"": ""Korea"", ""is_primary"": true}]","{""age"": 70, ""department"": ""Sales"", ""salary"": 96260.67, ""skills"": [""Heritage manager"", ""Phytotherapist""]}","[{""type"": ""edit"", ""timestamp"": ""2025-08-13T21:35:27""}, {""type"": ""edit"", ""timestamp"": ""2025-07-25T04:46:13""}]"
310,David Romero,rkelley@example.org,"[""lot"", ""behavior"", ""ago""]","[{""street"": ""99167 Terri Villages"", ""city"": ""Philipton"", ""country"": ""Seychelles"", ""is_primary"": false}, {""street"": ""6380 Adams Loaf"", ""city"": ""Cooperview"", ""country"": ""South Georgia and the South Sandwich Islands"", ""is_primary"": false}, {""street"": ""05857 Kara Overpass"", ""city"": ""Port Charlesborough"", ""country"": ""Syrian Arab Republic"", ""is_primary"": true}]","{""age"": 49, ""department"": ""HR"", ""salary"": 36123.68, ""skills"": [""Dancer"", ""Armed forces logistics/support/administrative officer"", ""Health and safety adviser""]}",[]
311,Felicia May,butlersamantha@example.net,"[""executive"", ""although"", ""imagine"", ""prepare""]","[{""street"": ""71053 Carter Coves Suite 503"", ""city"": ""Perezton"", ""country"": ""Trinidad and Tobago"", ""is_primary"": false}, {""street"": ""18029 Daniel Neck"", ""city"": ""West Ivanborough"", ""country"": ""Paraguay"", ""is_primary"": true}, {""street"": ""56738 Levy Crest"", ""city"": ""Riversfurt"", ""country"": ""Saudi Arabia"", ""is_primary"": false}]","{""age"": 80, ""department"": ""HR"", ""salary"": 144854.6, ""skills"": [""Interpreter"", ""Chief Strategy Officer""]}","[{""type"": ""view"", ""timestamp"": ""2025-04-14T06:14:23""}, {""type"": ""purchase"", ""amount"": 158.24, ""currency"": ""GBP""}, {""type"": ""edit"", ""timestamp"": ""2025-02-05T01:46:13""}]"
312,Emily White,teresa21@example.org,"[""idea"", ""painting"", ""collection""]","[{""street"": ""3800 Holmes Islands Apt. 387"", ""city"": ""New Charlesside"", ""country"": ""Hungary"", ""is_primary"": false}]","{""age"": 29, ""department"": ""Marketing"", ""salary"": 79207.71, ""skills"": [""Engineer, electrical"", ""Electronics engineer"", ""Acupuncturist""]}",[]
313,Cameron Ross,gomeztom@example.net,"[""plan"", ""discussion"", ""information""]","[{""street"": ""064 Nancy Shoals"", ""city"": ""New Patrick"", ""country"": ""Australia"", ""is_primary"": true}]","{""age"": 54, ""department"": ""Marketing"", ""salary"": 122240.04, ""skills"": [""Herpetologist""]}","[{""type"": ""view"", ""timestamp"": ""2025-05-05T20:39:17""}, {""type"": ""login"", ""timestamp"": ""2025-06-17T19:42:43""}, {""type"": ""login"", ""timestamp"": ""2025-04-17T21:56:16""}]"
314,Kenneth Williams,vincentmccullough@example.org,"[""shoulder"", ""force""]","[{""street"": ""1842 Keith Isle Suite 019"", ""city"": ""New Kevin"", ""country"": ""Ukraine"", ""is_primary"": false}, {""street"": ""1261 Jared Ports Apt. 554"", ""city"": ""Wardville"", ""country"": ""Namibia"", ""is_primary"": false}]","{""age"": 49, ""department"": ""Finance"", ""salary"": 139009.63, ""skills"": [""Photographer""]}","[{""type"": ""view"", ""timestamp"": ""2025-01-25T12:37:11""}, {""type"": ""login"", ""timestamp"": ""2025-08-13T20:01:17""}, {""type"": ""login"", ""timestamp"": ""2025-09-16T15:16:08""}]"
315,Lisa Patton,brett46@example.net,"[""station"", ""support"", ""dark""]","[{""street"": ""9526 Mark Route"", ""city"": ""Ashleyfurt"", ""country"": ""Djibouti"", ""is_primary"": false}, {""street"": ""293 Alexandra Well"", ""city"": ""Booneland"", ""country"": ""Palestinian Territory"", ""is_primary"": false}]","{""age"": 42, ""department"": ""Engineering"", ""salary"": 92624.64, ""skills"": [""Media planner"", ""Medical sales representative"", ""Sports development officer""]}","[{""type"": ""view"", ""timestamp"": ""2025-03-03T02:18:58""}]"
316,Melissa Snyder,yduran@example.com,"[""front"", ""always"", ""morning"", ""open"", ""mother""]","[{""street"": ""86016 Hernandez Ramp Apt. 713"", ""city"": ""East Derek"", ""country"": ""Saint Helena"", ""is_primary"": false}]","{""age"": 29, ""department"": ""HR"", ""salary"": 37379.62, ""skills"": [""Occupational hygienist"", ""Animator"", ""Financial planner"", ""Diagnostic radiographer""]}","[{""type"": ""login"", ""timestamp"": ""2025-07-30T22:06:23""}]"
317,Nancy Shaw,ythompson@example.org,"[""side"", ""my"", ""movement"", ""idea""]","[{""street"": ""72430 Steven Green Apt. 661"", ""city"": ""East Seanbury"", ""country"": ""Taiwan"", ""is_primary"": false}, {""street"": ""7278 Andre Cliffs Apt. 768"", ""city"": ""North Sandra"", ""country"": ""India"", ""is_primary"": true}]","{""age"": 62, ""department"": ""Marketing"", ""salary"": 74487.68, ""skills"": [""Building services engineer""]}",[]
318,Gabrielle Burton,patriciawilliams@example.net,"[""above"", ""table"", ""offer"", ""still"", ""movie""]","[{""street"": ""5773 Carmen Greens"", ""city"": ""Oneillburgh"", ""country"": ""Gabon"", ""is_primary"": true}]","{""age"": 80, ""department"": ""HR"", ""salary"": 72437.93, ""skills"": [""Associate Professor""]}","[{""type"": ""purchase"", ""amount"": 30.57, ""currency"": ""GBP""}, {""type"": ""purchase"", ""amount"": 128.02, ""currency"": ""GBP""}]"
319,Devin Dixon,lopezvictoria@example.com,"[""action"", ""buy"", ""son""]","[{""street"": ""09006 Timothy Flat Apt. 808"", ""city"": ""South Samantha"", ""country"": ""Aruba"", ""is_primary"": true}, {""street"": ""3401 Smith Road Apt. 619"", ""city"": ""Camposton"", ""country"": ""Sri Lanka"", ""is_primary"": true}]","{""age"": 53, ""department"": ""Engineering"", ""salary"": 109203.3, ""skills"": [""Hydrographic surveyor"", ""Engineer, site"", ""Forensic psychologist"", ""Adult nurse""]}","[{""type"": ""login"", ""timestamp"": ""2025-04-07T16:43:42""}, {""type"": ""edit"", ""timestamp"": ""2025-03-28T20:43:21""}]"
320,Dawn Rogers,morganmichele@example.com,"[""speech"", ""happy""]","[{""street"": ""94998 Willis Underpass"", ""city"": ""Nathanberg"", ""country"": ""Luxembourg"", ""is_primary"": true}]","{""age"": 20, ""department"": ""Engineering"", ""salary"": 67090.37, ""skills"": [""Ceramics designer"", ""Psychiatrist"", ""Hospital doctor"", ""Historic buildings inspector/conservation officer""]}","[{""type"": ""view"", ""timestamp"": ""2025-01-09T12:48:53""}, {""type"": ""purchase"", ""amount"": 725.3, ""currency"": ""EUR""}]"
321,Patrick Bennett,regina89@example.com,"[""decision"", ""talk""]","[{""street"": ""44411 Andrew Manor Suite 630"", ""city"": ""East Deanna"", ""country"": ""Taiwan"", ""is_primary"": false}]","{""age"": 23, ""department"": ""Sales"", ""salary"": 65733.18, ""skills"": [""Therapist, drama"", ""Chartered public finance accountant"", ""Podiatrist"", ""Medical illustrator""]}","[{""type"": ""login"", ""timestamp"": ""2025-01-22T02:11:10""}, {""type"": ""purchase"", ""amount"": 408.26, ""currency"": ""GBP""}, {""type"": ""purchase"", ""amount"": 322.48, ""currency"": ""EUR""}]"
322,Erik Ochoa,mrobinson@example.net,"[""cup"", ""guy"", ""then"", ""hour""]","[{""street"": ""190 Carl Cape Suite 543"", ""city"": ""Christianstad"", ""country"": ""Mozambique"", ""is_primary"": false}, {""street"": ""38151 John Valley Suite 789"", ""city"": ""West Jason"", ""country"": ""Guam"", ""is_primary"": true}]","{""age"": 33, ""department"": ""HR"", ""salary"": 50352.9, ""skills"": [""Arts development officer"", ""Psychologist, occupational""]}","[{""type"": ""login"", ""timestamp"": ""2025-08-21T01:27:36""}, {""type"": ""login"", ""timestamp"": ""2025-01-15T01:37:10""}]"
323,Zachary Hernandez,codymiller@example.net,"[""wish"", ""meet"", ""develop""]","[{""street"": ""0036 Melinda Shoals Suite 305"", ""city"": ""Donaldfurt"", ""country"": ""Christmas Island"", ""is_primary"": false}]","{""age"": 76, ""department"": ""Finance"", ""salary"": 61236.05, ""skills"": [""Research scientist (maths)""]}","[{""type"": ""edit"", ""timestamp"": ""2025-05-30T21:43:03""}, {""type"": ""edit"", ""timestamp"": ""2025-06-27T09:40:53""}, {""type"": ""purchase"", ""amount"": 181.33, ""currency"": ""GBP""}]"
324,Robert Martinez,mwest@example.com,"[""per"", ""effect"", ""west"", ""each""]","[{""street"": ""33858 Richard Summit Suite 834"", ""city"": ""Lake Jeffrey"", ""country"": ""Lithuania"", ""is_primary"": true}, {""street"": ""2324 William Squares"", ""city"": ""Lauraport"", ""country"": ""Kiribati"", ""is_primary"": false}]","{""age"": 77, ""department"": ""Engineering"", ""salary"": 112518.02, ""skills"": [""Designer, textile""]}","[{""type"": ""edit"", ""timestamp"": ""2025-06-13T09:32:41""}]"
325,Victoria Crawford,brandon72@example.org,"[""party"", ""total"", ""whole""]","[{""street"": ""83691 Noah Harbor Apt. 603"", ""city"": ""Morrowfurt"", ""country"": ""Malta"", ""is_primary"": false}, {""street"": ""06957 Stephen Stravenue Apt. 022"", ""city"": ""Maryshire"", ""country"": ""Saudi Arabia"", ""is_primary"": false}]","{""age"": 58, ""department"": ""Sales"", ""salary"": 89574.34, ""skills"": [""Engineer, chemical"", ""Solicitor, Scotland""]}","[{""type"": ""view"", ""timestamp"": ""2025-05-21T20:45:05""}]"
326,Courtney Taylor,ginaromero@example.net,"[""consider"", ""sea"", ""local"", ""American""]","[{""street"": ""92980 Ronald Brooks"", ""city"": ""Millerfurt"", ""country"": ""Marshall Islands"", ""is_primary"": true}, {""street"": ""410 Mccann Terrace"", ""city"": ""Fitzgeraldville"", ""country"": ""Heard Island and McDonald Islands"", ""is_primary"": false}]","{""age"": 50, ""department"": ""Finance"", ""salary"": 46843.04, ""skills"": [""Pharmacist, hospital""]}","[{""type"": ""login"", ""timestamp"": ""2025-08-13T10:20:18""}, {""type"": ""purchase"", ""amount"": 835.57, ""currency"": ""USD""}, {""type"": ""view"", ""timestamp"": ""2025-04-22T15:44:02""}]"
327,Michelle Gordon,mshepard@example.net,"[""you"", ""gun""]","[{""street"": ""880 Elizabeth Vista"", ""city"": ""Port Katiefurt"", ""country"": ""Suriname"", ""is_primary"": false}, {""street"": ""7921 Eric Stream"", ""city"": ""Floydville"", ""country"": ""Somalia"", ""is_primary"": false}, {""street"": ""799 Christopher Square"", ""city"": ""Martinezhaven"", ""country"": ""Zambia"", ""is_primary"": false}]","{""age"": 62, ""department"": ""Finance"", ""salary"": 34628.85, ""skills"": [""Engineer, automotive""]}","[{""type"": ""view"", ""timestamp"": ""2025-08-15T02:00:30""}, {""type"": ""edit"", ""timestamp"": ""2025-08-12T14:05:46""}, {""type"": ""login"", ""timestamp"": ""2025-07-22T17:08:11""}]"
328,Wanda Johnson,tracy10@example.com,"[""car"", ""section"", ""everything"", ""win""]","[{""street"": ""004 Ramirez Vista Apt. 408"", ""city"": ""Leonardfort"", ""country"": ""Central African Republic"", ""is_primary"": true}, {""street"": ""3330 Wright Stream"", ""city"": ""Jeffreyfort"", ""country"": ""Guinea-Bissau"", ""is_primary"": false}]","{""age"": 39, ""department"": ""Marketing"", ""salary"": 62437.19, ""skills"": [""Architectural technologist"", ""Human resources officer"", ""Hydrologist""]}",[]
329,Jeffrey Arellano,katherinebrown@example.net,"[""success"", ""commercial""]","[{""street"": ""787 Robert Loaf Suite 724"", ""city"": ""South Christopherberg"", ""country"": ""Angola"", ""is_primary"": false}]","{""age"": 62, ""department"": ""HR"", ""salary"": 98865.09, ""skills"": [""Research officer, political party"", ""Immigration officer"", ""Best boy""]}","[{""type"": ""view"", ""timestamp"": ""2025-08-30T03:05:13""}]"
330,Joseph Suarez,davidanderson@example.com,"[""nature"", ""edge"", ""together""]","[{""street"": ""125 Stanley Drive"", ""city"": ""West Sharon"", ""country"": ""Kiribati"", ""is_primary"": true}, {""street"": ""349 Benjamin Drive"", ""city"": ""Meganville"", ""country"": ""Tuvalu"", ""is_primary"": false}, {""street"": ""6656 Ferguson Vista Apt. 679"", ""city"": ""East Donnaburgh"", ""country"": ""Central African Republic"", ""is_primary"": true}]","{""age"": 35, ""department"": ""HR"", ""salary"": 98134.12, ""skills"": [""Producer, radio"", ""Quality manager""]}",[]
331,Jill Downs,vincentmark@example.org,"[""evidence"", ""would"", ""surface"", ""safe""]","[{""street"": ""73059 Johnson Circles"", ""city"": ""Jamesview"", ""country"": ""Comoros"", ""is_primary"": false}]","{""age"": 73, ""department"": ""Sales"", ""salary"": 54103.5, ""skills"": [""Recycling officer""]}","[{""type"": ""view"", ""timestamp"": ""2025-04-25T21:00:03""}, {""type"": ""purchase"", ""amount"": 425.98, ""currency"": ""GBP""}]"
332,Samantha Clark,vlee@example.org,"[""rather"", ""rate""]","[{""street"": ""6788 Lindsey Lock"", ""city"": ""Lake Lauraburgh"", ""country"": ""Congo"", ""is_primary"": false}, {""street"": ""23419 Andrew Place Apt. 289"", ""city"": ""Rogersburgh"", ""country"": ""Congo"", ""is_primary"": false}]","{""age"": 55, ""department"": ""Marketing"", ""salary"": 105254.76, ""skills"": [""Pension scheme manager"", ""Chiropodist""]}",[]
333,Craig Nash,rparker@example.org,"[""million"", ""government""]","[{""street"": ""975 Martin Falls Apt. 647"", ""city"": ""Morrisside"", ""country"": ""Mongolia"", ""is_primary"": true}]","{""age"": 24, ""department"": ""Engineering"", ""salary"": 89324.04, ""skills"": [""Fast food restaurant manager"", ""Brewing technologist""]}","[{""type"": ""purchase"", ""amount"": 653.23, ""currency"": ""GBP""}]"
334,Karen Cunningham,david57@example.net,"[""say"", ""send""]","[{""street"": ""567 Justin Underpass"", ""city"": ""West Anthony"", ""country"": ""China"", ""is_primary"": true}, {""street"": ""083 Moss Square Apt. 016"", ""city"": ""Port Phillipmouth"", ""country"": ""Montenegro"", ""is_primary"": true}, {""street"": ""895 Philip Plains Apt. 662"", ""city"": ""West Kevin"", ""country"": ""Afghanistan"", ""is_primary"": false}]","{""age"": 80, ""department"": ""HR"", ""salary"": 148149.22, ""skills"": [""Production manager"", ""Chartered loss adjuster""]}",[]
335,Angela Cook,tammiepena@example.net,"[""rather"", ""environmental"", ""happy""]","[{""street"": ""78776 Andrea Cliff"", ""city"": ""Erinhaven"", ""country"": ""Sudan"", ""is_primary"": false}, {""street"": ""78543 Rebecca Forks"", ""city"": ""Perezmouth"", ""country"": ""South Georgia and the South Sandwich Islands"", ""is_primary"": true}, {""street"": ""7099 Harrington Islands Suite 745"", ""city"": ""Meganside"", ""country"": ""Spain"", ""is_primary"": true}]","{""age"": 36, ""department"": ""Finance"", ""salary"": 35747.78, ""skills"": [""Engineer, maintenance (IT)"", ""Dramatherapist""]}","[{""type"": ""login"", ""timestamp"": ""2025-07-01T17:57:26""}, {""type"": ""login"", ""timestamp"": ""2025-08-17T04:37:34""}, {""type"": ""login"", ""timestamp"": ""2025-04-19T03:38:09""}]"
336,Angela Daniels,virginia68@example.org,"[""deep"", ""ok"", ""half""]","[{""street"": ""121 Mckenzie Harbor"", ""city"": ""Port Michaelland"", ""country"": ""Saint Kitts and Nevis"", ""is_primary"": false}, {""street"": ""28000 Trevor Vista Apt. 714"", ""city"": ""New Joshua"", ""country"": ""Netherlands Antilles"", ""is_primary"": false}, {""street"": ""432 Stuart Spur Apt. 701"", ""city"": ""New Lisa"", ""country"": ""Guinea-Bissau"", ""is_primary"": false}]","{""age"": 79, ""department"": ""Finance"", ""salary"": 146744.7, ""skills"": [""Biochemist, clinical"", ""Designer, blown glass/stained glass""]}","[{""type"": ""edit"", ""timestamp"": ""2025-04-11T06:41:21""}, {""type"": ""purchase"", ""amount"": 859.62, ""currency"": ""EUR""}, {""type"": ""purchase"", ""amount"": 563.81, ""currency"": ""GBP""}]"
337,Amber Salas,rossbenjamin@example.net,"[""prepare"", ""language"", ""behind"", ""style"", ""almost""]","[{""street"": ""7529 Jason Walk Apt. 208"", ""city"": ""New Jerry"", ""country"": ""Barbados"", ""is_primary"": false}, {""street"": ""35666 Lopez Mill Suite 566"", ""city"": ""Johnport"", ""country"": ""Central African Republic"", ""is_primary"": true}]","{""age"": 65, ""department"": ""Sales"", ""salary"": 82078.11, ""skills"": [""Animator"", ""Proofreader"", ""Contracting civil engineer"", ""Maintenance engineer""]}",[]
338,Michael Lopez,timothycross@example.org,"[""son"", ""head"", ""poor"", ""evening"", ""glass""]","[{""street"": ""95758 Thomas Road"", ""city"": ""Stanleyland"", ""country"": ""Tuvalu"", ""is_primary"": true}, {""street"": ""86148 Caleb Rue"", ""city"": ""New Lauren"", ""country"": ""Oman"", ""is_primary"": true}, {""street"": ""24994 Belinda Port"", ""city"": ""Wadeville"", ""country"": ""Montenegro"", ""is_primary"": true}]","{""age"": 51, ""department"": ""Finance"", ""salary"": 108752.8, ""skills"": [""Education officer, community"", ""Scientist, biomedical"", ""Comptroller""]}",[]
339,Amy Frank,bowmanlauren@example.org,"[""southern"", ""skill""]","[{""street"": ""27486 Danny Heights Apt. 147"", ""city"": ""North Tina"", ""country"": ""Zimbabwe"", ""is_primary"": true}, {""street"": ""1976 Nancy Via"", ""city"": ""Port Robertmouth"", ""country"": ""Guinea-Bissau"", ""is_primary"": false}, {""street"": ""074 Choi Walk"", ""city"": ""South Amanda"", ""country"": ""Gibraltar"", ""is_primary"": true}]","{""age"": 79, ""department"": ""Sales"", ""salary"": 124243.9, ""skills"": [""Scientist, clinical (histocompatibility and immunogenetics)""]}","[{""type"": ""edit"", ""timestamp"": ""2025-04-16T12:08:32""}, {""type"": ""login"", ""timestamp"": ""2025-10-03T06:58:37""}, {""type"": ""login"", ""timestamp"": ""2025-10-13T19:15:50""}]"
340,Kayla Vega,perryshannon@example.com,"[""she"", ""we"", ""agreement"", ""natural""]","[{""street"": ""90594 Oliver Corners Apt. 527"", ""city"": ""West Sandra"", ""country"": ""Central African Republic"", ""is_primary"": false}, {""street"": ""31841 Allen Burgs Apt. 791"", ""city"": ""New Jonathan"", ""country"": ""Belize"", ""is_primary"": true}]","{""age"": 56, ""department"": ""Sales"", ""salary"": 124897.07, ""skills"": [""Engineer, manufacturing systems"", ""Production assistant, television"", ""Lecturer, higher education""]}","[{""type"": ""purchase"", ""amount"": 168.07, ""currency"": ""EUR""}]"
341,Victoria Ward,pruittomar@example.com,"[""everything"", ""possible"", ""discuss"", ""power"", ""wide""]","[{""street"": ""864 Taylor Garden"", ""city"": ""East Jenniferfort"", ""country"": ""United Arab Emirates"", ""is_primary"": false}]","{""age"": 31, ""department"": ""HR"", ""salary"": 55126.16, ""skills"": [""Surveyor, insurance""]}","[{""type"": ""login"", ""timestamp"": ""2025-02-26T13:24:18""}, {""type"": ""edit"", ""timestamp"": ""2025-02-10T02:57:14""}, {""type"": ""purchase"", ""amount"": 125.32, ""currency"": ""EUR""}]"
342,Kyle Hoffman,xstevens@example.net,"[""bed"", ""fill"", ""board""]","[{""street"": ""84979 Steven Bridge"", ""city"": ""North Markchester"", ""country"": ""Taiwan"", ""is_primary"": false}, {""street"": ""26917 Stephen Turnpike"", ""city"": ""New Colin"", ""country"": ""Zambia"", ""is_primary"": false}]","{""age"": 29, ""department"": ""HR"", ""salary"": 118693.79, ""skills"": [""Education officer, museum""]}","[{""type"": ""purchase"", ""amount"": 887.38, ""currency"": ""EUR""}]"
343,Teresa Duncan,jacobdavenport@example.org,"[""protect"", ""nation"", ""continue"", ""life"", ""evening""]","[{""street"": ""5317 Thompson Lodge Apt. 568"", ""city"": ""Jameschester"", ""country"": ""Gambia"", ""is_primary"": false}, {""street"": ""621 Daniel Ports Apt. 111"", ""city"": ""Austinberg"", ""country"": ""Lao People's Democratic Republic"", ""is_primary"": false}]","{""age"": 80, ""department"": ""Finance"", ""salary"": 72211.11, ""skills"": [""Designer, multimedia"", ""Aeronautical engineer""]}",[]
344,Pamela Merritt,bleonard@example.net,"[""rule"", ""place"", ""region"", ""bring""]","[{""street"": ""2444 Yang View Suite 102"", ""city"": ""Carlyfort"", ""country"": ""Palestinian Territory"", ""is_primary"": false}, {""street"": ""257 Newton Viaduct"", ""city"": ""New Frankborough"", ""country"": ""Georgia"", ""is_primary"": true}, {""street"": ""75423 Hicks Island"", ""city"": ""Mathewberg"", ""country"": ""Argentina"", ""is_primary"": true}]","{""age"": 60, ""department"": ""Engineering"", ""salary"": 121698.41, ""skills"": [""Music therapist"", ""Scientist, biomedical"", ""Surveyor, planning and development""]}","[{""type"": ""purchase"", ""amount"": 697.49, ""currency"": ""USD""}, {""type"": ""edit"", ""timestamp"": ""2025-04-08T03:50:14""}, {""type"": ""edit"", ""timestamp"": ""2025-02-05T22:38:01""}]"
345,Tiffany Wilson,julie89@example.com,"[""trouble"", ""eat""]","[{""street"": ""052 Deborah Trail Apt. 712"", ""city"": ""Farmerville"", ""country"": ""British Indian Ocean Territory (Chagos Archipelago)"", ""is_primary"": false}]","{""age"": 42, ""department"": ""HR"", ""salary"": 149742.37, ""skills"": [""Paediatric nurse""]}","[{""type"": ""login"", ""timestamp"": ""2025-06-08T08:52:38""}, {""type"": ""view"", ""timestamp"": ""2025-08-19T13:35:40""}]"
346,Christine Baker,jesse45@example.org,"[""close"", ""business""]","[{""street"": ""849 Donna Path Suite 865"", ""city"": ""West Tanyahaven"", ""country"": ""Saint Barthelemy"", ""is_primary"": true}, {""street"": ""040 James Via"", ""city"": ""Smithton"", ""country"": ""Puerto Rico"", ""is_primary"": false}, {""street"": ""39399 Colleen Stream"", ""city"": ""Heatherland"", ""country"": ""Colombia"", ""is_primary"": true}]","{""age"": 57, ""department"": ""Finance"", ""salary"": 32090.28, ""skills"": [""Surveyor, minerals"", ""Furniture conservator/restorer"", ""Equality and diversity officer"", ""Immunologist""]}","[{""type"": ""edit"", ""timestamp"": ""2025-10-08T22:18:51""}]"
347,Kristopher Williams,deleonjeffrey@example.com,"[""week"", ""pick"", ""second""]","[{""street"": ""7112 William Tunnel Suite 601"", ""city"": ""Jonberg"", ""country"": ""Northern Mariana Islands"", ""is_primary"": false}, {""street"": ""1820 Morgan Dam Suite 199"", ""city"": ""Thomasburgh"", ""country"": ""Barbados"", ""is_primary"": false}]","{""age"": 30, ""department"": ""Sales"", ""salary"": 118247.12, ""skills"": [""Market researcher"", ""Air cabin crew"", ""Purchasing manager""]}","[{""type"": ""login"", ""timestamp"": ""2025-03-26T07:29:32""}, {""type"": ""purchase"", ""amount"": 69.34, ""currency"": ""EUR""}, {""type"": ""purchase"", ""amount"": 356.78, ""currency"": ""EUR""}]"
348,Sarah Martinez,bhernandez@example.com,"[""big"", ""pass"", ""organization"", ""opportunity"", ""couple""]","[{""street"": ""4058 Brown Corners Apt. 219"", ""city"": ""New Marybury"", ""country"": ""Cameroon"", ""is_primary"": true}, {""street"": ""86725 Megan Rue Suite 536"", ""city"": ""Rodriguezmouth"", ""country"": ""Slovakia (Slovak Republic)"", ""is_primary"": false}, {""street"": ""0946 Katie Harbor"", ""city"": ""Teresafurt"", ""country"": ""Niue"", ""is_primary"": true}]","{""age"": 79, ""department"": ""HR"", ""salary"": 114855.94, ""skills"": [""Web designer""]}","[{""type"": ""purchase"", ""amount"": 568.62, ""currency"": ""EUR""}, {""type"": ""login"", ""timestamp"": ""2025-03-04T21:43:52""}, {""type"": ""edit"", ""timestamp"": ""2025-02-12T01:51:55""}]"
349,Sharon Zamora,michelechurch@example.com,"[""education"", ""fear"", ""amount"", ""may""]","[{""street"": ""2903 Mary Parks"", ""city"": ""West Emilyton"", ""country"": ""French Southern Territories"", ""is_primary"": true}, {""street"": ""8342 Robert Highway Suite 482"", ""city"": ""Port Tylerside"", ""country"": ""Greenland"", ""is_primary"": false}]","{""age"": 32, ""department"": ""HR"", ""salary"": 90676.44, ""skills"": [""Agricultural consultant""]}","[{""type"": ""purchase"", ""amount"": 131.13, ""currency"": ""USD""}]"
350,Ricardo Williams,lpeterson@example.net,"[""method"", ""dinner"", ""fill"", ""beyond""]","[{""street"": ""69367 Smith Cliff Apt. 648"", ""city"": ""Edwinmouth"", ""country"": ""Mexico"", ""is_primary"": false}, {""street"": ""86202 Nguyen Circles"", ""city"": ""Warrenmouth"", ""country"": ""Croatia"", ""is_primary"": false}, {""street"": ""8332 Jackson Mount"", ""city"": ""Port Marthamouth"", ""country"": ""Hong Kong"", ""is_primary"": false}]","{""age"": 60, ""department"": ""Finance"", ""salary"": 98143.44, ""skills"": [""Psychiatric nurse"", ""Seismic interpreter"", ""Psychologist, counselling"", ""Holiday representative""]}",[]
351,Christopher Clark,gbarnes@example.org,"[""behind"", ""race"", ""all""]","[{""street"": ""063 Jason Stravenue Suite 109"", ""city"": ""Lake Stephanie"", ""country"": ""Saint Martin"", ""is_primary"": false}]","{""age"": 66, ""department"": ""Finance"", ""salary"": 130508.3, ""skills"": [""Engineer, mining"", ""Patent attorney"", ""IT technical support officer""]}","[{""type"": ""edit"", ""timestamp"": ""2025-03-30T06:51:24""}]"
352,Lindsey Robertson,jessebrown@example.net,"[""two"", ""with"", ""thus"", ""course""]","[{""street"": ""507 Michael Circles Apt. 311"", ""city"": ""North Paul"", ""country"": ""Colombia"", ""is_primary"": false}, {""street"": ""120 Williams Spurs"", ""city"": ""Jeffreyfort"", ""country"": ""Isle of Man"", ""is_primary"": true}]","{""age"": 18, ""department"": ""Marketing"", ""salary"": 128246.65, ""skills"": [""Technical brewer"", ""Systems analyst""]}","[{""type"": ""login"", ""timestamp"": ""2025-08-20T11:38:06""}, {""type"": ""view"", ""timestamp"": ""2025-07-19T03:56:53""}]"
353,Robert Garcia,alexandra99@example.com,"[""break"", ""special"", ""set""]","[{""street"": ""0064 Jackson Meadows Suite 770"", ""city"": ""Lake Todd"", ""country"": ""Mongolia"", ""is_primary"": true}, {""street"": ""360 Spencer Hill Apt. 508"", ""city"": ""Lake Sharon"", ""country"": ""British Virgin Islands"", ""is_primary"": true}, {""street"": ""93227 Jennifer Circles"", ""city"": ""Williamshire"", ""country"": ""Kiribati"", ""is_primary"": false}]","{""age"": 31, ""department"": ""Engineering"", ""salary"": 112936.89, ""skills"": [""Meteorologist"", ""Forensic scientist"", ""Film/video editor"", ""Health promotion specialist""]}","[{""type"": ""login"", ""timestamp"": ""2025-09-06T04:22:43""}, {""type"": ""purchase"", ""amount"": 533.69, ""currency"": ""GBP""}, {""type"": ""purchase"", ""amount"": 581.38, ""currency"": ""EUR""}]"
354,Austin Spence,pjones@example.com,"[""risk"", ""and"", ""Congress"", ""three"", ""seem""]","[{""street"": ""61971 Matthew Valley"", ""city"": ""West Pamelaton"", ""country"": ""Malawi"", ""is_primary"": false}]","{""age"": 67, ""department"": ""HR"", ""salary"": 122192.2, ""skills"": [""Administrator, Civil Service""]}","[{""type"": ""edit"", ""timestamp"": ""2025-02-02T17:04:56""}, {""type"": ""view"", ""timestamp"": ""2025-10-28T15:51:31""}, {""type"": ""view"", ""timestamp"": ""2025-10-10T19:42:56""}]"
355,Amy Wallace,egarrison@example.com,"[""already"", ""low"", ""TV"", ""agency""]","[{""street"": ""538 Thompson Centers"", ""city"": ""Alanton"", ""country"": ""Lebanon"", ""is_primary"": true}]","{""age"": 47, ""department"": ""Engineering"", ""salary"": 61829.26, ""skills"": [""Surveyor, building control""]}","[{""type"": ""edit"", ""timestamp"": ""2025-06-01T22:02:43""}, {""type"": ""view"", ""timestamp"": ""2025-07-08T17:15:31""}]"
356,Donald Hoffman,gregory82@example.net,"[""never"", ""south"", ""fall"", ""to""]","[{""street"": ""804 Gray Hills"", ""city"": ""New Robin"", ""country"": ""Guadeloupe"", ""is_primary"": false}]","{""age"": 79, ""department"": ""Sales"", ""salary"": 126042.56, ""skills"": [""Air broker"", ""Trade union research officer"", ""Museum/gallery conservator"", ""Building control surveyor""]}",[]
357,Zachary Barajas,karencooper@example.com,"[""his"", ""blue"", ""eat""]","[{""street"": ""936 Duncan Summit Suite 319"", ""city"": ""Ricardoberg"", ""country"": ""Norway"", ""is_primary"": false}, {""street"": ""1253 Sarah Pass Apt. 588"", ""city"": ""North Reneeborough"", ""country"": ""Egypt"", ""is_primary"": true}, {""street"": ""306 Malik Gardens"", ""city"": ""Hillview"", ""country"": ""Swaziland"", ""is_primary"": false}]","{""age"": 78, ""department"": ""Sales"", ""salary"": 113834.34, ""skills"": [""Environmental manager"", ""Analytical chemist""]}","[{""type"": ""login"", ""timestamp"": ""2025-07-20T07:11:39""}, {""type"": ""view"", ""timestamp"": ""2025-09-23T14:29:53""}, {""type"": ""edit"", ""timestamp"": ""2025-04-26T10:22:54""}]"
358,David Hicks,tracycruz@example.net,"[""value"", ""moment"", ""air"", ""benefit"", ""force""]","[{""street"": ""25663 Moore Circle Suite 596"", ""city"": ""Bennettbury"", ""country"": ""Georgia"", ""is_primary"": true}, {""street"": ""664 Ward Trail"", ""city"": ""Arroyoberg"", ""country"": ""Philippines"", ""is_primary"": true}]","{""age"": 72, ""department"": ""Marketing"", ""salary"": 134235.47, ""skills"": [""Probation officer""]}","[{""type"": ""login"", ""timestamp"": ""2025-06-09T03:57:27""}]"
359,Mackenzie Owen,jasminearias@example.net,"[""organization"", ""world"", ""sell""]","[{""street"": ""830 Cassie Viaduct Apt. 124"", ""city"": ""Mullinschester"", ""country"": ""Taiwan"", ""is_primary"": false}, {""street"": ""02541 Richard Mission"", ""city"": ""South Pamelaberg"", ""country"": ""Finland"", ""is_primary"": true}]","{""age"": 65, ""department"": ""Finance"", ""salary"": 69379.97, ""skills"": [""Teacher, early years/pre"", ""Lobbyist"", ""Land/geomatics surveyor"", ""Industrial/product designer""]}","[{""type"": ""view"", ""timestamp"": ""2025-04-16T06:22:36""}, {""type"": ""edit"", ""timestamp"": ""2025-10-28T04:46:59""}]"
360,Trevor Everett,ehaynes@example.org,"[""outside"", ""article""]","[{""street"": ""14202 Benjamin Mall Suite 653"", ""city"": ""Hensonton"", ""country"": ""Antarctica (the territory South of 60 deg S)"", ""is_primary"": true}]","{""age"": 60, ""department"": ""HR"", ""salary"": 103005.38, ""skills"": [""Engineer, electrical"", ""Forensic scientist"", ""Recruitment consultant""]}",[]
361,Sherry Brown,heatherbrennan@example.org,"[""analysis"", ""point"", ""throw"", ""recent""]","[{""street"": ""22915 John Extensions Apt. 249"", ""city"": ""Nicoleport"", ""country"": ""Mauritania"", ""is_primary"": true}, {""street"": ""79256 Jasmine Knoll"", ""city"": ""Sullivanview"", ""country"": ""Cape Verde"", ""is_primary"": false}, {""street"": ""8218 Russo Oval"", ""city"": ""New Greg"", ""country"": ""Saint Vincent and the Grenadines"", ""is_primary"": false}]","{""age"": 35, ""department"": ""Finance"", ""salary"": 147225.7, ""skills"": [""Sales executive"", ""Make"", ""Careers adviser"", ""Loss adjuster, chartered""]}","[{""type"": ""view"", ""timestamp"": ""2025-10-05T00:11:52""}, {""type"": ""login"", ""timestamp"": ""2025-09-18T09:40:00""}, {""type"": ""view"", ""timestamp"": ""2025-01-11T17:49:58""}]"
362,Becky Clark,walkerjesse@example.com,"[""important"", ""mouth"", ""political""]","[{""street"": ""88713 Price Valley Apt. 381"", ""city"": ""Port Joshua"", ""country"": ""Equatorial Guinea"", ""is_primary"": false}, {""street"": ""36029 Sarah Locks Apt. 688"", ""city"": ""North Sherry"", ""country"": ""Turkmenistan"", ""is_primary"": true}]","{""age"": 40, ""department"": ""HR"", ""salary"": 43702.8, ""skills"": [""Quarry manager""]}","[{""type"": ""view"", ""timestamp"": ""2025-07-02T22:33:13""}]"
363,Erin Ross,ucarter@example.org,"[""decide"", ""worker""]","[{""street"": ""08074 Gonzalez Ranch Apt. 207"", ""city"": ""South Thomasberg"", ""country"": ""Holy See (Vatican City State)"", ""is_primary"": false}, {""street"": ""883 Eileen Landing"", ""city"": ""Port Matthewburgh"", ""country"": ""Montenegro"", ""is_primary"": true}, {""street"": ""45564 Cheryl Overpass Suite 625"", ""city"": ""Port Candice"", ""country"": ""Central African Republic"", ""is_primary"": false}]","{""age"": 36, ""department"": ""Finance"", ""salary"": 115521.62, ""skills"": [""Production assistant, radio"", ""Geologist, engineering"", ""Homeopath""]}","[{""type"": ""view"", ""timestamp"": ""2025-07-21T03:57:43""}]"
364,Kelly Ruiz,whill@example.com,"[""news"", ""work""]","[{""street"": ""418 Stacey Stravenue"", ""city"": ""East Davidview"", ""country"": ""Comoros"", ""is_primary"": true}]","{""age"": 56, ""department"": ""Marketing"", ""salary"": 47977.57, ""skills"": [""Equality and diversity officer""]}","[{""type"": ""purchase"", ""amount"": 227.68, ""currency"": ""EUR""}, {""type"": ""login"", ""timestamp"": ""2025-05-17T18:41:37""}]"
365,Felicia Herrera,aaronfarmer@example.com,"[""success"", ""peace"", ""under"", ""film""]","[{""street"": ""23956 White Summit Apt. 137"", ""city"": ""Rodriguezshire"", ""country"": ""Turks and Caicos Islands"", ""is_primary"": false}, {""street"": ""3464 Lopez Estates"", ""city"": ""Thompsonton"", ""country"": ""Argentina"", ""is_primary"": true}, {""street"": ""0972 Wanda Harbors Suite 636"", ""city"": ""South Christina"", ""country"": ""South Africa"", ""is_primary"": false}]","{""age"": 25, ""department"": ""Marketing"", ""salary"": 103029.95, ""skills"": [""Surveyor, quantity"", ""Print production planner"", ""Marketing executive"", ""Presenter, broadcasting""]}",[]
366,Alexander Page,zdixon@example.net,"[""I"", ""reach"", ""reach"", ""five""]","[{""street"": ""76985 Luna Trace"", ""city"": ""Juliastad"", ""country"": ""Anguilla"", ""is_primary"": true}]","{""age"": 50, ""department"": ""HR"", ""salary"": 145379.48, ""skills"": [""Fast food restaurant manager"", ""Office manager"", ""Operational researcher"", ""Animal technologist""]}","[{""type"": ""edit"", ""timestamp"": ""2025-10-03T13:27:58""}, {""type"": ""view"", ""timestamp"": ""2025-10-27T15:11:21""}, {""type"": ""view"", ""timestamp"": ""2025-09-03T08:44:40""}]"
367,Barry Snyder,powelljim@example.com,"[""senior"", ""institution"", ""pretty"", ""occur""]","[{""street"": ""6920 Megan Overpass Apt. 866"", ""city"": ""Lake Anthony"", ""country"": ""Malaysia"", ""is_primary"": true}]","{""age"": 48, ""department"": ""Engineering"", ""salary"": 102547.39, ""skills"": [""Programme researcher, broadcasting/film/video"", ""Marketing executive""]}","[{""type"": ""login"", ""timestamp"": ""2025-10-02T14:37:21""}, {""type"": ""purchase"", ""amount"": 445.53, ""currency"": ""GBP""}]"
368,Richard Galvan,nataliethompson@example.org,"[""hear"", ""nothing"", ""accept""]","[{""street"": ""02555 Warren Village"", ""city"": ""Welchfort"", ""country"": ""Iceland"", ""is_primary"": true}, {""street"": ""62073 Burns Mill Apt. 050"", ""city"": ""Lake Nicoleton"", ""country"": ""Jamaica"", ""is_primary"": true}, {""street"": ""5300 Gary Common Suite 443"", ""city"": ""Weaverburgh"", ""country"": ""Bouvet Island (Bouvetoya)"", ""is_primary"": false}]","{""age"": 24, ""department"": ""HR"", ""salary"": 36708.01, ""skills"": [""Community arts worker"", ""Public relations account executive"", ""Museum/gallery curator""]}","[{""type"": ""login"", ""timestamp"": ""2025-08-29T15:42:11""}, {""type"": ""login"", ""timestamp"": ""2025-09-12T05:36:28""}, {""type"": ""purchase"", ""amount"": 813.42, ""currency"": ""GBP""}]"
369,Lisa Graham,williamhamilton@example.net,"[""woman"", ""lose"", ""keep""]","[{""street"": ""638 Pugh Radial"", ""city"": ""East Karamouth"", ""country"": ""Isle of Man"", ""is_primary"": true}]","{""age"": 25, ""department"": ""Marketing"", ""salary"": 47112.99, ""skills"": [""Conservation officer, nature"", ""Graphic designer"", ""Land"", ""Water quality scientist""]}","[{""type"": ""login"", ""timestamp"": ""2025-08-21T09:32:27""}, {""type"": ""purchase"", ""amount"": 287.68, ""currency"": ""GBP""}, {""type"": ""purchase"", ""amount"": 129.35, ""currency"": ""EUR""}]"
370,Jill Curry,brittanystone@example.com,"[""management"", ""position"", ""room"", ""support""]","[{""street"": ""6808 Smith Expressway Suite 670"", ""city"": ""Howardberg"", ""country"": ""Portugal"", ""is_primary"": false}]","{""age"": 66, ""department"": ""Finance"", ""salary"": 30846.59, ""skills"": [""Private music teacher"", ""Designer, furniture""]}",[]
371,William Ross,rbryant@example.net,"[""support"", ""federal""]","[{""street"": ""5078 Campbell Mountains Apt. 819"", ""city"": ""Sherylberg"", ""country"": ""French Guiana"", ""is_primary"": true}, {""street"": ""44000 Robinson Crossing Suite 667"", ""city"": ""West Blake"", ""country"": ""Algeria"", ""is_primary"": true}, {""street"": ""850 Wise Groves"", ""city"": ""South Louisland"", ""country"": ""Afghanistan"", ""is_primary"": true}]","{""age"": 46, ""department"": ""Engineering"", ""salary"": 86649.05, ""skills"": [""Metallurgist"", ""Development worker, international aid"", ""Financial manager""]}","[{""type"": ""view"", ""timestamp"": ""2025-01-03T00:21:55""}]"
372,Kenneth Jackson,toddhector@example.org,"[""compare"", ""ball"", ""indicate"", ""court""]","[{""street"": ""057 Jeff Ville"", ""city"": ""Melissaborough"", ""country"": ""Belarus"", ""is_primary"": false}, {""street"": ""328 Christopher Ports Suite 845"", ""city"": ""Port Christopher"", ""country"": ""Kenya"", ""is_primary"": true}]","{""age"": 65, ""department"": ""Engineering"", ""salary"": 99916.24, ""skills"": [""Therapeutic radiographer""]}","[{""type"": ""purchase"", ""amount"": 187.37, ""currency"": ""EUR""}]"
373,Alicia Sullivan,carneychristopher@example.com,"[""like"", ""who""]","[{""street"": ""0200 Jennifer Oval Apt. 218"", ""city"": ""Lake Hunter"", ""country"": ""Algeria"", ""is_primary"": false}, {""street"": ""6957 Romero Falls"", ""city"": ""Wilsonshire"", ""country"": ""Mauritius"", ""is_primary"": false}, {""street"": ""50480 Christopher Station"", ""city"": ""Port Josetown"", ""country"": ""Fiji"", ""is_primary"": false}]","{""age"": 38, ""department"": ""Engineering"", ""salary"": 132751.0, ""skills"": [""Photographer"", ""Archaeologist""]}","[{""type"": ""edit"", ""timestamp"": ""2025-07-06T07:07:01""}, {""type"": ""login"", ""timestamp"": ""2025-08-05T02:56:49""}]"
374,Robin Elliott,dlopez@example.org,"[""ok"", ""artist"", ""activity"", ""season"", ""his""]","[{""street"": ""87116 Brown Wall"", ""city"": ""South Nicole"", ""country"": ""Chile"", ""is_primary"": false}, {""street"": ""755 Brianna Parks"", ""city"": ""Leeton"", ""country"": ""Bolivia"", ""is_primary"": true}, {""street"": ""54839 Morgan Forges"", ""city"": ""New Jocelyn"", ""country"": ""Seychelles"", ""is_primary"": false}]","{""age"": 54, ""department"": ""Engineering"", ""salary"": 99274.88, ""skills"": [""Commercial horticulturist""]}","[{""type"": ""view"", ""timestamp"": ""2025-09-17T21:53:04""}, {""type"": ""edit"", ""timestamp"": ""2025-09-07T18:26:37""}]"
375,Susan Mendoza,mschmidt@example.com,"[""each"", ""choose"", ""official"", ""campaign"", ""quality""]","[{""street"": ""31374 Contreras Fields"", ""city"": ""Smithhaven"", ""country"": ""Australia"", ""is_primary"": true}]","{""age"": 70, ""department"": ""HR"", ""salary"": 145828.84, ""skills"": [""Geochemist"", ""Oceanographer"", ""Psychologist, sport and exercise"", ""Teacher, secondary school""]}","[{""type"": ""view"", ""timestamp"": ""2025-05-22T15:31:36""}, {""type"": ""login"", ""timestamp"": ""2025-07-28T12:37:51""}]"
376,Lynn Turner,lindsey03@example.org,"[""quickly"", ""own"", ""Mrs"", ""unit"", ""work""]","[{""street"": ""073 Mcbride Stravenue Suite 001"", ""city"": ""Port Kim"", ""country"": ""Gambia"", ""is_primary"": false}]","{""age"": 39, ""department"": ""Finance"", ""salary"": 85117.28, ""skills"": [""Cabin crew"", ""Industrial buyer"", ""IT technical support officer"", ""Translator""]}","[{""type"": ""view"", ""timestamp"": ""2025-03-20T23:11:07""}]"
377,Scott Poole,suejacobs@example.net,"[""design"", ""cause"", ""concern""]","[{""street"": ""63818 Adam Flats"", ""city"": ""Lake Josephmouth"", ""country"": ""Spain"", ""is_primary"": true}]","{""age"": 49, ""department"": ""HR"", ""salary"": 59659.19, ""skills"": [""Surveyor, rural practice"", ""Therapist, horticultural""]}",[]
378,Wanda Logan,darlene83@example.org,"[""agency"", ""Democrat"", ""him""]","[{""street"": ""028 Jacob Ports Suite 275"", ""city"": ""South Joseph"", ""country"": ""Bermuda"", ""is_primary"": true}, {""street"": ""5400 Catherine Streets"", ""city"": ""Cabreramouth"", ""country"": ""Congo"", ""is_primary"": true}, {""street"": ""558 Robert Haven"", ""city"": ""Bryantbury"", ""country"": ""Macao"", ""is_primary"": true}]","{""age"": 64, ""department"": ""HR"", ""salary"": 47845.79, ""skills"": [""Occupational therapist"", ""Dramatherapist""]}","[{""type"": ""view"", ""timestamp"": ""2025-06-18T06:52:01""}, {""type"": ""edit"", ""timestamp"": ""2025-06-13T14:16:42""}, {""type"": ""login"", ""timestamp"": ""2025-02-24T03:43:45""}]"
379,Christy Bailey,markdaniels@example.net,"[""than"", ""billion"", ""question"", ""year""]","[{""street"": ""9930 Stevens Loop Apt. 402"", ""city"": ""Davidtown"", ""country"": ""Reunion"", ""is_primary"": true}, {""street"": ""33841 James Crescent"", ""city"": ""Port Jamie"", ""country"": ""Philippines"", ""is_primary"": false}, {""street"": ""1040 Bowman Grove"", ""city"": ""East Reginaldberg"", ""country"": ""Palestinian Territory"", ""is_primary"": true}]","{""age"": 58, ""department"": ""Sales"", ""salary"": 30028.57, ""skills"": [""Journalist, broadcasting"", ""Engineer, biomedical"", ""Web designer"", ""Ranger/warden""]}","[{""type"": ""view"", ""timestamp"": ""2025-01-16T17:08:08""}, {""type"": ""view"", ""timestamp"": ""2025-10-22T16:46:20""}]"
380,Terrence Ho,daviseric@example.org,"[""scientist"", ""have"", ""probably"", ""writer"", ""country""]","[{""street"": ""4132 Perry Fort Apt. 068"", ""city"": ""Anthonyland"", ""country"": ""Bahamas"", ""is_primary"": true}, {""street"": ""4873 Christopher Corners Suite 088"", ""city"": ""North Vincentberg"", ""country"": ""Sudan"", ""is_primary"": false}]","{""age"": 32, ""department"": ""HR"", ""salary"": 71884.77, ""skills"": [""Theatre stage manager"", ""Plant breeder/geneticist"", ""Translator""]}","[{""type"": ""login"", ""timestamp"": ""2025-04-14T12:18:06""}]"
381,Joshua Smith,rodneybrown@example.com,"[""people"", ""free""]","[{""street"": ""02296 Burton Neck Apt. 270"", ""city"": ""West Tyrone"", ""country"": ""Nicaragua"", ""is_primary"": false}, {""street"": ""30235 Velasquez Spring Suite 832"", ""city"": ""New Brianborough"", ""country"": ""Dominica"", ""is_primary"": true}]","{""age"": 20, ""department"": ""HR"", ""salary"": 40615.71, ""skills"": [""Ship broker"", ""Engineer, manufacturing systems"", ""Company secretary"", ""Embryologist, clinical""]}","[{""type"": ""purchase"", ""amount"": 418.63, ""currency"": ""EUR""}, {""type"": ""login"", ""timestamp"": ""2025-04-11T02:38:14""}]"
382,Michaela Garcia,iosborne@example.net,"[""next"", ""lead"", ""he"", ""establish""]","[{""street"": ""932 Ian Mission Apt. 410"", ""city"": ""South Janetstad"", ""country"": ""Lebanon"", ""is_primary"": true}, {""street"": ""1006 James Fork"", ""city"": ""Matthewfurt"", ""country"": ""Russian Federation"", ""is_primary"": true}, {""street"": ""9544 Brown Turnpike Suite 049"", ""city"": ""Kochland"", ""country"": ""Singapore"", ""is_primary"": true}]","{""age"": 61, ""department"": ""HR"", ""salary"": 77594.02, ""skills"": [""Hospital doctor"", ""Designer, furniture"", ""Pharmacologist"", ""Psychologist, occupational""]}","[{""type"": ""edit"", ""timestamp"": ""2025-10-03T13:11:56""}, {""type"": ""purchase"", ""amount"": 65.89, ""currency"": ""GBP""}]"
383,Jason Palmer,lowekimberly@example.com,"[""walk"", ""teacher"", ""cut"", ""produce""]","[{""street"": ""925 Potter Court Apt. 138"", ""city"": ""North Michelle"", ""country"": ""Burkina Faso"", ""is_primary"": true}, {""street"": ""29712 Harvey Fork"", ""city"": ""North Jamesmouth"", ""country"": ""South Africa"", ""is_primary"": true}]","{""age"": 72, ""department"": ""HR"", ""salary"": 57887.07, ""skills"": [""Scientist, product/process development"", ""Minerals surveyor"", ""Systems developer""]}",[]
384,Sonya Barnes,zachary77@example.net,"[""too"", ""into"", ""paper"", ""hope"", ""seat""]","[{""street"": ""225 Jensen Green"", ""city"": ""Port Andrew"", ""country"": ""Congo"", ""is_primary"": true}]","{""age"": 26, ""department"": ""Engineering"", ""salary"": 146008.42, ""skills"": [""Curator"", ""Lawyer"", ""Meteorologist""]}",[]
385,William Garza,ihernandez@example.net,"[""ball"", ""expert"", ""energy"", ""my"", ""seek""]","[{""street"": ""46884 Zachary Mountains Apt. 472"", ""city"": ""North Stephanieport"", ""country"": ""Antarctica (the territory South of 60 deg S)"", ""is_primary"": true}]","{""age"": 79, ""department"": ""Engineering"", ""salary"": 99023.83, ""skills"": [""Journalist, broadcasting"", ""Investment analyst"", ""Actor"", ""Personal assistant""]}",[]
386,Mark Anthony,curtis24@example.com,"[""hour"", ""strong""]","[{""street"": ""57120 Beltran Streets Apt. 357"", ""city"": ""Stevenston"", ""country"": ""Vanuatu"", ""is_primary"": false}, {""street"": ""03193 Duran Course"", ""city"": ""Michaelhaven"", ""country"": ""Mali"", ""is_primary"": true}]","{""age"": 22, ""department"": ""Engineering"", ""salary"": 95661.82, ""skills"": [""Immunologist""]}","[{""type"": ""login"", ""timestamp"": ""2025-10-21T16:39:16""}, {""type"": ""purchase"", ""amount"": 648.94, ""currency"": ""USD""}, {""type"": ""edit"", ""timestamp"": ""2025-06-30T19:46:17""}]"
387,Brad Freeman,bergerrobert@example.net,"[""second"", ""safe"", ""back"", ""next""]","[{""street"": ""1217 Autumn Rapid Suite 723"", ""city"": ""North Claudia"", ""country"": ""Saint Helena"", ""is_primary"": false}]","{""age"": 76, ""department"": ""Marketing"", ""salary"": 105693.46, ""skills"": [""Biochemist, clinical""]}","[{""type"": ""view"", ""timestamp"": ""2025-02-24T02:23:28""}, {""type"": ""view"", ""timestamp"": ""2025-04-18T19:40:43""}]"
388,Adriana Smith,jwebb@example.net,"[""food"", ""contain"", ""arm"", ""wrong""]","[{""street"": ""747 Bass Glen Apt. 824"", ""city"": ""New Tracychester"", ""country"": ""Tunisia"", ""is_primary"": false}, {""street"": ""8052 Brenda Lodge Apt. 914"", ""city"": ""New Tonya"", ""country"": ""Nauru"", ""is_primary"": false}, {""street"": ""48437 Tricia Lane Suite 205"", ""city"": ""South Megan"", ""country"": ""Niue"", ""is_primary"": false}]","{""age"": 56, ""department"": ""Sales"", ""salary"": 95147.44, ""skills"": [""Local government officer"", ""Educational psychologist"", ""Telecommunications researcher"", ""Animal nutritionist""]}","[{""type"": ""edit"", ""timestamp"": ""2025-01-30T05:05:03""}, {""type"": ""view"", ""timestamp"": ""2025-06-21T13:01:43""}]"
389,Katelyn Grimes,james85@example.net,"[""today"", ""save"", ""manager"", ""night"", ""message""]","[{""street"": ""856 Young Mews"", ""city"": ""Lake Melanie"", ""country"": ""Georgia"", ""is_primary"": true}]","{""age"": 71, ""department"": ""HR"", ""salary"": 51207.67, ""skills"": [""Lawyer"", ""Education officer, environmental"", ""Journalist, broadcasting"", ""Counsellor""]}","[{""type"": ""edit"", ""timestamp"": ""2025-08-17T08:17:02""}, {""type"": ""edit"", ""timestamp"": ""2025-03-14T06:25:03""}, {""type"": ""purchase"", ""amount"": 528.66, ""currency"": ""USD""}]"
390,Jessica Rich,dlam@example.com,"[""according"", ""alone"", ""role"", ""offer"", ""decide""]","[{""street"": ""9458 Sara Port Suite 778"", ""city"": ""Christopherview"", ""country"": ""British Indian Ocean Territory (Chagos Archipelago)"", ""is_primary"": false}]","{""age"": 56, ""department"": ""Finance"", ""salary"": 92180.29, ""skills"": [""Licensed conveyancer"", ""Arboriculturist""]}","[{""type"": ""edit"", ""timestamp"": ""2025-10-27T11:40:04""}]"
391,John Contreras,adam05@example.net,"[""shake"", ""cause"", ""far"", ""seat"", ""message""]","[{""street"": ""6822 Tran Falls Apt. 526"", ""city"": ""New Johnmouth"", ""country"": ""Germany"", ""is_primary"": true}, {""street"": ""75428 Case Meadow Suite 634"", ""city"": ""New Amanda"", ""country"": ""Isle of Man"", ""is_primary"": false}]","{""age"": 30, ""department"": ""HR"", ""salary"": 41076.26, ""skills"": [""Games developer"", ""Contracting civil engineer"", ""Community education officer""]}",[]
392,Casey Pierce,oortiz@example.net,"[""road"", ""affect"", ""else""]","[{""street"": ""48418 Molina Avenue Apt. 527"", ""city"": ""West Ericafurt"", ""country"": ""Korea"", ""is_primary"": false}]","{""age"": 61, ""department"": ""Sales"", ""salary"": 69912.11, ""skills"": [""Charity fundraiser"", ""Contracting civil engineer"", ""Teacher, adult education""]}","[{""type"": ""edit"", ""timestamp"": ""2025-05-22T05:45:47""}]"
393,Andrew Martinez,rgreen@example.org,"[""nice"", ""reach""]","[{""street"": ""0262 Wade Shore Suite 079"", ""city"": ""New Laura"", ""country"": ""Guernsey"", ""is_primary"": true}, {""street"": ""8668 Jorge Knoll"", ""city"": ""New Rebeccaberg"", ""country"": ""Hong Kong"", ""is_primary"": true}, {""street"": ""488 Samantha Row Apt. 495"", ""city"": ""New Anthonychester"", ""country"": ""Taiwan"", ""is_primary"": false}]","{""age"": 29, ""department"": ""Engineering"", ""salary"": 33120.54, ""skills"": [""Landscape architect""]}","[{""type"": ""purchase"", ""amount"": 386.63, ""currency"": ""EUR""}, {""type"": ""view"", ""timestamp"": ""2025-02-04T18:26:27""}, {""type"": ""login"", ""timestamp"": ""2025-07-28T00:29:51""}]"
394,Mr. Omar Wright,nvazquez@example.com,"[""purpose"", ""cover""]","[{""street"": ""7757 Krista Forest Suite 064"", ""city"": ""Laurashire"", ""country"": ""Tajikistan"", ""is_primary"": true}, {""street"": ""78028 Karen Vista Apt. 409"", ""city"": ""Johnmouth"", ""country"": ""French Guiana"", ""is_primary"": false}]","{""age"": 31, ""department"": ""HR"", ""salary"": 85976.71, ""skills"": [""Health and safety inspector""]}","[{""type"": ""purchase"", ""amount"": 204.33, ""currency"": ""EUR""}, {""type"": ""login"", ""timestamp"": ""2025-07-02T14:59:53""}, {""type"": ""purchase"", ""amount"": 339.28, ""currency"": ""EUR""}]"
395,Angela Bass,jmcgee@example.org,"[""language"", ""term"", ""become"", ""realize""]","[{""street"": ""371 Savage Way Suite 582"", ""city"": ""West Angelaborough"", ""country"": ""Marshall Islands"", ""is_primary"": true}]","{""age"": 72, ""department"": ""Finance"", ""salary"": 46008.11, ""skills"": [""Animal technologist""]}",[]
396,Kari Castillo,james01@example.net,"[""indeed"", ""goal"", ""improve""]","[{""street"": ""621 Fisher Square"", ""city"": ""Sheliafurt"", ""country"": ""Swaziland"", ""is_primary"": false}, {""street"": ""55126 Alyssa Roads Suite 302"", ""city"": ""Pamelamouth"", ""country"": ""Madagascar"", ""is_primary"": true}]","{""age"": 34, ""department"": ""HR"", ""salary"": 42814.41, ""skills"": [""Scientist, audiological"", ""Mudlogger"", ""Production manager"", ""Exercise physiologist""]}",[]
397,Daniel Holland,derickson@example.org,"[""brother"", ""upon""]","[{""street"": ""239 Bailey Dam Apt. 602"", ""city"": ""Conradfort"", ""country"": ""Egypt"", ""is_primary"": false}]","{""age"": 19, ""department"": ""Sales"", ""salary"": 133706.12, ""skills"": [""Financial risk analyst"", ""Occupational psychologist""]}","[{""type"": ""edit"", ""timestamp"": ""2025-07-17T05:35:11""}, {""type"": ""view"", ""timestamp"": ""2025-10-22T10:41:14""}]"
398,Sandra Jones,qcruz@example.org,"[""idea"", ""under"", ""realize"", ""financial""]","[{""street"": ""20762 Brown Locks Suite 752"", ""city"": ""Beasleyport"", ""country"": ""Saint Lucia"", ""is_primary"": false}]","{""age"": 42, ""department"": ""HR"", ""salary"": 135952.22, ""skills"": [""Industrial/product designer"", ""Newspaper journalist"", ""Phytotherapist""]}","[{""type"": ""edit"", ""timestamp"": ""2025-05-17T17:41:38""}, {""type"": ""purchase"", ""amount"": 842.82, ""currency"": ""EUR""}]"
399,Justin Brown,jonesmichael@example.com,"[""call"", ""husband""]","[{""street"": ""24221 Katherine Orchard Suite 363"", ""city"": ""Watsonfort"", ""country"": ""British Indian Ocean Territory (Chagos Archipelago)"", ""is_primary"": true}]","{""age"": 62, ""department"": ""Finance"", ""salary"": 128259.47, ""skills"": [""Comptroller"", ""Engineer, land"", ""Print production planner""]}","[{""type"": ""login"", ""timestamp"": ""2025-06-30T16:28:49""}]"
400,Laura White,melissalopez@example.com,"[""fly"", ""exactly""]","[{""street"": ""786 Erik Mill"", ""city"": ""Fieldsland"", ""country"": ""Montenegro"", ""is_primary"": false}, {""street"": ""6291 Rebecca Freeway"", ""city"": ""Fowlerbury"", ""country"": ""Tonga"", ""is_primary"": false}]","{""age"": 61, ""department"": ""Finance"", ""salary"": 54597.59, ""skills"": [""Conservator, furniture"", ""Patent attorney"", ""Commercial horticulturist"", ""Therapist, drama""]}",[]
401,Justin Montgomery,misty86@example.net,"[""seat"", ""society"", ""great"", ""spring""]","[{""street"": ""406 Rosario Path Suite 789"", ""city"": ""Rileytown"", ""country"": ""Norway"", ""is_primary"": true}, {""street"": ""8193 Patel Mountain"", ""city"": ""Brianbury"", ""country"": ""Nigeria"", ""is_primary"": false}, {""street"": ""098 Taylor Branch"", ""city"": ""Brennanside"", ""country"": ""Nigeria"", ""is_primary"": false}]","{""age"": 55, ""department"": ""Sales"", ""salary"": 38855.41, ""skills"": [""Manufacturing engineer"", ""Adult nurse""]}","[{""type"": ""edit"", ""timestamp"": ""2025-04-09T01:02:26""}, {""type"": ""purchase"", ""amount"": 122.04, ""currency"": ""USD""}, {""type"": ""purchase"", ""amount"": 860.72, ""currency"": ""USD""}]"
402,Thomas Valencia,karen59@example.com,"[""product"", ""buy"", ""eye"", ""believe""]","[{""street"": ""4343 Anderson Plain Suite 569"", ""city"": ""Port Ashley"", ""country"": ""Korea"", ""is_primary"": false}, {""street"": ""291 Katrina Falls Suite 103"", ""city"": ""Pricefort"", ""country"": ""Belize"", ""is_primary"": true}]","{""age"": 57, ""department"": ""Engineering"", ""salary"": 36603.73, ""skills"": [""Interpreter"", ""TEFL teacher""]}",[]
403,Lori Smith,denise59@example.org,"[""rock"", ""act"", ""poor""]","[{""street"": ""2329 Parker Pine Suite 673"", ""city"": ""West Cameronstad"", ""country"": ""Heard Island and McDonald Islands"", ""is_primary"": false}, {""street"": ""326 Jennifer Well"", ""city"": ""Andrewhaven"", ""country"": ""Cote d'Ivoire"", ""is_primary"": true}]","{""age"": 42, ""department"": ""Sales"", ""salary"": 55989.2, ""skills"": [""Teaching laboratory technician"", ""Psychologist, clinical"", ""Private music teacher""]}","[{""type"": ""view"", ""timestamp"": ""2025-01-08T20:23:41""}, {""type"": ""purchase"", ""amount"": 283.68, ""currency"": ""USD""}]"
404,Jennifer Mitchell,blakegordon@example.net,"[""when"", ""image"", ""citizen"", ""around"", ""huge""]","[{""street"": ""04183 Hubbard Knoll"", ""city"": ""Lake Richardstad"", ""country"": ""South Africa"", ""is_primary"": true}, {""street"": ""1819 Mcknight Hollow Suite 388"", ""city"": ""South Michaelhaven"", ""country"": ""Indonesia"", ""is_primary"": true}, {""street"": ""7677 Jared Wall Apt. 985"", ""city"": ""Robertside"", ""country"": ""Uganda"", ""is_primary"": true}]","{""age"": 68, ""department"": ""Engineering"", ""salary"": 34610.16, ""skills"": [""Designer, fashion/clothing""]}","[{""type"": ""purchase"", ""amount"": 275.12, ""currency"": ""EUR""}, {""type"": ""purchase"", ""amount"": 185.04, ""currency"": ""EUR""}, {""type"": ""view"", ""timestamp"": ""2025-01-28T12:09:29""}]"
405,Regina Edwards,jenniferbarnes@example.com,"[""themselves"", ""technology"", ""fund""]","[{""street"": ""67569 Smith Island Apt. 800"", ""city"": ""Byrdside"", ""country"": ""Anguilla"", ""is_primary"": true}, {""street"": ""73720 Gonzalez Mountain Suite 384"", ""city"": ""Mccartyfort"", ""country"": ""United States Virgin Islands"", ""is_primary"": false}, {""street"": ""62757 Jones Mount"", ""city"": ""Kelseyfurt"", ""country"": ""Bulgaria"", ""is_primary"": true}]","{""age"": 73, ""department"": ""Finance"", ""salary"": 59787.47, ""skills"": [""Commercial horticulturist""]}","[{""type"": ""view"", ""timestamp"": ""2025-04-06T04:01:57""}, {""type"": ""view"", ""timestamp"": ""2025-01-11T04:30:20""}]"
406,Christopher Carter,boltonwilliam@example.com,"[""today"", ""wife""]","[{""street"": ""1853 Ramirez Dale Suite 046"", ""city"": ""West Linda"", ""country"": ""Madagascar"", ""is_primary"": false}, {""street"": ""195 Michael Plains"", ""city"": ""Samanthafurt"", ""country"": ""Trinidad and Tobago"", ""is_primary"": false}, {""street"": ""0172 Claudia Vista"", ""city"": ""Port Amandaton"", ""country"": ""Uruguay"", ""is_primary"": true}]","{""age"": 67, ""department"": ""Sales"", ""salary"": 140039.86, ""skills"": [""Architect"", ""Sports therapist"", ""Software engineer""]}","[{""type"": ""purchase"", ""amount"": 210.24, ""currency"": ""GBP""}, {""type"": ""login"", ""timestamp"": ""2025-05-13T08:23:16""}]"
407,Emily Coffey,dross@example.org,"[""despite"", ""ahead"", ""laugh"", ""method"", ""process""]","[{""street"": ""5063 Carol Curve"", ""city"": ""Amyberg"", ""country"": ""Guernsey"", ""is_primary"": true}, {""street"": ""1208 Elaine Views"", ""city"": ""North Vickichester"", ""country"": ""Libyan Arab Jamahiriya"", ""is_primary"": true}]","{""age"": 76, ""department"": ""Marketing"", ""salary"": 31158.34, ""skills"": [""Designer, industrial/product"", ""Academic librarian""]}","[{""type"": ""edit"", ""timestamp"": ""2025-05-12T06:00:32""}, {""type"": ""purchase"", ""amount"": 605.58, ""currency"": ""EUR""}]"
408,Derek Carroll,iblevins@example.com,"[""worry"", ""investment""]","[{""street"": ""931 Davis Rapid Apt. 500"", ""city"": ""North Leslie"", ""country"": ""Gabon"", ""is_primary"": true}, {""street"": ""8274 Nicholas Green Suite 599"", ""city"": ""South David"", ""country"": ""Belgium"", ""is_primary"": false}, {""street"": ""484 Sandoval Wells"", ""city"": ""Staceyshire"", ""country"": ""Norfolk Island"", ""is_primary"": true}]","{""age"": 40, ""department"": ""Finance"", ""salary"": 106317.67, ""skills"": [""Education officer, environmental"", ""Educational psychologist""]}","[{""type"": ""view"", ""timestamp"": ""2025-06-18T16:02:36""}]"
409,Rachel Coffey,richardrusso@example.net,"[""evening"", ""once"", ""develop"", ""security"", ""almost""]","[{""street"": ""386 Nicole Well Apt. 862"", ""city"": ""Derekmouth"", ""country"": ""Norway"", ""is_primary"": false}, {""street"": ""05028 Allison Fields Apt. 081"", ""city"": ""South Peterberg"", ""country"": ""Maldives"", ""is_primary"": true}]","{""age"": 50, ""department"": ""Sales"", ""salary"": 120939.07, ""skills"": [""Naval architect"", ""Energy manager"", ""Broadcast engineer""]}",[]
410,Christopher Cruz,jenkinsjessica@example.org,"[""leader"", ""relate"", ""down"", ""relate"", ""exactly""]","[{""street"": ""116 Clifford Ports Suite 523"", ""city"": ""Holmestown"", ""country"": ""Belgium"", ""is_primary"": true}, {""street"": ""251 Todd Rue Apt. 877"", ""city"": ""East Emily"", ""country"": ""Mexico"", ""is_primary"": false}, {""street"": ""61385 Riley Parks Apt. 449"", ""city"": ""Garciaberg"", ""country"": ""Peru"", ""is_primary"": true}]","{""age"": 62, ""department"": ""HR"", ""salary"": 68747.67, ""skills"": [""Recycling officer"", ""Software engineer"", ""Editor, magazine features"", ""Hotel manager""]}","[{""type"": ""view"", ""timestamp"": ""2025-09-09T05:41:04""}, {""type"": ""purchase"", ""amount"": 513.22, ""currency"": ""GBP""}, {""type"": ""view"", ""timestamp"": ""2025-07-26T15:54:29""}]"
411,Kevin Davis,lisaferguson@example.org,"[""politics"", ""fish""]","[{""street"": ""1059 Fernandez Junctions"", ""city"": ""East Kyle"", ""country"": ""Somalia"", ""is_primary"": true}, {""street"": ""8751 Karen Streets"", ""city"": ""South Ryan"", ""country"": ""Afghanistan"", ""is_primary"": false}, {""street"": ""1312 Carrie Lock Suite 084"", ""city"": ""Jacksonchester"", ""country"": ""Pakistan"", ""is_primary"": true}]","{""age"": 57, ""department"": ""HR"", ""salary"": 133362.25, ""skills"": [""Optician, dispensing"", ""Travel agency manager""]}","[{""type"": ""view"", ""timestamp"": ""2025-10-28T07:37:19""}, {""type"": ""purchase"", ""amount"": 855.56, ""currency"": ""USD""}]"
412,Teresa Lopez,stephanie80@example.com,"[""black"", ""chair""]","[{""street"": ""0005 Padilla Valley"", ""city"": ""Emilyton"", ""country"": ""Guadeloupe"", ""is_primary"": false}]","{""age"": 53, ""department"": ""Marketing"", ""salary"": 75350.08, ""skills"": [""Chartered loss adjuster"", ""Archaeologist"", ""Hospital doctor"", ""Accountant, chartered""]}","[{""type"": ""purchase"", ""amount"": 369.04, ""currency"": ""GBP""}]"
413,Tammy Simmons,carolynjohnson@example.net,"[""grow"", ""son"", ""social"", ""team""]","[{""street"": ""70927 Jeffrey Highway"", ""city"": ""West Johnton"", ""country"": ""Dominica"", ""is_primary"": false}, {""street"": ""548 Joseph Lock"", ""city"": ""Lake Theresaton"", ""country"": ""Eritrea"", ""is_primary"": true}]","{""age"": 43, ""department"": ""Sales"", ""salary"": 68835.69, ""skills"": [""Audiological scientist""]}",[]
414,Victoria Jordan,rjohnson@example.org,"[""support"", ""minute""]","[{""street"": ""336 Patricia Plains Apt. 579"", ""city"": ""West Michael"", ""country"": ""Congo"", ""is_primary"": false}, {""street"": ""0345 Julie Flat"", ""city"": ""Port Heathershire"", ""country"": ""Israel"", ""is_primary"": true}, {""street"": ""749 Hutchinson Rue Suite 143"", ""city"": ""Lake Darrenview"", ""country"": ""Sao Tome and Principe"", ""is_primary"": false}]","{""age"": 43, ""department"": ""Marketing"", ""salary"": 42913.84, ""skills"": [""Games developer""]}","[{""type"": ""purchase"", ""amount"": 238.82, ""currency"": ""EUR""}, {""type"": ""login"", ""timestamp"": ""2025-07-31T14:38:44""}, {""type"": ""login"", ""timestamp"": ""2025-01-07T05:58:01""}]"
415,Mr. Logan Gonzalez,erin74@example.net,"[""Congress"", ""leave"", ""listen"", ""past""]","[{""street"": ""34569 Thompson Springs Suite 888"", ""city"": ""Simmonsfort"", ""country"": ""Nauru"", ""is_primary"": false}, {""street"": ""6809 Johnson Springs Suite 820"", ""city"": ""East Christine"", ""country"": ""Reunion"", ""is_primary"": true}, {""street"": ""12205 Allen Skyway Apt. 770"", ""city"": ""Tanyachester"", ""country"": ""Svalbard & Jan Mayen Islands"", ""is_primary"": false}]","{""age"": 59, ""department"": ""Engineering"", ""salary"": 61582.87, ""skills"": [""Database administrator""]}","[{""type"": ""login"", ""timestamp"": ""2025-03-28T16:41:03""}, {""type"": ""edit"", ""timestamp"": ""2025-09-02T18:42:41""}, {""type"": ""edit"", ""timestamp"": ""2025-02-03T00:42:14""}]"
416,Raven Washington,stevengregory@example.net,"[""difficult"", ""talk"", ""control""]","[{""street"": ""82572 Johnson Stream"", ""city"": ""Paigetown"", ""country"": ""Gibraltar"", ""is_primary"": true}, {""street"": ""47652 Soto Cape Apt. 066"", ""city"": ""Garciachester"", ""country"": ""Colombia"", ""is_primary"": true}]","{""age"": 19, ""department"": ""Sales"", ""salary"": 104892.53, ""skills"": [""Further education lecturer"", ""Systems analyst"", ""Optician, dispensing""]}",[]
417,Michelle Wright,christina40@example.org,"[""his"", ""wind""]","[{""street"": ""1220 Brittany Shores Apt. 868"", ""city"": ""Cassandraberg"", ""country"": ""Canada"", ""is_primary"": true}, {""street"": ""90958 Moore Stream Suite 702"", ""city"": ""West Melissa"", ""country"": ""Liechtenstein"", ""is_primary"": false}, {""street"": ""9493 Sara Mews"", ""city"": ""Brianaberg"", ""country"": ""Iceland"", ""is_primary"": true}]","{""age"": 39, ""department"": ""Finance"", ""salary"": 87538.27, ""skills"": [""Human resources officer"", ""Volunteer coordinator""]}","[{""type"": ""edit"", ""timestamp"": ""2025-07-05T20:57:48""}, {""type"": ""login"", ""timestamp"": ""2025-05-26T04:01:39""}]"
418,Aaron Fisher,sierra52@example.net,"[""when"", ""public""]","[{""street"": ""00287 Jeffrey Mountains Suite 403"", ""city"": ""North Natalieville"", ""country"": ""Uruguay"", ""is_primary"": false}, {""street"": ""184 Mcguire Fork Suite 833"", ""city"": ""Christinebury"", ""country"": ""United Kingdom"", ""is_primary"": true}]","{""age"": 34, ""department"": ""Sales"", ""salary"": 91471.49, ""skills"": [""Secretary/administrator""]}","[{""type"": ""edit"", ""timestamp"": ""2025-04-05T09:23:26""}]"
419,Melanie Smith,jennifer16@example.net,"[""career"", ""impact""]","[{""street"": ""3032 Christine Port"", ""city"": ""North Williamfort"", ""country"": ""Netherlands"", ""is_primary"": false}]","{""age"": 42, ""department"": ""Finance"", ""salary"": 54008.0, ""skills"": [""Fashion designer""]}","[{""type"": ""purchase"", ""amount"": 913.13, ""currency"": ""GBP""}]"
420,Jennifer Alexander,rmcgee@example.org,"[""service"", ""class""]","[{""street"": ""09848 Tiffany Falls Suite 978"", ""city"": ""East Mariemouth"", ""country"": ""Nicaragua"", ""is_primary"": true}]","{""age"": 26, ""department"": ""HR"", ""salary"": 48188.59, ""skills"": [""Geologist, wellsite"", ""Product manager""]}",[]
421,Michael Larson,baileyrachel@example.com,"[""law"", ""listen"", ""citizen""]","[{""street"": ""0383 Carol Station"", ""city"": ""Cooktown"", ""country"": ""Tunisia"", ""is_primary"": false}, {""street"": ""9377 Elizabeth Plains"", ""city"": ""North Brendan"", ""country"": ""Lithuania"", ""is_primary"": false}, {""street"": ""4467 Phillips Wells Apt. 969"", ""city"": ""Angelaview"", ""country"": ""Netherlands Antilles"", ""is_primary"": true}]","{""age"": 47, ""department"": ""HR"", ""salary"": 116143.49, ""skills"": [""Dance movement psychotherapist"", ""Civil Service administrator"", ""Land"", ""Child psychotherapist""]}","[{""type"": ""view"", ""timestamp"": ""2025-04-22T06:23:15""}, {""type"": ""edit"", ""timestamp"": ""2025-08-14T15:06:52""}, {""type"": ""edit"", ""timestamp"": ""2025-03-06T20:29:47""}]"
422,Ashley Hunter,aaronarroyo@example.com,"[""down"", ""later"", ""trouble""]","[{""street"": ""03005 Lisa Fords Suite 974"", ""city"": ""Port Bruce"", ""country"": ""Madagascar"", ""is_primary"": true}]","{""age"": 33, ""department"": ""HR"", ""salary"": 51927.76, ""skills"": [""Public relations officer"", ""Advice worker""]}","[{""type"": ""purchase"", ""amount"": 968.81, ""currency"": ""USD""}]"
423,Eileen White,cherylhorton@example.net,"[""experience"", ""figure"", ""your"", ""change""]","[{""street"": ""1564 Jasmin Manor Apt. 329"", ""city"": ""East Robert"", ""country"": ""Bahrain"", ""is_primary"": false}, {""street"": ""3650 Gordon Squares Apt. 488"", ""city"": ""West Judyborough"", ""country"": ""Chile"", ""is_primary"": false}]","{""age"": 72, ""department"": ""Finance"", ""salary"": 79033.13, ""skills"": [""Programme researcher, broadcasting/film/video"", ""IT trainer""]}","[{""type"": ""login"", ""timestamp"": ""2025-01-27T16:28:16""}]"
424,Caleb Mckee,osbornemelissa@example.org,"[""opportunity"", ""property"", ""room"", ""year""]","[{""street"": ""31477 Ronald Park Suite 049"", ""city"": ""Johnsonshire"", ""country"": ""Saint Lucia"", ""is_primary"": true}]","{""age"": 38, ""department"": ""Sales"", ""salary"": 90399.28, ""skills"": [""Water engineer"", ""Engineer, water"", ""Accountant, chartered certified"", ""Engineer, water""]}",[]
425,Nancy Reyes,ernestpotter@example.org,"[""fight"", ""institution"", ""work""]","[{""street"": ""1147 Juan Ford"", ""city"": ""Brettfort"", ""country"": ""Qatar"", ""is_primary"": false}, {""street"": ""032 Robert Street"", ""city"": ""Hooverchester"", ""country"": ""United States of America"", ""is_primary"": false}]","{""age"": 58, ""department"": ""Engineering"", ""salary"": 114582.43, ""skills"": [""Radiographer, diagnostic""]}","[{""type"": ""view"", ""timestamp"": ""2025-07-16T02:47:27""}, {""type"": ""purchase"", ""amount"": 944.46, ""currency"": ""EUR""}, {""type"": ""login"", ""timestamp"": ""2025-06-29T15:58:13""}]"
426,Catherine Leonard,bradleyweeks@example.net,"[""worker"", ""explain""]","[{""street"": ""5549 Calderon Tunnel Suite 329"", ""city"": ""North Laura"", ""country"": ""Poland"", ""is_primary"": false}, {""street"": ""039 Eric Crossroad Suite 137"", ""city"": ""Hudsonburgh"", ""country"": ""Maldives"", ""is_primary"": true}]","{""age"": 66, ""department"": ""Finance"", ""salary"": 125096.62, ""skills"": [""Museum/gallery exhibitions officer"", ""Neurosurgeon"", ""Naval architect""]}","[{""type"": ""login"", ""timestamp"": ""2025-02-22T01:22:54""}, {""type"": ""login"", ""timestamp"": ""2025-09-30T10:53:01""}, {""type"": ""purchase"", ""amount"": 911.47, ""currency"": ""EUR""}]"
427,Laurie Taylor,drasmussen@example.org,"[""food"", ""take"", ""attack"", ""director""]","[{""street"": ""128 Dickerson Squares Apt. 626"", ""city"": ""Marissamouth"", ""country"": ""Western Sahara"", ""is_primary"": true}]","{""age"": 58, ""department"": ""HR"", ""salary"": 52566.71, ""skills"": [""Advice worker"", ""Therapist, speech and language"", ""Statistician"", ""Chiropractor""]}","[{""type"": ""view"", ""timestamp"": ""2025-08-05T12:47:40""}, {""type"": ""purchase"", ""amount"": 387.71, ""currency"": ""GBP""}]"
428,Melanie Freeman,kenthill@example.net,"[""condition"", ""able""]","[{""street"": ""3337 Hanson Flats"", ""city"": ""Kentside"", ""country"": ""Norfolk Island"", ""is_primary"": true}, {""street"": ""52355 English Crescent"", ""city"": ""Laurenmouth"", ""country"": ""Turkmenistan"", ""is_primary"": false}, {""street"": ""4999 Samantha Alley"", ""city"": ""Arthurview"", ""country"": ""Marshall Islands"", ""is_primary"": false}]","{""age"": 42, ""department"": ""Engineering"", ""salary"": 127076.41, ""skills"": [""Systems analyst""]}","[{""type"": ""purchase"", ""amount"": 203.48, ""currency"": ""GBP""}]"
429,Rachel Jones,kevin02@example.org,"[""idea"", ""two"", ""stuff"", ""million""]","[{""street"": ""460 Miller Locks"", ""city"": ""South Peter"", ""country"": ""Jamaica"", ""is_primary"": false}, {""street"": ""1315 Shirley Shoals"", ""city"": ""Martinfurt"", ""country"": ""Botswana"", ""is_primary"": false}]","{""age"": 22, ""department"": ""Finance"", ""salary"": 93223.77, ""skills"": [""Facilities manager"", ""Travel agency manager"", ""Engineer, technical sales""]}","[{""type"": ""edit"", ""timestamp"": ""2025-03-15T12:55:28""}, {""type"": ""login"", ""timestamp"": ""2025-04-13T21:21:50""}]"
430,William Kramer,jeffrey49@example.com,"[""everybody"", ""firm"", ""himself"", ""air"", ""dog""]","[{""street"": ""47084 Doyle Port"", ""city"": ""New Joshuamouth"", ""country"": ""Lebanon"", ""is_primary"": true}]","{""age"": 28, ""department"": ""Marketing"", ""salary"": 100135.51, ""skills"": [""Civil engineer, consulting"", ""Passenger transport manager"", ""Bookseller""]}","[{""type"": ""login"", ""timestamp"": ""2025-04-25T04:17:47""}, {""type"": ""view"", ""timestamp"": ""2025-06-24T02:59:14""}]"
431,Cody Bass,floressharon@example.com,"[""guy"", ""wind"", ""young""]","[{""street"": ""96026 Jasmine Path Suite 171"", ""city"": ""North Michael"", ""country"": ""Central African Republic"", ""is_primary"": false}]","{""age"": 70, ""department"": ""Finance"", ""salary"": 104461.56, ""skills"": [""Broadcast engineer"", ""Retail manager"", ""Adult nurse""]}","[{""type"": ""edit"", ""timestamp"": ""2025-03-04T01:22:20""}]"
432,Valerie Taylor,jennifer32@example.net,"[""feel"", ""wife"", ""employee""]","[{""street"": ""659 Sandra Plaza Apt. 833"", ""city"": ""Lake Jodi"", ""country"": ""Lao People's Democratic Republic"", ""is_primary"": false}]","{""age"": 55, ""department"": ""Marketing"", ""salary"": 86170.71, ""skills"": [""Pensions consultant""]}",[]
433,Jake Smith,pamela49@example.org,"[""least"", ""later""]","[{""street"": ""603 Mark Vista Suite 082"", ""city"": ""Lorraineberg"", ""country"": ""Greece"", ""is_primary"": true}]","{""age"": 37, ""department"": ""HR"", ""salary"": 113270.09, ""skills"": [""Marketing executive"", ""Gaffer"", ""Clinical psychologist"", ""Dentist""]}","[{""type"": ""view"", ""timestamp"": ""2025-08-07T02:09:17""}, {""type"": ""purchase"", ""amount"": 385.56, ""currency"": ""USD""}, {""type"": ""edit"", ""timestamp"": ""2025-01-16T13:52:26""}]"
434,Mark Robinson,fjones@example.com,"[""lot"", ""expert"", ""author"", ""million""]","[{""street"": ""8567 Rachel Coves"", ""city"": ""South Marcus"", ""country"": ""Suriname"", ""is_primary"": true}, {""street"": ""142 Chandler Junction Apt. 736"", ""city"": ""South Joseph"", ""country"": ""Benin"", ""is_primary"": true}]","{""age"": 79, ""department"": ""Sales"", ""salary"": 63342.51, ""skills"": [""Event organiser"", ""Journalist, newspaper"", ""Town planner""]}","[{""type"": ""purchase"", ""amount"": 623.92, ""currency"": ""EUR""}, {""type"": ""edit"", ""timestamp"": ""2025-06-22T05:22:25""}, {""type"": ""view"", ""timestamp"": ""2025-08-20T08:41:59""}]"
435,Nichole Pearson,justin70@example.org,"[""which"", ""four"", ""notice"", ""strategy""]","[{""street"": ""64952 Andrea Hills Suite 933"", ""city"": ""Kennethmouth"", ""country"": ""San Marino"", ""is_primary"": true}, {""street"": ""11496 Derrick Squares"", ""city"": ""Millerside"", ""country"": ""Norway"", ""is_primary"": true}, {""street"": ""578 Leonard Hollow"", ""city"": ""New Markstad"", ""country"": ""British Indian Ocean Territory (Chagos Archipelago)"", ""is_primary"": false}]","{""age"": 72, ""department"": ""Finance"", ""salary"": 133227.15, ""skills"": [""Administrator, education"", ""Magazine journalist""]}","[{""type"": ""login"", ""timestamp"": ""2025-10-15T05:39:34""}, {""type"": ""login"", ""timestamp"": ""2025-04-11T20:16:28""}, {""type"": ""view"", ""timestamp"": ""2025-04-23T15:03:14""}]"
436,Jonathan Austin,anthony82@example.net,"[""toward"", ""our"", ""operation"", ""stop""]","[{""street"": ""751 Conley Crossing Suite 064"", ""city"": ""New Andreatown"", ""country"": ""Sri Lanka"", ""is_primary"": false}, {""street"": ""97208 David Trafficway Apt. 365"", ""city"": ""Tinaside"", ""country"": ""Saint Vincent and the Grenadines"", ""is_primary"": true}, {""street"": ""32294 Denise Circles"", ""city"": ""North Nicolas"", ""country"": ""Czech Republic"", ""is_primary"": true}]","{""age"": 33, ""department"": ""Sales"", ""salary"": 55178.52, ""skills"": [""Ship broker"", ""Charity officer"", ""Set designer"", ""Personnel officer""]}","[{""type"": ""edit"", ""timestamp"": ""2025-10-13T17:55:01""}]"
437,Brian Castillo,cindyhiggins@example.com,"[""smile"", ""doctor"", ""type"", ""PM"", ""Mrs""]","[{""street"": ""2706 Shaw Run"", ""city"": ""New Jamesbury"", ""country"": ""Greenland"", ""is_primary"": false}]","{""age"": 59, ""department"": ""Sales"", ""salary"": 127760.95, ""skills"": [""Lobbyist"", ""Insurance account manager"", ""Technical brewer""]}","[{""type"": ""view"", ""timestamp"": ""2025-08-18T07:29:24""}, {""type"": ""login"", ""timestamp"": ""2025-10-20T03:05:29""}]"
438,Anthony Rowland,theresajohnson@example.org,"[""may"", ""clearly"", ""hospital"", ""between"", ""eight""]","[{""street"": ""02778 David Run"", ""city"": ""Dillonborough"", ""country"": ""Canada"", ""is_primary"": false}]","{""age"": 32, ""department"": ""Finance"", ""salary"": 64227.78, ""skills"": [""Tourist information centre manager"", ""Dealer"", ""Barista""]}","[{""type"": ""view"", ""timestamp"": ""2025-04-13T10:25:04""}]"
439,Rhonda James,davidcrawford@example.com,"[""base"", ""offer"", ""project"", ""owner"", ""himself""]","[{""street"": ""230 Freeman Squares"", ""city"": ""Ramirezborough"", ""country"": ""Fiji"", ""is_primary"": false}]","{""age"": 44, ""department"": ""HR"", ""salary"": 64718.71, ""skills"": [""Community education officer""]}","[{""type"": ""edit"", ""timestamp"": ""2025-05-19T18:06:48""}, {""type"": ""view"", ""timestamp"": ""2025-04-09T09:06:19""}, {""type"": ""edit"", ""timestamp"": ""2025-05-12T17:41:19""}]"
440,Mr. Samuel Fry,longmark@example.org,"[""western"", ""pressure"", ""network"", ""develop"", ""general""]","[{""street"": ""6842 Phillips Street Suite 485"", ""city"": ""Matthewmouth"", ""country"": ""Thailand"", ""is_primary"": false}, {""street"": ""08727 Jennings Corners Apt. 614"", ""city"": ""West Calebberg"", ""country"": ""Morocco"", ""is_primary"": true}, {""street"": ""5420 Michael Plaza"", ""city"": ""Sanchezport"", ""country"": ""Bahrain"", ""is_primary"": false}]","{""age"": 21, ""department"": ""Engineering"", ""salary"": 139614.27, ""skills"": [""Primary school teacher"", ""Telecommunications researcher""]}",[]
441,Mr. Jacob Bell,michealray@example.org,"[""administration"", ""hard"", ""member""]","[{""street"": ""068 Daniel Lane Suite 118"", ""city"": ""New Kelly"", ""country"": ""Andorra"", ""is_primary"": true}]","{""age"": 22, ""department"": ""Finance"", ""salary"": 119960.05, ""skills"": [""Accounting technician"", ""Operations geologist"", ""Seismic interpreter"", ""Music therapist""]}","[{""type"": ""edit"", ""timestamp"": ""2025-02-24T00:00:28""}]"
442,Elizabeth Watson,dawsonjohn@example.org,"[""parent"", ""fear"", ""stuff""]","[{""street"": ""43921 Morris Road"", ""city"": ""Port Kellyshire"", ""country"": ""Moldova"", ""is_primary"": false}, {""street"": ""06263 Nicholas Lake Suite 621"", ""city"": ""Jessicastad"", ""country"": ""Panama"", ""is_primary"": true}]","{""age"": 29, ""department"": ""Finance"", ""salary"": 96840.83, ""skills"": [""Call centre manager""]}","[{""type"": ""purchase"", ""amount"": 782.31, ""currency"": ""GBP""}]"
443,Michael James,melanie87@example.net,"[""picture"", ""southern"", ""what""]","[{""street"": ""9329 Curry Burg Apt. 656"", ""city"": ""Kevinport"", ""country"": ""Tokelau"", ""is_primary"": true}]","{""age"": 28, ""department"": ""HR"", ""salary"": 44080.6, ""skills"": [""Chartered certified accountant"", ""Surveyor, quantity"", ""Development worker, community"", ""Financial manager""]}","[{""type"": ""view"", ""timestamp"": ""2025-08-15T20:02:46""}, {""type"": ""purchase"", ""amount"": 482.66, ""currency"": ""USD""}, {""type"": ""login"", ""timestamp"": ""2025-01-11T02:50:16""}]"
444,Mr. Matthew Williams DDS,xrussell@example.org,"[""far"", ""past""]","[{""street"": ""867 Perry Walk Suite 064"", ""city"": ""Lake Dawnton"", ""country"": ""Morocco"", ""is_primary"": false}, {""street"": ""8331 Dawson Ways"", ""city"": ""New Samuelmouth"", ""country"": ""Guadeloupe"", ""is_primary"": true}]","{""age"": 79, ""department"": ""Engineering"", ""salary"": 93382.79, ""skills"": [""Chartered accountant"", ""Print production planner"", ""Naval architect"", ""Clinical research associate""]}","[{""type"": ""purchase"", ""amount"": 808.71, ""currency"": ""EUR""}, {""type"": ""view"", ""timestamp"": ""2025-10-10T01:13:14""}]"
445,Ricky Mills,elizabethcole@example.net,"[""travel"", ""product""]","[{""street"": ""40018 Tammy Causeway Suite 484"", ""city"": ""South John"", ""country"": ""Panama"", ""is_primary"": true}, {""street"": ""6064 Dawn Wells"", ""city"": ""Roseburgh"", ""country"": ""Bahamas"", ""is_primary"": true}, {""street"": ""7437 Young Locks"", ""city"": ""West Darrellmouth"", ""country"": ""Montserrat"", ""is_primary"": false}]","{""age"": 21, ""department"": ""HR"", ""salary"": 75125.98, ""skills"": [""Set designer"", ""Ceramics designer""]}","[{""type"": ""edit"", ""timestamp"": ""2025-02-15T20:53:23""}, {""type"": ""edit"", ""timestamp"": ""2025-09-18T08:33:13""}]"
446,Dustin Riley,amanda30@example.com,"[""practice"", ""scientist"", ""life"", ""finish"", ""popular""]","[{""street"": ""65898 Jones Forge"", ""city"": ""North Michael"", ""country"": ""Guadeloupe"", ""is_primary"": true}]","{""age"": 53, ""department"": ""HR"", ""salary"": 90656.47, ""skills"": [""Restaurant manager, fast food"", ""Solicitor, Scotland""]}","[{""type"": ""view"", ""timestamp"": ""2025-02-08T18:07:03""}, {""type"": ""view"", ""timestamp"": ""2025-07-15T10:38:33""}, {""type"": ""login"", ""timestamp"": ""2025-06-10T02:08:47""}]"
447,Nancy Conway,amber14@example.org,"[""share"", ""recent"", ""eye""]","[{""street"": ""07413 Laura Hollow"", ""city"": ""Hatfieldberg"", ""country"": ""Afghanistan"", ""is_primary"": false}, {""street"": ""96124 Williams Groves"", ""city"": ""Jamesport"", ""country"": ""Latvia"", ""is_primary"": false}]","{""age"": 80, ""department"": ""Engineering"", ""salary"": 117020.56, ""skills"": [""Psychologist, sport and exercise"", ""Production assistant, television"", ""Nurse, children's"", ""Accountant, chartered""]}",[]
448,Paul Miller,tina77@example.org,"[""beautiful"", ""body"", ""economic""]","[{""street"": ""732 April Vista"", ""city"": ""New Stephaniefurt"", ""country"": ""Angola"", ""is_primary"": true}]","{""age"": 74, ""department"": ""Finance"", ""salary"": 79860.76, ""skills"": [""Museum/gallery curator"", ""Estate agent""]}","[{""type"": ""edit"", ""timestamp"": ""2025-07-28T04:28:34""}]"
449,Jay Williamson,joseph37@example.org,"[""wonder"", ""with"", ""member""]","[{""street"": ""4867 Richard Run Suite 792"", ""city"": ""Bonniehaven"", ""country"": ""Eritrea"", ""is_primary"": true}, {""street"": ""479 William Ridge Suite 317"", ""city"": ""Nicholasfurt"", ""country"": ""Reunion"", ""is_primary"": true}]","{""age"": 79, ""department"": ""Finance"", ""salary"": 77351.32, ""skills"": [""Computer games developer"", ""Dealer"", ""Manufacturing engineer"", ""Marine scientist""]}",[]
450,Rebecca Francis,collinsjohn@example.net,"[""cultural"", ""example"", ""range"", ""machine""]","[{""street"": ""84278 Edward Flats"", ""city"": ""South Joseph"", ""country"": ""South Georgia and the South Sandwich Islands"", ""is_primary"": false}, {""street"": ""022 Shepherd Keys"", ""city"": ""Michaelfort"", ""country"": ""Jamaica"", ""is_primary"": false}, {""street"": ""464 Ross Key Suite 992"", ""city"": ""Charlesport"", ""country"": ""Togo"", ""is_primary"": true}]","{""age"": 52, ""department"": ""Sales"", ""salary"": 74270.36, ""skills"": [""Chief of Staff"", ""Neurosurgeon""]}",[]
451,Kimberly Leonard,emcclain@example.com,"[""thousand"", ""national"", ""though"", ""building""]","[{""street"": ""200 Bryant Walks Suite 783"", ""city"": ""West Kim"", ""country"": ""South Georgia and the South Sandwich Islands"", ""is_primary"": true}, {""street"": ""15238 Flynn Prairie"", ""city"": ""West Deborahport"", ""country"": ""Isle of Man"", ""is_primary"": true}]","{""age"": 78, ""department"": ""Engineering"", ""salary"": 105504.16, ""skills"": [""Musician"", ""Broadcast engineer"", ""Therapist, nutritional"", ""Journalist, newspaper""]}","[{""type"": ""view"", ""timestamp"": ""2025-06-23T16:02:31""}]"
452,Thomas Decker,cperez@example.net,"[""to"", ""any"", ""summer""]","[{""street"": ""8025 Maria Heights Apt. 910"", ""city"": ""West Lori"", ""country"": ""Thailand"", ""is_primary"": true}, {""street"": ""24573 Erickson Square"", ""city"": ""Simonhaven"", ""country"": ""French Guiana"", ""is_primary"": true}]","{""age"": 71, ""department"": ""Marketing"", ""salary"": 55329.55, ""skills"": [""Marketing executive"", ""Call centre manager"", ""Exercise physiologist""]}","[{""type"": ""login"", ""timestamp"": ""2025-07-19T15:50:32""}]"
453,Jessica Jackson,thomas22@example.net,"[""crime"", ""product"", ""capital"", ""pretty""]","[{""street"": ""15062 Boone Burg Suite 184"", ""city"": ""New Frank"", ""country"": ""Mozambique"", ""is_primary"": false}, {""street"": ""9651 Daniel Extensions Suite 506"", ""city"": ""North Brandy"", ""country"": ""Bulgaria"", ""is_primary"": true}]","{""age"": 44, ""department"": ""HR"", ""salary"": 92261.26, ""skills"": [""Sports administrator"", ""Psychologist, counselling""]}","[{""type"": ""purchase"", ""amount"": 792.91, ""currency"": ""EUR""}, {""type"": ""edit"", ""timestamp"": ""2025-03-04T21:22:37""}, {""type"": ""purchase"", ""amount"": 480.71, ""currency"": ""USD""}]"
454,Joshua Humphrey,craigferguson@example.com,"[""push"", ""catch"", ""hope"", ""interview""]","[{""street"": ""673 Paula Lakes"", ""city"": ""Caitlinview"", ""country"": ""Dominica"", ""is_primary"": false}, {""street"": ""60858 Jean Street Suite 292"", ""city"": ""Lake Ashley"", ""country"": ""Dominica"", ""is_primary"": false}]","{""age"": 74, ""department"": ""Sales"", ""salary"": 81618.81, ""skills"": [""Archivist"", ""Teaching laboratory technician"", ""Careers information officer"", ""Development worker, community""]}","[{""type"": ""view"", ""timestamp"": ""2025-09-05T14:12:22""}, {""type"": ""view"", ""timestamp"": ""2025-08-10T19:33:04""}, {""type"": ""view"", ""timestamp"": ""2025-08-02T17:31:15""}]"
455,Lauren Jenkins,adam29@example.net,"[""once"", ""police"", ""black""]","[{""street"": ""133 Smith Overpass"", ""city"": ""Tonyashire"", ""country"": ""Korea"", ""is_primary"": true}, {""street"": ""1071 Stacey Field"", ""city"": ""West Josephton"", ""country"": ""Bolivia"", ""is_primary"": true}, {""street"": ""6173 Taylor Crossing Apt. 239"", ""city"": ""Watkinsburgh"", ""country"": ""Eritrea"", ""is_primary"": true}]","{""age"": 63, ""department"": ""HR"", ""salary"": 40639.73, ""skills"": [""Special effects artist"", ""Podiatrist""]}","[{""type"": ""purchase"", ""amount"": 389.2, ""currency"": ""GBP""}, {""type"": ""view"", ""timestamp"": ""2025-05-04T02:02:30""}, {""type"": ""view"", ""timestamp"": ""2025-05-15T10:04:31""}]"
456,Sheri Olson,sknight@example.com,"[""word"", ""herself"", ""office"", ""physical""]","[{""street"": ""77307 Hudson Valley Suite 359"", ""city"": ""West Rhondaburgh"", ""country"": ""Iraq"", ""is_primary"": false}, {""street"": ""2457 Nathan Hill"", ""city"": ""West Kimberly"", ""country"": ""Anguilla"", ""is_primary"": false}, {""street"": ""675 Cole Walk Suite 378"", ""city"": ""Lawrenceshire"", ""country"": ""Faroe Islands"", ""is_primary"": true}]","{""age"": 34, ""department"": ""Sales"", ""salary"": 67762.63, ""skills"": [""Engineer, chemical"", ""Bonds trader"", ""Fitness centre manager"", ""Higher education lecturer""]}",[]
457,Francisco Ortiz,jenkinsstacy@example.org,"[""bank"", ""newspaper"", ""attorney"", ""federal""]","[{""street"": ""1100 Alexander Pike"", ""city"": ""Thompsonberg"", ""country"": ""Turkmenistan"", ""is_primary"": false}, {""street"": ""6166 Kemp Pass"", ""city"": ""South Timothy"", ""country"": ""Qatar"", ""is_primary"": true}, {""street"": ""504 Tracy Radial"", ""city"": ""Rodriguezshire"", ""country"": ""Gibraltar"", ""is_primary"": true}]","{""age"": 72, ""department"": ""Sales"", ""salary"": 68947.93, ""skills"": [""Social researcher"", ""Management consultant""]}",[]
458,Joseph Silva,marvinwatkins@example.net,"[""positive"", ""north"", ""pay""]","[{""street"": ""989 Rebecca Walk"", ""city"": ""Johnsonshire"", ""country"": ""Peru"", ""is_primary"": true}, {""street"": ""0806 Jamie Stream"", ""city"": ""East Stephanie"", ""country"": ""Tajikistan"", ""is_primary"": true}]","{""age"": 19, ""department"": ""Engineering"", ""salary"": 119483.74, ""skills"": [""Production assistant, television""]}","[{""type"": ""edit"", ""timestamp"": ""2025-03-13T09:12:51""}, {""type"": ""login"", ""timestamp"": ""2025-07-03T11:57:13""}, {""type"": ""view"", ""timestamp"": ""2025-04-10T20:34:45""}]"
459,Jeff Rangel,angela65@example.org,"[""realize"", ""game""]","[{""street"": ""7303 Christine Junctions Suite 607"", ""city"": ""South Jennifer"", ""country"": ""Western Sahara"", ""is_primary"": true}, {""street"": ""4252 John River"", ""city"": ""Jillianmouth"", ""country"": ""Somalia"", ""is_primary"": true}]","{""age"": 48, ""department"": ""HR"", ""salary"": 45721.46, ""skills"": [""Press photographer"", ""Dramatherapist""]}","[{""type"": ""purchase"", ""amount"": 992.62, ""currency"": ""USD""}]"
460,Vickie Torres,rogersjoseph@example.net,"[""recent"", ""laugh""]","[{""street"": ""60362 Teresa Coves"", ""city"": ""East Bradleyburgh"", ""country"": ""Equatorial Guinea"", ""is_primary"": true}]","{""age"": 32, ""department"": ""HR"", ""salary"": 126869.45, ""skills"": [""Ergonomist"", ""Fish farm manager"", ""Journalist, magazine"", ""Archivist""]}","[{""type"": ""purchase"", ""amount"": 861.4, ""currency"": ""GBP""}, {""type"": ""login"", ""timestamp"": ""2025-07-16T08:07:51""}]"
461,Stanley Diaz,christopher16@example.com,"[""nearly"", ""difference""]","[{""street"": ""6679 James Hills"", ""city"": ""North Gary"", ""country"": ""India"", ""is_primary"": true}, {""street"": ""890 Thomas Valley Apt. 086"", ""city"": ""Port Jessica"", ""country"": ""Bahrain"", ""is_primary"": false}, {""street"": ""796 Whitney Parkway Suite 435"", ""city"": ""Lake Christinamouth"", ""country"": ""French Guiana"", ""is_primary"": false}]","{""age"": 76, ""department"": ""HR"", ""salary"": 72422.36, ""skills"": [""Psychologist, occupational"", ""Public librarian"", ""Occupational psychologist""]}","[{""type"": ""view"", ""timestamp"": ""2025-06-28T02:30:45""}, {""type"": ""view"", ""timestamp"": ""2025-05-09T22:22:58""}, {""type"": ""login"", ""timestamp"": ""2025-03-02T03:08:59""}]"
462,Catherine Bryant,hamiltonmorgan@example.com,"[""tough"", ""than"", ""through"", ""fall""]","[{""street"": ""8942 Moore Pike"", ""city"": ""Reedmouth"", ""country"": ""Swaziland"", ""is_primary"": false}]","{""age"": 28, ""department"": ""Marketing"", ""salary"": 111813.22, ""skills"": [""Music tutor""]}","[{""type"": ""purchase"", ""amount"": 927.94, ""currency"": ""GBP""}, {""type"": ""edit"", ""timestamp"": ""2025-03-14T01:25:34""}]"
463,Steven Parks,chadchapman@example.com,"[""course"", ""modern"", ""you"", ""right"", ""entire""]","[{""street"": ""12594 Gregory Shore"", ""city"": ""New Mariomouth"", ""country"": ""Tonga"", ""is_primary"": false}, {""street"": ""72094 Shea Manor Apt. 408"", ""city"": ""Robertburgh"", ""country"": ""Vietnam"", ""is_primary"": false}, {""street"": ""2001 Simmons Ways Apt. 856"", ""city"": ""Elizabethburgh"", ""country"": ""Portugal"", ""is_primary"": true}]","{""age"": 51, ""department"": ""Engineering"", ""salary"": 83177.45, ""skills"": [""Statistician"", ""Editor, film/video""]}","[{""type"": ""view"", ""timestamp"": ""2025-01-24T18:10:44""}, {""type"": ""edit"", ""timestamp"": ""2025-03-13T02:02:17""}]"
464,Julia Rubio,mullencharles@example.com,"[""figure"", ""determine"", ""century"", ""position""]","[{""street"": ""0206 Tonya Plaza"", ""city"": ""Port Lauren"", ""country"": ""Azerbaijan"", ""is_primary"": false}, {""street"": ""3393 Stuart Throughway Suite 846"", ""city"": ""New Henry"", ""country"": ""Gabon"", ""is_primary"": false}, {""street"": ""5621 Michelle Squares"", ""city"": ""Olsonville"", ""country"": ""Togo"", ""is_primary"": true}]","{""age"": 22, ""department"": ""Marketing"", ""salary"": 49274.72, ""skills"": [""Actuary"", ""Commercial art gallery manager""]}",[]
465,Michael Bowen,jameschaney@example.com,"[""inside"", ""what""]","[{""street"": ""22647 Gill Dam"", ""city"": ""Mooreshire"", ""country"": ""Guadeloupe"", ""is_primary"": false}, {""street"": ""40367 David Ferry"", ""city"": ""North Deborah"", ""country"": ""El Salvador"", ""is_primary"": false}, {""street"": ""5300 Veronica Hills Apt. 607"", ""city"": ""Brookeville"", ""country"": ""Spain"", ""is_primary"": true}]","{""age"": 78, ""department"": ""Sales"", ""salary"": 40777.78, ""skills"": [""Chartered loss adjuster"", ""Building control surveyor"", ""Heritage manager"", ""Engineer, building services""]}","[{""type"": ""view"", ""timestamp"": ""2025-01-27T01:29:51""}, {""type"": ""edit"", ""timestamp"": ""2025-08-06T11:15:15""}]"
466,Shirley Kelly,snyderangela@example.org,"[""prove"", ""concern"", ""TV"", ""person""]","[{""street"": ""5388 Jessica Forest Suite 839"", ""city"": ""Mackenziehaven"", ""country"": ""Mayotte"", ""is_primary"": false}]","{""age"": 43, ""department"": ""Sales"", ""salary"": 101065.51, ""skills"": [""Environmental health practitioner""]}","[{""type"": ""purchase"", ""amount"": 353.05, ""currency"": ""USD""}, {""type"": ""edit"", ""timestamp"": ""2025-05-22T02:44:16""}]"
467,Jennifer Davila,daniel01@example.net,"[""often"", ""finally"", ""movie"", ""do"", ""happy""]","[{""street"": ""24763 Kristen Path"", ""city"": ""Charlesfort"", ""country"": ""Puerto Rico"", ""is_primary"": false}]","{""age"": 18, ""department"": ""Sales"", ""salary"": 122083.77, ""skills"": [""Clinical psychologist"", ""Scientist, water quality"", ""Investment analyst""]}","[{""type"": ""view"", ""timestamp"": ""2025-05-26T07:22:39""}, {""type"": ""view"", ""timestamp"": ""2025-02-02T21:36:03""}]"
468,Monica Simpson,ymartin@example.net,"[""card"", ""knowledge""]","[{""street"": ""876 Renee Isle Suite 728"", ""city"": ""Joshuaburgh"", ""country"": ""South Africa"", ""is_primary"": true}, {""street"": ""33316 Williams Stravenue"", ""city"": ""Natalieville"", ""country"": ""Malawi"", ""is_primary"": true}]","{""age"": 75, ""department"": ""Marketing"", ""salary"": 84141.58, ""skills"": [""Educational psychologist"", ""Psychologist, educational"", ""Sport and exercise psychologist"", ""Make""]}","[{""type"": ""edit"", ""timestamp"": ""2025-03-28T04:35:55""}]"
469,Randall Ramos,camposvincent@example.net,"[""say"", ""effect""]","[{""street"": ""650 Berry Vista"", ""city"": ""Lake Nicole"", ""country"": ""Bouvet Island (Bouvetoya)"", ""is_primary"": true}, {""street"": ""9366 Gregory Hill Apt. 565"", ""city"": ""Kellymouth"", ""country"": ""Hungary"", ""is_primary"": false}, {""street"": ""612 Erin Coves Suite 258"", ""city"": ""South George"", ""country"": ""Mexico"", ""is_primary"": true}]","{""age"": 30, ""department"": ""HR"", ""salary"": 121007.49, ""skills"": [""Proofreader"", ""Personnel officer"", ""Medical technical officer""]}","[{""type"": ""edit"", ""timestamp"": ""2025-05-05T12:37:56""}, {""type"": ""view"", ""timestamp"": ""2025-10-20T16:00:34""}, {""type"": ""login"", ""timestamp"": ""2025-07-11T02:07:37""}]"
470,Cheryl Terry,moorechristopher@example.com,"[""believe"", ""official""]","[{""street"": ""678 Rodriguez Ridge"", ""city"": ""South Roger"", ""country"": ""Austria"", ""is_primary"": false}, {""street"": ""156 Michael Crescent Apt. 182"", ""city"": ""North Judyside"", ""country"": ""Venezuela"", ""is_primary"": false}]","{""age"": 44, ""department"": ""Marketing"", ""salary"": 46126.45, ""skills"": [""Land/geomatics surveyor"", ""Investment banker, corporate"", ""Airline pilot""]}",[]
471,Brittany Pena,agarcia@example.com,"[""seem"", ""Congress"", ""half"", ""option"", ""agency""]","[{""street"": ""34412 Patterson Shores"", ""city"": ""Markmouth"", ""country"": ""Fiji"", ""is_primary"": false}, {""street"": ""516 Jason Ridges Apt. 802"", ""city"": ""Michaelstad"", ""country"": ""Tokelau"", ""is_primary"": true}]","{""age"": 44, ""department"": ""Engineering"", ""salary"": 61692.57, ""skills"": [""Web designer"", ""Retail buyer""]}","[{""type"": ""purchase"", ""amount"": 64.23, ""currency"": ""USD""}]"
472,Jasmine Hoover,kerickson@example.com,"[""only"", ""force"", ""morning"", ""each""]","[{""street"": ""80114 Adam Crest"", ""city"": ""Lake Antoniochester"", ""country"": ""Qatar"", ""is_primary"": true}, {""street"": ""441 Navarro Parkway"", ""city"": ""North Natasha"", ""country"": ""Eritrea"", ""is_primary"": false}]","{""age"": 19, ""department"": ""Sales"", ""salary"": 94335.01, ""skills"": [""Development worker, international aid"", ""Physiological scientist"", ""IT technical support officer"", ""Petroleum engineer""]}","[{""type"": ""purchase"", ""amount"": 980.09, ""currency"": ""USD""}, {""type"": ""login"", ""timestamp"": ""2025-06-11T00:49:53""}, {""type"": ""edit"", ""timestamp"": ""2025-01-10T04:41:03""}]"
473,Theresa Burns,jillianmiles@example.net,"[""note"", ""project""]","[{""street"": ""2517 Teresa Islands"", ""city"": ""Port Betty"", ""country"": ""Israel"", ""is_primary"": true}]","{""age"": 72, ""department"": ""Marketing"", ""salary"": 99668.82, ""skills"": [""Surveyor, mining""]}","[{""type"": ""edit"", ""timestamp"": ""2025-03-17T00:45:59""}, {""type"": ""view"", ""timestamp"": ""2025-03-23T22:08:46""}, {""type"": ""purchase"", ""amount"": 37.89, ""currency"": ""USD""}]"
474,Jasmine Rosales,kennethmaxwell@example.org,"[""camera"", ""manager"", ""under"", ""our"", ""nice""]","[{""street"": ""84630 Angel Port"", ""city"": ""New Patricia"", ""country"": ""Palau"", ""is_primary"": false}, {""street"": ""896 Mary Parkways Suite 516"", ""city"": ""Christopherbury"", ""country"": ""Egypt"", ""is_primary"": true}]","{""age"": 27, ""department"": ""Marketing"", ""salary"": 37076.14, ""skills"": [""Illustrator"", ""Charity fundraiser"", ""Leisure centre manager""]}","[{""type"": ""edit"", ""timestamp"": ""2025-05-19T01:46:21""}, {""type"": ""login"", ""timestamp"": ""2025-07-11T19:45:29""}, {""type"": ""edit"", ""timestamp"": ""2025-03-29T15:11:27""}]"
475,James Kennedy,maypenny@example.com,"[""peace"", ""avoid"", ""cell"", ""indeed""]","[{""street"": ""0239 Jessica Shoals Apt. 768"", ""city"": ""Lawrencetown"", ""country"": ""Iran"", ""is_primary"": true}]","{""age"": 41, ""department"": ""Marketing"", ""salary"": 80083.62, ""skills"": [""Teacher, special educational needs""]}","[{""type"": ""login"", ""timestamp"": ""2025-05-10T16:26:28""}, {""type"": ""login"", ""timestamp"": ""2025-09-25T06:33:17""}]"
476,Matthew Griffin,gregorywright@example.net,"[""standard"", ""coach"", ""entire""]","[{""street"": ""765 Huffman Stravenue Apt. 398"", ""city"": ""West Rodney"", ""country"": ""Czech Republic"", ""is_primary"": true}]","{""age"": 58, ""department"": ""Sales"", ""salary"": 52549.58, ""skills"": [""Chiropractor"", ""Aid worker"", ""Chemical engineer"", ""Presenter, broadcasting""]}","[{""type"": ""purchase"", ""amount"": 779.66, ""currency"": ""USD""}, {""type"": ""purchase"", ""amount"": 341.29, ""currency"": ""EUR""}]"
477,Joseph Porter,betty49@example.org,"[""she"", ""card""]","[{""street"": ""1304 Poole Throughway"", ""city"": ""Luisland"", ""country"": ""Dominican Republic"", ""is_primary"": false}, {""street"": ""749 Zachary Greens Apt. 264"", ""city"": ""Seanland"", ""country"": ""Martinique"", ""is_primary"": false}, {""street"": ""2706 Willie Port"", ""city"": ""Port Robin"", ""country"": ""Cook Islands"", ""is_primary"": true}]","{""age"": 46, ""department"": ""Engineering"", ""salary"": 112052.74, ""skills"": [""Art gallery manager"", ""Learning mentor""]}","[{""type"": ""login"", ""timestamp"": ""2025-08-04T13:10:24""}, {""type"": ""purchase"", ""amount"": 694.38, ""currency"": ""GBP""}, {""type"": ""purchase"", ""amount"": 306.4, ""currency"": ""GBP""}]"
478,Danielle Carter,feliciahood@example.com,"[""alone"", ""still"", ""television""]","[{""street"": ""956 Anderson Island"", ""city"": ""Deleonhaven"", ""country"": ""Israel"", ""is_primary"": true}, {""street"": ""375 Michele Bridge"", ""city"": ""Johnstonmouth"", ""country"": ""Argentina"", ""is_primary"": false}]","{""age"": 55, ""department"": ""Sales"", ""salary"": 105113.32, ""skills"": [""Best boy"", ""Paramedic""]}","[{""type"": ""login"", ""timestamp"": ""2025-09-20T17:22:42""}]"
479,Lawrence Lowe,julian67@example.com,"[""standard"", ""color""]","[{""street"": ""304 Gabrielle Run Apt. 370"", ""city"": ""Stephensmouth"", ""country"": ""Ukraine"", ""is_primary"": true}, {""street"": ""33737 Luke Knoll Apt. 731"", ""city"": ""East Megan"", ""country"": ""Northern Mariana Islands"", ""is_primary"": true}]","{""age"": 41, ""department"": ""Finance"", ""salary"": 58764.96, ""skills"": [""Press photographer""]}","[{""type"": ""purchase"", ""amount"": 313.15, ""currency"": ""GBP""}, {""type"": ""purchase"", ""amount"": 55.3, ""currency"": ""EUR""}]"
480,Arthur Anderson,mhowe@example.com,"[""sing"", ""everyone"", ""race"", ""half""]","[{""street"": ""75836 Lowe Mountains Suite 885"", ""city"": ""Lake Toddland"", ""country"": ""Italy"", ""is_primary"": false}]","{""age"": 43, ""department"": ""Finance"", ""salary"": 120233.3, ""skills"": [""Careers information officer"", ""Health and safety inspector""]}","[{""type"": ""edit"", ""timestamp"": ""2025-02-04T18:19:50""}, {""type"": ""purchase"", ""amount"": 479.31, ""currency"": ""EUR""}]"
481,Christy Barajas,james36@example.com,"[""movie"", ""staff"", ""cut""]","[{""street"": ""724 Brent Passage"", ""city"": ""Lewisfurt"", ""country"": ""Nicaragua"", ""is_primary"": true}, {""street"": ""83345 Lopez Street"", ""city"": ""Bryanttown"", ""country"": ""Guyana"", ""is_primary"": false}, {""street"": ""0744 Michael Track"", ""city"": ""Howellland"", ""country"": ""Guatemala"", ""is_primary"": false}]","{""age"": 26, ""department"": ""Engineering"", ""salary"": 142979.72, ""skills"": [""Radio producer""]}","[{""type"": ""edit"", ""timestamp"": ""2025-10-26T23:57:44""}, {""type"": ""login"", ""timestamp"": ""2025-03-16T09:37:24""}, {""type"": ""view"", ""timestamp"": ""2025-03-19T05:02:26""}]"
482,Julie Chaney,rodriguezbrian@example.com,"[""computer"", ""thus"", ""national"", ""writer""]","[{""street"": ""14653 Spence Trafficway"", ""city"": ""South Thomas"", ""country"": ""Belgium"", ""is_primary"": false}, {""street"": ""273 Lacey Track"", ""city"": ""Vaughnberg"", ""country"": ""Western Sahara"", ""is_primary"": false}]","{""age"": 48, ""department"": ""Marketing"", ""salary"": 129708.86, ""skills"": [""Air cabin crew"", ""Medical illustrator""]}",[]
483,Kevin Scott,bleonard@example.net,"[""above"", ""remember"", ""anything""]","[{""street"": ""776 Munoz Ford"", ""city"": ""New Jacqueline"", ""country"": ""Hungary"", ""is_primary"": true}, {""street"": ""5172 Yates Fall Suite 260"", ""city"": ""West Brianburgh"", ""country"": ""Russian Federation"", ""is_primary"": false}, {""street"": ""84303 Ronnie Shore"", ""city"": ""West Andrewside"", ""country"": ""Tonga"", ""is_primary"": false}]","{""age"": 32, ""department"": ""Marketing"", ""salary"": 95941.48, ""skills"": [""Conservation officer, historic buildings"", ""Research scientist (maths)"", ""Press sub""]}","[{""type"": ""edit"", ""timestamp"": ""2025-07-16T05:43:13""}, {""type"": ""login"", ""timestamp"": ""2025-08-07T11:44:40""}]"
484,Kimberly Hill,isaac02@example.org,"[""set"", ""back"", ""will"", ""their"", ""drive""]","[{""street"": ""1527 Thornton Row"", ""city"": ""South James"", ""country"": ""Belize"", ""is_primary"": true}, {""street"": ""1958 Brent Park Apt. 024"", ""city"": ""South Thomas"", ""country"": ""Djibouti"", ""is_primary"": false}]","{""age"": 48, ""department"": ""Engineering"", ""salary"": 62955.98, ""skills"": [""Librarian, public"", ""Museum/gallery exhibitions officer""]}","[{""type"": ""edit"", ""timestamp"": ""2025-09-13T14:23:01""}]"
485,Mark Lewis,jonesmichael@example.net,"[""actually"", ""teach"", ""ever"", ""born"", ""unit""]","[{""street"": ""900 Kirk Well Apt. 203"", ""city"": ""South Evanhaven"", ""country"": ""Micronesia"", ""is_primary"": true}, {""street"": ""925 Bishop Knoll Apt. 103"", ""city"": ""West Alvin"", ""country"": ""Dominican Republic"", ""is_primary"": false}, {""street"": ""43562 Whitehead Valley"", ""city"": ""Lake Christyside"", ""country"": ""Venezuela"", ""is_primary"": true}]","{""age"": 18, ""department"": ""HR"", ""salary"": 75865.81, ""skills"": [""Retail buyer"", ""Gaffer"", ""Fish farm manager""]}","[{""type"": ""edit"", ""timestamp"": ""2025-03-22T18:22:35""}, {""type"": ""edit"", ""timestamp"": ""2025-07-01T09:56:38""}]"
486,Donna Henry,millermichael@example.net,"[""pull"", ""garden"", ""many"", ""training""]","[{""street"": ""038 Harper Branch"", ""city"": ""Escobarberg"", ""country"": ""Cyprus"", ""is_primary"": false}, {""street"": ""71859 Odonnell Path Suite 495"", ""city"": ""East Jose"", ""country"": ""Malawi"", ""is_primary"": false}, {""street"": ""2550 Hall Field"", ""city"": ""New Matthewfort"", ""country"": ""Bermuda"", ""is_primary"": false}]","{""age"": 77, ""department"": ""HR"", ""salary"": 40851.57, ""skills"": [""Engineering geologist"", ""Customer service manager"", ""Engineer, structural""]}","[{""type"": ""view"", ""timestamp"": ""2025-10-20T23:59:59""}]"
487,Suzanne Benton,fwillis@example.org,"[""administration"", ""many"", ""short"", ""most""]","[{""street"": ""1988 Jacobs Loop Suite 413"", ""city"": ""East Mariahmouth"", ""country"": ""Seychelles"", ""is_primary"": true}]","{""age"": 53, ""department"": ""Sales"", ""salary"": 48506.17, ""skills"": [""Psychologist, prison and probation services"", ""Actor"", ""Sports coach"", ""Surgeon""]}",[]
488,Justin Mcdaniel,mitchellscott@example.com,"[""everything"", ""close""]","[{""street"": ""65731 Moss Track Apt. 692"", ""city"": ""Ellisonfort"", ""country"": ""Christmas Island"", ""is_primary"": true}, {""street"": ""965 Estrada Cove Suite 930"", ""city"": ""Wellsfurt"", ""country"": ""South Georgia and the South Sandwich Islands"", ""is_primary"": true}]","{""age"": 45, ""department"": ""Engineering"", ""salary"": 51224.67, ""skills"": [""Travel agency manager"", ""Retail merchandiser""]}","[{""type"": ""login"", ""timestamp"": ""2025-06-05T02:03:42""}, {""type"": ""login"", ""timestamp"": ""2025-06-28T02:46:19""}]"
489,James Murphy,rgonzalez@example.org,"[""fall"", ""run"", ""behavior""]","[{""street"": ""1998 Singh Neck"", ""city"": ""Thompsonport"", ""country"": ""Bahamas"", ""is_primary"": false}, {""street"": ""36369 Joseph Station Apt. 376"", ""city"": ""Brendanside"", ""country"": ""Panama"", ""is_primary"": true}]","{""age"": 58, ""department"": ""Finance"", ""salary"": 58179.97, ""skills"": [""Commercial art gallery manager""]}","[{""type"": ""login"", ""timestamp"": ""2025-01-31T22:50:20""}, {""type"": ""view"", ""timestamp"": ""2025-09-15T09:18:33""}, {""type"": ""purchase"", ""amount"": 551.15, ""currency"": ""EUR""}]"
490,Dr. Marcus Ashley,julie20@example.com,"[""thousand"", ""here""]","[{""street"": ""9339 Edwards Roads Suite 607"", ""city"": ""New Carlaland"", ""country"": ""Gambia"", ""is_primary"": true}, {""street"": ""9526 Shannon Orchard"", ""city"": ""South Anashire"", ""country"": ""Israel"", ""is_primary"": false}, {""street"": ""166 Lindsey Ranch"", ""city"": ""Thomasmouth"", ""country"": ""Congo"", ""is_primary"": false}]","{""age"": 68, ""department"": ""HR"", ""salary"": 110117.11, ""skills"": [""Surveyor, planning and development""]}","[{""type"": ""purchase"", ""amount"": 114.28, ""currency"": ""EUR""}, {""type"": ""purchase"", ""amount"": 927.21, ""currency"": ""EUR""}]"
491,Tiffany Roth,garrett48@example.net,"[""mean"", ""official"", ""plan"", ""bag""]","[{""street"": ""7248 Franklin Light"", ""city"": ""West Michael"", ""country"": ""Equatorial Guinea"", ""is_primary"": false}, {""street"": ""451 Gibbs Village Apt. 003"", ""city"": ""West Antonio"", ""country"": ""Slovakia (Slovak Republic)"", ""is_primary"": false}, {""street"": ""355 Simmons Plains"", ""city"": ""West Jasmine"", ""country"": ""Czech Republic"", ""is_primary"": false}]","{""age"": 24, ""department"": ""Sales"", ""salary"": 97394.36, ""skills"": [""Geographical information systems officer""]}",[]
492,Tracy Cooke,brandonfisher@example.com,"[""thing"", ""parent"", ""economic"", ""activity""]","[{""street"": ""7698 Anne Groves Suite 474"", ""city"": ""Pamelaport"", ""country"": ""French Guiana"", ""is_primary"": false}, {""street"": ""685 Jason Isle"", ""city"": ""Mckeestad"", ""country"": ""Syrian Arab Republic"", ""is_primary"": false}, {""street"": ""2363 Marc Trace"", ""city"": ""New George"", ""country"": ""Moldova"", ""is_primary"": true}]","{""age"": 79, ""department"": ""HR"", ""salary"": 43759.39, ""skills"": [""Surveyor, commercial/residential"", ""Chiropractor""]}","[{""type"": ""purchase"", ""amount"": 741.53, ""currency"": ""USD""}, {""type"": ""purchase"", ""amount"": 941.03, ""currency"": ""GBP""}, {""type"": ""login"", ""timestamp"": ""2025-05-23T12:55:13""}]"
493,Roger Lloyd,milleradrienne@example.net,"[""government"", ""our"", ""win""]","[{""street"": ""307 Michael Rapids Apt. 074"", ""city"": ""East Zacharyland"", ""country"": ""Bhutan"", ""is_primary"": true}]","{""age"": 68, ""department"": ""Sales"", ""salary"": 64151.26, ""skills"": [""Youth worker""]}","[{""type"": ""purchase"", ""amount"": 632.06, ""currency"": ""GBP""}, {""type"": ""view"", ""timestamp"": ""2025-02-12T02:14:21""}]"
494,Angela Tanner,melissa51@example.net,"[""everything"", ""people"", ""free"", ""main"", ""challenge""]","[{""street"": ""47284 Kimberly Lock"", ""city"": ""Lake Glendaborough"", ""country"": ""Italy"", ""is_primary"": true}]","{""age"": 24, ""department"": ""Engineering"", ""salary"": 68884.85, ""skills"": [""Theatre manager"", ""Geophysicist/field seismologist""]}","[{""type"": ""login"", ""timestamp"": ""2025-08-24T06:13:35""}, {""type"": ""purchase"", ""amount"": 17.79, ""currency"": ""USD""}]"
495,Mary Patterson,veronica21@example.org,"[""modern"", ""able"", ""skill""]","[{""street"": ""980 Ortiz Falls Apt. 069"", ""city"": ""Port Zachary"", ""country"": ""Seychelles"", ""is_primary"": false}, {""street"": ""0104 Carr Lane Apt. 286"", ""city"": ""Lake Joshualand"", ""country"": ""Latvia"", ""is_primary"": true}, {""street"": ""37040 Emily Springs Suite 168"", ""city"": ""Krystalfort"", ""country"": ""Poland"", ""is_primary"": false}]","{""age"": 70, ""department"": ""Engineering"", ""salary"": 124474.05, ""skills"": [""Teacher, adult education"", ""Engineer, drilling"", ""Planning and development surveyor"", ""Educational psychologist""]}","[{""type"": ""login"", ""timestamp"": ""2025-06-22T11:55:46""}, {""type"": ""purchase"", ""amount"": 368.44, ""currency"": ""GBP""}]"
496,Kathryn Gonzales,acastillo@example.net,"[""fund"", ""your""]","[{""street"": ""3987 Sharon Lights"", ""city"": ""Calebshire"", ""country"": ""Angola"", ""is_primary"": false}]","{""age"": 36, ""department"": ""Marketing"", ""salary"": 145387.19, ""skills"": [""Production designer, theatre/television/film"", ""Theatre stage manager""]}","[{""type"": ""login"", ""timestamp"": ""2025-05-04T04:04:13""}, {""type"": ""login"", ""timestamp"": ""2025-06-27T03:10:09""}, {""type"": ""purchase"", ""amount"": 785.81, ""currency"": ""EUR""}]"
497,Christine Johnson,harttaylor@example.org,"[""speech"", ""admit"", ""son"", ""movement""]","[{""street"": ""272 Wendy Course Suite 554"", ""city"": ""East Elizabeth"", ""country"": ""Armenia"", ""is_primary"": true}]","{""age"": 70, ""department"": ""Finance"", ""salary"": 82660.05, ""skills"": [""Embryologist, clinical"", ""Production engineer"", ""Copywriter, advertising""]}","[{""type"": ""login"", ""timestamp"": ""2025-05-29T22:01:40""}, {""type"": ""edit"", ""timestamp"": ""2025-09-02T11:53:01""}]"
498,Katelyn Estes,dillon48@example.com,"[""speech"", ""memory""]","[{""street"": ""1780 Angela Turnpike"", ""city"": ""West Gracefort"", ""country"": ""Slovakia (Slovak Republic)"", ""is_primary"": false}, {""street"": ""208 Dudley Lake"", ""city"": ""Singletonhaven"", ""country"": ""British Indian Ocean Territory (Chagos Archipelago)"", ""is_primary"": false}]","{""age"": 65, ""department"": ""Sales"", ""salary"": 139904.84, ""skills"": [""Recycling officer"", ""Psychologist, educational"", ""Teacher, early years/pre"", ""Passenger transport manager""]}","[{""type"": ""purchase"", ""amount"": 207.63, ""currency"": ""EUR""}, {""type"": ""purchase"", ""amount"": 693.32, ""currency"": ""USD""}]"
499,Eric Leonard,iparrish@example.org,"[""center"", ""gun"", ""person"", ""fast""]","[{""street"": ""253 Donovan Plain"", ""city"": ""Edwardsmouth"", ""country"": ""Syrian Arab Republic"", ""is_primary"": true}, {""street"": ""12862 Taylor Run Suite 736"", ""city"": ""Christinemouth"", ""country"": ""Comoros"", ""is_primary"": true}]","{""age"": 37, ""department"": ""HR"", ""salary"": 42497.35, ""skills"": [""Therapist, music"", ""Programmer, systems""]}","[{""type"": ""edit"", ""timestamp"": ""2025-02-22T16:19:55""}]"
500,Alan Reid,coopershaun@example.com,"[""indeed"", ""read"", ""full"", ""international""]","[{""street"": ""7185 Sanchez Loop Apt. 286"", ""city"": ""Clarkland"", ""country"": ""Czech Republic"", ""is_primary"": false}]","{""age"": 34, ""department"": ""Engineering"", ""salary"": 118487.34, ""skills"": [""Industrial buyer"", ""Designer, fashion/clothing"", ""Copywriter, advertising""]}",[]
501,Mr. Kenneth Daniels,jwest@example.com,"[""organization"", ""PM""]","[{""street"": ""01229 Robert Lane Apt. 044"", ""city"": ""Miguelmouth"", ""country"": ""Liechtenstein"", ""is_primary"": true}, {""street"": ""648 Valdez Street"", ""city"": ""Lake Jerry"", ""country"": ""Norfolk Island"", ""is_primary"": true}]","{""age"": 42, ""department"": ""Finance"", ""salary"": 118835.91, ""skills"": [""Newspaper journalist"", ""Accommodation manager"", ""Mudlogger""]}","[{""type"": ""purchase"", ""amount"": 267.23, ""currency"": ""EUR""}, {""type"": ""purchase"", ""amount"": 212.45, ""currency"": ""USD""}, {""type"": ""view"", ""timestamp"": ""2025-07-16T10:24:54""}]"
502,Michael Jimenez,nathanielsmith@example.com,"[""rest"", ""us"", ""free"", ""support""]","[{""street"": ""4650 Hailey Expressway"", ""city"": ""Aaronbury"", ""country"": ""Hong Kong"", ""is_primary"": true}, {""street"": ""550 Garcia Field Suite 079"", ""city"": ""New Aaron"", ""country"": ""Botswana"", ""is_primary"": false}, {""street"": ""008 Aaron Pine"", ""city"": ""Sandramouth"", ""country"": ""Chad"", ""is_primary"": false}]","{""age"": 23, ""department"": ""HR"", ""salary"": 75277.47, ""skills"": [""Logistics and distribution manager""]}","[{""type"": ""edit"", ""timestamp"": ""2025-05-02T01:21:16""}]"
503,Melissa Thompson,richarddavidson@example.net,"[""turn"", ""impact"", ""military""]","[{""street"": ""90583 Jacob Drives"", ""city"": ""South Jeremyburgh"", ""country"": ""Eritrea"", ""is_primary"": false}]","{""age"": 68, ""department"": ""Engineering"", ""salary"": 80577.89, ""skills"": [""Conservator, museum/gallery"", ""IT sales professional"", ""Advertising account executive"", ""Therapist, horticultural""]}","[{""type"": ""view"", ""timestamp"": ""2025-05-24T08:16:44""}, {""type"": ""login"", ""timestamp"": ""2025-09-25T17:41:01""}]"
504,Leslie Fox,feliciawu@example.net,"[""tree"", ""full"", ""accept""]","[{""street"": ""453 Christopher Walk Suite 110"", ""city"": ""East Wayne"", ""country"": ""Namibia"", ""is_primary"": true}]","{""age"": 75, ""department"": ""Sales"", ""salary"": 115859.88, ""skills"": [""Special educational needs teacher"", ""Community pharmacist"", ""Accountant, chartered certified"", ""IT consultant""]}","[{""type"": ""view"", ""timestamp"": ""2025-04-15T04:07:39""}]"
505,Kristy Collins,rvelasquez@example.org,"[""radio"", ""meeting"", ""difficult"", ""despite"", ""space""]","[{""street"": ""14373 Gregory View Suite 659"", ""city"": ""Tiffanyborough"", ""country"": ""Mozambique"", ""is_primary"": true}, {""street"": ""189 Hall Islands Suite 819"", ""city"": ""Lake Joeburgh"", ""country"": ""Korea"", ""is_primary"": true}, {""street"": ""0786 Kaitlin Run Suite 650"", ""city"": ""Toddfort"", ""country"": ""Denmark"", ""is_primary"": false}]","{""age"": 59, ""department"": ""Marketing"", ""salary"": 33734.56, ""skills"": [""Research scientist (maths)""]}","[{""type"": ""view"", ""timestamp"": ""2025-06-17T07:12:20""}, {""type"": ""edit"", ""timestamp"": ""2025-05-14T21:47:43""}, {""type"": ""purchase"", ""amount"": 63.24, ""currency"": ""GBP""}]"
506,Margaret Ramirez,lowerytammy@example.org,"[""necessary"", ""enter"", ""report""]","[{""street"": ""431 Jerry Point"", ""city"": ""Brittanyton"", ""country"": ""Turkmenistan"", ""is_primary"": false}, {""street"": ""888 Rivas Bypass"", ""city"": ""Chanhaven"", ""country"": ""Denmark"", ""is_primary"": false}]","{""age"": 59, ""department"": ""Finance"", ""salary"": 133217.36, ""skills"": [""Management consultant""]}","[{""type"": ""purchase"", ""amount"": 883.26, ""currency"": ""USD""}, {""type"": ""purchase"", ""amount"": 573.91, ""currency"": ""EUR""}]"
507,Megan Griffith,veronica77@example.org,"[""leg"", ""million"", ""purpose""]","[{""street"": ""266 Lisa Light"", ""city"": ""West Leahview"", ""country"": ""Romania"", ""is_primary"": true}, {""street"": ""7854 Green Turnpike Apt. 962"", ""city"": ""Montoyaland"", ""country"": ""Barbados"", ""is_primary"": false}, {""street"": ""4685 Stacie Lodge"", ""city"": ""New Donnamouth"", ""country"": ""Cambodia"", ""is_primary"": true}]","{""age"": 75, ""department"": ""Engineering"", ""salary"": 36815.22, ""skills"": [""Community pharmacist"", ""Retail buyer"", ""Special effects artist""]}",[]
508,Richard Medina,kingheather@example.net,"[""develop"", ""kind""]","[{""street"": ""50159 Hart Expressway Apt. 840"", ""city"": ""Port Jose"", ""country"": ""Tuvalu"", ""is_primary"": true}, {""street"": ""6535 Alicia Stream"", ""city"": ""Lake Johnbury"", ""country"": ""Philippines"", ""is_primary"": false}, {""street"": ""3282 Caroline Islands"", ""city"": ""Sullivanville"", ""country"": ""Singapore"", ""is_primary"": true}]","{""age"": 43, ""department"": ""Engineering"", ""salary"": 41901.34, ""skills"": [""Marketing executive"", ""Water quality scientist"", ""Mechanical engineer""]}","[{""type"": ""login"", ""timestamp"": ""2025-05-16T07:58:21""}, {""type"": ""login"", ""timestamp"": ""2025-03-12T06:28:41""}]"
509,Cynthia Reid,nichole94@example.net,"[""loss"", ""town"", ""manager"", ""guy"", ""sometimes""]","[{""street"": ""315 Brianna Shores Apt. 029"", ""city"": ""North Sean"", ""country"": ""Holy See (Vatican City State)"", ""is_primary"": true}, {""street"": ""002 Jonathan Cape Suite 714"", ""city"": ""West Andrew"", ""country"": ""Saint Pierre and Miquelon"", ""is_primary"": false}]","{""age"": 73, ""department"": ""Finance"", ""salary"": 86257.84, ""skills"": [""Product/process development scientist"", ""Data scientist"", ""Airline pilot""]}","[{""type"": ""purchase"", ""amount"": 243.82, ""currency"": ""USD""}]"
510,Tammy Lowe,kmorgan@example.com,"[""different"", ""environmental""]","[{""street"": ""5205 Andrews Alley Suite 567"", ""city"": ""Schmidtborough"", ""country"": ""Panama"", ""is_primary"": false}]","{""age"": 36, ""department"": ""Engineering"", ""salary"": 131148.94, ""skills"": [""Secretary, company"", ""Editor, commissioning"", ""Stage manager""]}",[]
511,Courtney Wilson,zreilly@example.com,"[""answer"", ""politics"", ""serve""]","[{""street"": ""461 Williams Drive"", ""city"": ""East Julieview"", ""country"": ""Mongolia"", ""is_primary"": true}, {""street"": ""61873 Victoria Path"", ""city"": ""Lake Kathryn"", ""country"": ""Jordan"", ""is_primary"": false}, {""street"": ""12843 Melinda Plain"", ""city"": ""South Davidburgh"", ""country"": ""Reunion"", ""is_primary"": true}]","{""age"": 33, ""department"": ""Sales"", ""salary"": 61458.69, ""skills"": [""Trading standards officer"", ""Programmer, applications""]}","[{""type"": ""login"", ""timestamp"": ""2025-07-08T20:25:41""}]"
512,Michael Johnson,marisa99@example.net,"[""politics"", ""heavy""]","[{""street"": ""3530 Heather Lane"", ""city"": ""East Davidmouth"", ""country"": ""Norway"", ""is_primary"": true}, {""street"": ""08508 Smith Turnpike"", ""city"": ""Port Donaldside"", ""country"": ""Antigua and Barbuda"", ""is_primary"": false}]","{""age"": 24, ""department"": ""Engineering"", ""salary"": 128060.66, ""skills"": [""Sales executive"", ""Exhibition designer""]}",[]
513,Scott Williams,robinsonsarah@example.org,"[""upon"", ""around""]","[{""street"": ""08708 Gonzalez Cliff Apt. 321"", ""city"": ""North Karenfurt"", ""country"": ""Sao Tome and Principe"", ""is_primary"": false}, {""street"": ""07571 Miller Corner Suite 478"", ""city"": ""Mercedesshire"", ""country"": ""Indonesia"", ""is_primary"": true}, {""street"": ""702 Robinson Drives Apt. 579"", ""city"": ""Erikview"", ""country"": ""Gambia"", ""is_primary"": true}]","{""age"": 57, ""department"": ""Finance"", ""salary"": 98070.32, ""skills"": [""Neurosurgeon"", ""Sales professional, IT""]}","[{""type"": ""purchase"", ""amount"": 801.48, ""currency"": ""USD""}, {""type"": ""login"", ""timestamp"": ""2025-03-25T13:41:13""}, {""type"": ""edit"", ""timestamp"": ""2025-09-06T18:09:42""}]"
514,Dr. Nicole Delgado,gthomas@example.com,"[""father"", ""study"", ""dinner"", ""organization"", ""build""]","[{""street"": ""469 Brenda Views Apt. 577"", ""city"": ""Brittanyberg"", ""country"": ""Western Sahara"", ""is_primary"": true}, {""street"": ""340 Sonya Streets"", ""city"": ""New Melanie"", ""country"": ""Fiji"", ""is_primary"": true}]","{""age"": 24, ""department"": ""Finance"", ""salary"": 54867.18, ""skills"": [""Financial risk analyst"", ""Designer, fashion/clothing"", ""Primary school teacher""]}","[{""type"": ""purchase"", ""amount"": 786.47, ""currency"": ""GBP""}]"
515,Samantha Garcia,paulscott@example.net,"[""type"", ""church"", ""peace"", ""write""]","[{""street"": ""447 Joseph Common"", ""city"": ""Knoxberg"", ""country"": ""Vanuatu"", ""is_primary"": false}, {""street"": ""25400 Knight Springs"", ""city"": ""Medinaborough"", ""country"": ""Netherlands Antilles"", ""is_primary"": true}, {""street"": ""195 Ortiz Field"", ""city"": ""New Allison"", ""country"": ""Saint Lucia"", ""is_primary"": false}]","{""age"": 35, ""department"": ""Finance"", ""salary"": 98090.19, ""skills"": [""Financial controller"", ""Engineer, communications"", ""Social research officer, government""]}","[{""type"": ""purchase"", ""amount"": 196.32, ""currency"": ""GBP""}]"
516,Caitlin Cox,xscott@example.net,"[""change"", ""fear"", ""possible""]","[{""street"": ""938 Johnson Station"", ""city"": ""New Rosestad"", ""country"": ""Trinidad and Tobago"", ""is_primary"": false}]","{""age"": 71, ""department"": ""Engineering"", ""salary"": 80910.78, ""skills"": [""Pharmacist, community"", ""Travel agency manager"", ""Optometrist"", ""Cabin crew""]}",[]
517,Stacey Ramos,bmurphy@example.com,"[""television"", ""green"", ""source""]","[{""street"": ""412 Gregory Station"", ""city"": ""North Julie"", ""country"": ""Guatemala"", ""is_primary"": false}, {""street"": ""13636 Daniel Corners"", ""city"": ""Reginaldville"", ""country"": ""Egypt"", ""is_primary"": false}]","{""age"": 32, ""department"": ""Sales"", ""salary"": 67554.14, ""skills"": [""Office manager"", ""Accountant, chartered public finance"", ""Airline pilot""]}",[]
518,Casey Bell,kruegermorgan@example.org,"[""set"", ""bad"", ""back"", ""so"", ""around""]","[{""street"": ""64591 Ramos Wall"", ""city"": ""North Lisaland"", ""country"": ""Mexico"", ""is_primary"": true}]","{""age"": 78, ""department"": ""Sales"", ""salary"": 64690.75, ""skills"": [""Education officer, community"", ""Passenger transport manager"", ""Clinical biochemist"", ""Aid worker""]}","[{""type"": ""edit"", ""timestamp"": ""2025-08-04T02:35:01""}, {""type"": ""view"", ""timestamp"": ""2025-10-12T08:57:37""}, {""type"": ""edit"", ""timestamp"": ""2025-01-16T23:49:59""}]"
519,Michael Walker,linda62@example.com,"[""under"", ""hair""]","[{""street"": ""249 Dale Alley"", ""city"": ""Sanchezton"", ""country"": ""Kyrgyz Republic"", ""is_primary"": true}]","{""age"": 44, ""department"": ""Engineering"", ""salary"": 122091.7, ""skills"": [""Lighting technician, broadcasting/film/video"", ""Physiological scientist""]}","[{""type"": ""login"", ""timestamp"": ""2025-08-09T21:30:58""}, {""type"": ""login"", ""timestamp"": ""2025-05-04T03:20:42""}]"
520,Austin Case,ballardryan@example.org,"[""school"", ""door""]","[{""street"": ""52051 Gilbert Grove Suite 932"", ""city"": ""North Melvin"", ""country"": ""Thailand"", ""is_primary"": true}, {""street"": ""3280 Rachel Prairie Suite 058"", ""city"": ""East Chad"", ""country"": ""Mongolia"", ""is_primary"": true}]","{""age"": 51, ""department"": ""Finance"", ""salary"": 59979.18, ""skills"": [""Financial adviser"", ""Equities trader""]}","[{""type"": ""purchase"", ""amount"": 939.7, ""currency"": ""EUR""}, {""type"": ""view"", ""timestamp"": ""2025-08-19T09:36:02""}, {""type"": ""edit"", ""timestamp"": ""2025-08-14T20:36:17""}]"
521,Barbara Harris,katherinebradford@example.org,"[""southern"", ""simply"", ""national"", ""expect""]","[{""street"": ""193 Young Rue"", ""city"": ""East Nicholasland"", ""country"": ""Cape Verde"", ""is_primary"": true}, {""street"": ""584 Gregory Prairie"", ""city"": ""New Victoria"", ""country"": ""Mauritania"", ""is_primary"": true}]","{""age"": 21, ""department"": ""Marketing"", ""salary"": 32678.05, ""skills"": [""Engineer, drilling"", ""Chartered loss adjuster"", ""Farm manager""]}",[]
522,Jesse Jones,vbrown@example.com,"[""door"", ""lot"", ""number"", ""four""]","[{""street"": ""138 Terry Turnpike Apt. 190"", ""city"": ""Christinestad"", ""country"": ""Congo"", ""is_primary"": true}, {""street"": ""277 Mcintosh Summit"", ""city"": ""South Amberside"", ""country"": ""Fiji"", ""is_primary"": false}]","{""age"": 35, ""department"": ""HR"", ""salary"": 89159.05, ""skills"": [""Nature conservation officer"", ""Barrister's clerk""]}","[{""type"": ""login"", ""timestamp"": ""2025-10-29T00:32:45""}]"
523,Monique Scott,ldavis@example.com,"[""cost"", ""quickly""]","[{""street"": ""684 Arthur Pike"", ""city"": ""New Jayberg"", ""country"": ""New Zealand"", ""is_primary"": true}]","{""age"": 25, ""department"": ""Finance"", ""salary"": 58185.58, ""skills"": [""Media planner"", ""Regulatory affairs officer""]}","[{""type"": ""edit"", ""timestamp"": ""2025-04-27T12:11:57""}, {""type"": ""view"", ""timestamp"": ""2025-02-19T01:47:51""}]"
524,Regina Mcclure,mossjacqueline@example.com,"[""peace"", ""water""]","[{""street"": ""853 Bonnie Dam"", ""city"": ""Jeremiahfort"", ""country"": ""Haiti"", ""is_primary"": false}, {""street"": ""676 Alexandra Mission"", ""city"": ""Rojasview"", ""country"": ""Guernsey"", ""is_primary"": false}, {""street"": ""3296 Samuel Mountain Suite 387"", ""city"": ""Ashleystad"", ""country"": ""Solomon Islands"", ""is_primary"": false}]","{""age"": 57, ""department"": ""Finance"", ""salary"": 50718.08, ""skills"": [""Electronics engineer"", ""Mental health nurse"", ""Animal technologist"", ""Nature conservation officer""]}","[{""type"": ""view"", ""timestamp"": ""2025-06-29T17:20:21""}]"
525,Cynthia Thompson,latoya11@example.net,"[""always"", ""both"", ""rate"", ""sport""]","[{""street"": ""8546 Scott Parks Suite 474"", ""city"": ""Joshuaborough"", ""country"": ""Mauritania"", ""is_primary"": true}, {""street"": ""2897 Dunn Fort"", ""city"": ""Mckinneymouth"", ""country"": ""Oman"", ""is_primary"": true}, {""street"": ""961 Richards Bridge Suite 133"", ""city"": ""Lake Jennifer"", ""country"": ""Gambia"", ""is_primary"": false}]","{""age"": 25, ""department"": ""HR"", ""salary"": 53631.77, ""skills"": [""Engineering geologist"", ""Administrator, charities/voluntary organisations""]}",[]
526,Gregory Brown,johnsonjonathan@example.org,"[""as"", ""issue"", ""onto""]","[{""street"": ""119 Butler Island"", ""city"": ""Leahville"", ""country"": ""Saint Pierre and Miquelon"", ""is_primary"": true}, {""street"": ""468 King Points Apt. 820"", ""city"": ""West Stephen"", ""country"": ""Somalia"", ""is_primary"": false}]","{""age"": 44, ""department"": ""Finance"", ""salary"": 53776.14, ""skills"": [""Adult guidance worker"", ""Mechanical engineer"", ""Plant breeder/geneticist""]}","[{""type"": ""purchase"", ""amount"": 150.57, ""currency"": ""USD""}]"
527,Jeremiah Gates,marydonaldson@example.com,"[""floor"", ""human"", ""former"", ""threat"", ""education""]","[{""street"": ""331 Charlotte Vista Apt. 568"", ""city"": ""Annefurt"", ""country"": ""Isle of Man"", ""is_primary"": false}]","{""age"": 65, ""department"": ""Marketing"", ""salary"": 129128.09, ""skills"": [""Professor Emeritus"", ""Programme researcher, broadcasting/film/video"", ""Scientist, water quality""]}","[{""type"": ""view"", ""timestamp"": ""2025-04-04T00:32:59""}, {""type"": ""login"", ""timestamp"": ""2025-03-07T05:12:22""}]"
528,Jennifer Watson,sylviastevens@example.org,"[""free"", ""hear""]","[{""street"": ""168 Avery Coves"", ""city"": ""West Daniel"", ""country"": ""El Salvador"", ""is_primary"": true}, {""street"": ""3780 Charles Ranch"", ""city"": ""Port Kennethfort"", ""country"": ""Nauru"", ""is_primary"": false}]","{""age"": 66, ""department"": ""Engineering"", ""salary"": 130859.22, ""skills"": [""Teaching laboratory technician"", ""Surveyor, mining"", ""Editor, commissioning""]}",[]
529,Carrie Ward,kristinesheppard@example.net,"[""character"", ""type""]","[{""street"": ""316 Charles Rest"", ""city"": ""New Jodi"", ""country"": ""Sudan"", ""is_primary"": true}, {""street"": ""180 Alexandra Grove"", ""city"": ""South Kellyfurt"", ""country"": ""Senegal"", ""is_primary"": true}, {""street"": ""7540 Cheryl Squares"", ""city"": ""Haroldland"", ""country"": ""Yemen"", ""is_primary"": true}]","{""age"": 42, ""department"": ""Sales"", ""salary"": 127177.08, ""skills"": [""Metallurgist"", ""Field trials officer"", ""Designer, fashion/clothing"", ""Pharmacist, community""]}","[{""type"": ""view"", ""timestamp"": ""2025-05-11T01:13:49""}, {""type"": ""edit"", ""timestamp"": ""2025-02-14T07:08:44""}]"
530,Mark Reid,anthonypearson@example.org,"[""to"", ""summer""]","[{""street"": ""89657 Gutierrez Pike Suite 279"", ""city"": ""Lake Sarastad"", ""country"": ""Congo"", ""is_primary"": true}]","{""age"": 35, ""department"": ""Marketing"", ""salary"": 95633.78, ""skills"": [""Gaffer"", ""Metallurgist"", ""Animal nutritionist""]}",[]
531,Cameron Hanson,martinjennifer@example.com,"[""father"", ""specific"", ""design"", ""Mrs""]","[{""street"": ""444 Jose Mall Apt. 441"", ""city"": ""Lake Dylan"", ""country"": ""Cameroon"", ""is_primary"": true}, {""street"": ""304 Kirsten Meadow Apt. 572"", ""city"": ""Ramseyburgh"", ""country"": ""Congo"", ""is_primary"": false}]","{""age"": 44, ""department"": ""Engineering"", ""salary"": 62682.15, ""skills"": [""Conservator, furniture"", ""Research officer, government"", ""Technical brewer""]}","[{""type"": ""edit"", ""timestamp"": ""2025-10-15T20:23:46""}]"
532,Charles Griffin,kennethfoster@example.net,"[""blue"", ""eat"", ""nice"", ""consider""]","[{""street"": ""074 Kara Street Suite 255"", ""city"": ""Aguilarmouth"", ""country"": ""Afghanistan"", ""is_primary"": true}]","{""age"": 78, ""department"": ""Sales"", ""salary"": 42330.36, ""skills"": [""Diagnostic radiographer""]}",[]
533,Charles Young,vazquezmathew@example.net,"[""trade"", ""too"", ""economy"", ""care""]","[{""street"": ""2450 Kimberly Creek"", ""city"": ""Port Jessicaburgh"", ""country"": ""Ethiopia"", ""is_primary"": true}]","{""age"": 67, ""department"": ""Engineering"", ""salary"": 139232.88, ""skills"": [""Trade mark attorney"", ""Clinical molecular geneticist"", ""Engineer, civil (contracting)""]}","[{""type"": ""purchase"", ""amount"": 716.05, ""currency"": ""USD""}, {""type"": ""view"", ""timestamp"": ""2025-04-02T19:21:11""}, {""type"": ""edit"", ""timestamp"": ""2025-04-15T19:25:20""}]"
534,Morgan Mueller,kjones@example.net,"[""long"", ""improve"", ""director""]","[{""street"": ""7532 Ruiz Mountains Apt. 035"", ""city"": ""Port Deannashire"", ""country"": ""Dominica"", ""is_primary"": true}, {""street"": ""82481 Jeffrey Mountains Suite 468"", ""city"": ""Jensenmouth"", ""country"": ""Afghanistan"", ""is_primary"": false}]","{""age"": 27, ""department"": ""Marketing"", ""salary"": 126796.4, ""skills"": [""Engineer, aeronautical"", ""Toxicologist""]}","[{""type"": ""login"", ""timestamp"": ""2025-04-20T19:01:53""}, {""type"": ""login"", ""timestamp"": ""2025-08-31T08:13:50""}, {""type"": ""view"", ""timestamp"": ""2025-09-17T01:59:28""}]"
535,Kathleen Brown,anna04@example.com,"[""truth"", ""after"", ""tend"", ""southern""]","[{""street"": ""180 Clark Rue Apt. 271"", ""city"": ""Madisonborough"", ""country"": ""Dominica"", ""is_primary"": false}, {""street"": ""69445 Savannah Square Suite 017"", ""city"": ""Lake Michael"", ""country"": ""Bangladesh"", ""is_primary"": false}]","{""age"": 22, ""department"": ""Marketing"", ""salary"": 40761.36, ""skills"": [""Veterinary surgeon"", ""Artist"", ""Solicitor"", ""Futures trader""]}","[{""type"": ""login"", ""timestamp"": ""2025-08-06T06:49:07""}]"
536,Gary Sanchez,nhill@example.com,"[""audience"", ""next"", ""during"", ""task""]","[{""street"": ""46156 Stephanie Parkways Suite 074"", ""city"": ""Mathisfort"", ""country"": ""Saudi Arabia"", ""is_primary"": false}, {""street"": ""140 Rubio Pine"", ""city"": ""Port Tara"", ""country"": ""Lithuania"", ""is_primary"": true}, {""street"": ""4034 Yolanda Valley Suite 729"", ""city"": ""Port Sandra"", ""country"": ""Uruguay"", ""is_primary"": false}]","{""age"": 72, ""department"": ""Finance"", ""salary"": 115757.59, ""skills"": [""Psychologist, counselling"", ""Intelligence analyst"", ""Medical secretary"", ""Field seismologist""]}","[{""type"": ""purchase"", ""amount"": 780.68, ""currency"": ""GBP""}]"
537,Jasmine Harris,vfreeman@example.org,"[""million"", ""technology"", ""pick""]","[{""street"": ""42574 Campbell Path Suite 892"", ""city"": ""Daniellefort"", ""country"": ""Bangladesh"", ""is_primary"": false}]","{""age"": 65, ""department"": ""Marketing"", ""salary"": 131382.43, ""skills"": [""Air broker"", ""Commercial art gallery manager"", ""Neurosurgeon""]}","[{""type"": ""view"", ""timestamp"": ""2025-10-25T00:29:53""}, {""type"": ""purchase"", ""amount"": 169.85, ""currency"": ""GBP""}]"
538,Charles Holt,mhayes@example.net,"[""none"", ""television"", ""responsibility"", ""ability""]","[{""street"": ""56800 Brian Pine Apt. 428"", ""city"": ""Dawsonton"", ""country"": ""Malta"", ""is_primary"": true}]","{""age"": 32, ""department"": ""Engineering"", ""salary"": 136019.77, ""skills"": [""Engineer, civil (contracting)"", ""Pharmacist, community"", ""Scientist, research (life sciences)""]}",[]
539,Tiffany Davis,racheldelacruz@example.com,"[""order"", ""college"", ""kind"", ""number""]","[{""street"": ""327 Duncan Mission"", ""city"": ""Murphyhaven"", ""country"": ""Iceland"", ""is_primary"": false}, {""street"": ""9302 Lindsey Greens Apt. 868"", ""city"": ""East Christianberg"", ""country"": ""Azerbaijan"", ""is_primary"": false}, {""street"": ""54679 White Row Apt. 065"", ""city"": ""Deborahstad"", ""country"": ""Mayotte"", ""is_primary"": false}]","{""age"": 56, ""department"": ""Finance"", ""salary"": 118073.76, ""skills"": [""Clothing/textile technologist"", ""Science writer"", ""Forensic scientist"", ""Company secretary""]}","[{""type"": ""purchase"", ""amount"": 562.66, ""currency"": ""GBP""}]"
540,Jorge Powers,jboyd@example.net,"[""hair"", ""politics"", ""guy"", ""exist"", ""candidate""]","[{""street"": ""359 Jennifer Route Suite 395"", ""city"": ""East David"", ""country"": ""Afghanistan"", ""is_primary"": true}, {""street"": ""516 Brown Parks"", ""city"": ""Haasfurt"", ""country"": ""Croatia"", ""is_primary"": false}, {""street"": ""289 Coleman Isle"", ""city"": ""Traciefort"", ""country"": ""Saudi Arabia"", ""is_primary"": true}]","{""age"": 41, ""department"": ""Marketing"", ""salary"": 78139.92, ""skills"": [""Academic librarian"", ""Travel agency manager""]}","[{""type"": ""view"", ""timestamp"": ""2025-02-11T13:41:04""}, {""type"": ""view"", ""timestamp"": ""2025-02-26T08:22:53""}, {""type"": ""edit"", ""timestamp"": ""2025-09-30T08:21:11""}]"
541,Lisa Conrad,dbuck@example.net,"[""just"", ""pattern"", ""play"", ""nothing""]","[{""street"": ""61932 Andersen Mills"", ""city"": ""Lake Amy"", ""country"": ""Sudan"", ""is_primary"": true}]","{""age"": 56, ""department"": ""HR"", ""salary"": 73065.81, ""skills"": [""Administrator, charities/voluntary organisations"", ""IT trainer"", ""Clothing/textile technologist"", ""Cabin crew""]}","[{""type"": ""edit"", ""timestamp"": ""2025-06-03T00:49:21""}, {""type"": ""view"", ""timestamp"": ""2025-09-15T00:10:01""}, {""type"": ""edit"", ""timestamp"": ""2025-02-13T18:51:36""}]"
542,Adam Hernandez,mckinneydanielle@example.org,"[""partner"", ""state"", ""foreign"", ""beautiful"", ""build""]","[{""street"": ""956 Natasha Unions Suite 628"", ""city"": ""Hernandezview"", ""country"": ""Seychelles"", ""is_primary"": true}, {""street"": ""1742 Destiny Ports"", ""city"": ""Colemouth"", ""country"": ""Saint Pierre and Miquelon"", ""is_primary"": true}, {""street"": ""6206 Erin Glen"", ""city"": ""Jacobfort"", ""country"": ""Greece"", ""is_primary"": false}]","{""age"": 67, ""department"": ""Finance"", ""salary"": 31274.26, ""skills"": [""Manufacturing engineer""]}","[{""type"": ""login"", ""timestamp"": ""2025-08-11T00:15:03""}]"
543,William Wilcox,moorekathryn@example.net,"[""raise"", ""win"", ""country""]","[{""street"": ""73730 Davila Crossing"", ""city"": ""Wheelerchester"", ""country"": ""Yemen"", ""is_primary"": false}]","{""age"": 61, ""department"": ""Marketing"", ""salary"": 95286.16, ""skills"": [""Communications engineer"", ""Ecologist"", ""Solicitor, Scotland"", ""Surveyor, minerals""]}",[]
544,Leslie Wilson,annasmith@example.org,"[""push"", ""could"", ""and""]","[{""street"": ""7182 Michael Stravenue Suite 356"", ""city"": ""South Elizabeth"", ""country"": ""Liechtenstein"", ""is_primary"": false}, {""street"": ""02347 Heather Bypass"", ""city"": ""Kennedyside"", ""country"": ""Albania"", ""is_primary"": true}]","{""age"": 64, ""department"": ""Engineering"", ""salary"": 104708.35, ""skills"": [""Phytotherapist"", ""Designer, exhibition/display"", ""Medical laboratory scientific officer"", ""Arts development officer""]}",[]
545,Michael Velez,mendozakimberly@example.net,"[""nothing"", ""result""]","[{""street"": ""22623 Frazier Avenue"", ""city"": ""Wilsonshire"", ""country"": ""Czech Republic"", ""is_primary"": true}]","{""age"": 26, ""department"": ""HR"", ""salary"": 126435.86, ""skills"": [""Marketing executive""]}","[{""type"": ""view"", ""timestamp"": ""2025-09-27T15:33:50""}, {""type"": ""view"", ""timestamp"": ""2025-05-15T06:46:45""}]"
546,Jennifer Sherman,randall73@example.net,"[""may"", ""organization"", ""group"", ""because"", ""available""]","[{""street"": ""3987 Williams Villages"", ""city"": ""Escobarfort"", ""country"": ""Burkina Faso"", ""is_primary"": true}, {""street"": ""1278 Edward Heights Apt. 188"", ""city"": ""North Marcville"", ""country"": ""Georgia"", ""is_primary"": false}, {""street"": ""687 Fisher Junction"", ""city"": ""New Julia"", ""country"": ""Tunisia"", ""is_primary"": true}]","{""age"": 61, ""department"": ""Sales"", ""salary"": 87823.39, ""skills"": [""Tour manager"", ""Bonds trader""]}","[{""type"": ""edit"", ""timestamp"": ""2025-10-26T07:10:50""}, {""type"": ""login"", ""timestamp"": ""2025-08-05T07:25:53""}]"
547,Kevin Henson,brucekelley@example.net,"[""quality"", ""year"", ""condition""]","[{""street"": ""9620 Mark Gateway"", ""city"": ""Wayneberg"", ""country"": ""Paraguay"", ""is_primary"": false}, {""street"": ""98954 Katie Circles"", ""city"": ""South Vicki"", ""country"": ""Cyprus"", ""is_primary"": true}]","{""age"": 74, ""department"": ""Sales"", ""salary"": 97483.98, ""skills"": [""Warehouse manager"", ""Retail manager"", ""English as a foreign language teacher"", ""Magazine journalist""]}","[{""type"": ""view"", ""timestamp"": ""2025-07-02T08:34:20""}, {""type"": ""view"", ""timestamp"": ""2025-07-27T08:56:38""}, {""type"": ""login"", ""timestamp"": ""2025-08-20T00:22:53""}]"
548,Douglas Castillo,hnewman@example.org,"[""person"", ""prove""]","[{""street"": ""17608 Ryan Motorway"", ""city"": ""South Charles"", ""country"": ""Poland"", ""is_primary"": true}, {""street"": ""8208 Cox Islands"", ""city"": ""Arthurburgh"", ""country"": ""Senegal"", ""is_primary"": false}, {""street"": ""48884 Williams Springs"", ""city"": ""Port Christopherside"", ""country"": ""Tokelau"", ""is_primary"": false}]","{""age"": 56, ""department"": ""Engineering"", ""salary"": 146218.37, ""skills"": [""Materials engineer""]}","[{""type"": ""login"", ""timestamp"": ""2025-01-01T04:54:53""}]"
549,Nicholas Lopez,longkyle@example.net,"[""forward"", ""listen"", ""time""]","[{""street"": ""99372 David Inlet Apt. 251"", ""city"": ""Santosborough"", ""country"": ""Macao"", ""is_primary"": true}, {""street"": ""14279 Scott Dale"", ""city"": ""East Jenniferburgh"", ""country"": ""Spain"", ""is_primary"": true}, {""street"": ""2768 Black Row Apt. 855"", ""city"": ""East Rodneyborough"", ""country"": ""Cambodia"", ""is_primary"": true}]","{""age"": 69, ""department"": ""HR"", ""salary"": 45682.6, ""skills"": [""Medical technical officer""]}","[{""type"": ""view"", ""timestamp"": ""2025-07-26T09:47:54""}]"
550,Jennifer Garrison,paynealbert@example.org,"[""billion"", ""certainly"", ""available"", ""boy"", ""never""]","[{""street"": ""167 Anderson Garden Apt. 727"", ""city"": ""Rebeccaport"", ""country"": ""Korea"", ""is_primary"": true}, {""street"": ""909 Curtis Port"", ""city"": ""Danielletown"", ""country"": ""Sweden"", ""is_primary"": true}, {""street"": ""811 Alex Row"", ""city"": ""East Taylor"", ""country"": ""El Salvador"", ""is_primary"": false}]","{""age"": 20, ""department"": ""HR"", ""salary"": 73696.08, ""skills"": [""Horticulturist, commercial"", ""Solicitor""]}","[{""type"": ""purchase"", ""amount"": 39.9, ""currency"": ""GBP""}, {""type"": ""view"", ""timestamp"": ""2025-03-31T08:10:35""}, {""type"": ""login"", ""timestamp"": ""2025-02-16T07:08:09""}]"
551,Desiree Mendoza,juliaduncan@example.net,"[""church"", ""finally"", ""argue"", ""teacher""]","[{""street"": ""82359 Theresa Passage"", ""city"": ""Lake Rachelside"", ""country"": ""Austria"", ""is_primary"": false}, {""street"": ""14732 Baker Key Apt. 141"", ""city"": ""Erinbury"", ""country"": ""Togo"", ""is_primary"": true}, {""street"": ""963 Cassie Stravenue"", ""city"": ""Lake Nicolefurt"", ""country"": ""Isle of Man"", ""is_primary"": true}]","{""age"": 40, ""department"": ""HR"", ""salary"": 63093.24, ""skills"": [""Set designer"", ""Psychotherapist, child""]}","[{""type"": ""purchase"", ""amount"": 658.86, ""currency"": ""USD""}, {""type"": ""login"", ""timestamp"": ""2025-01-02T09:06:11""}, {""type"": ""purchase"", ""amount"": 820.0, ""currency"": ""GBP""}]"
552,Cheryl Torres,josezavala@example.com,"[""their"", ""challenge"", ""city"", ""outside"", ""when""]","[{""street"": ""35605 Andres Hollow Apt. 062"", ""city"": ""Kristenville"", ""country"": ""Central African Republic"", ""is_primary"": true}, {""street"": ""8545 Richardson Squares Apt. 575"", ""city"": ""Ricardotown"", ""country"": ""North Macedonia"", ""is_primary"": false}]","{""age"": 79, ""department"": ""Marketing"", ""salary"": 71140.94, ""skills"": [""Exhibitions officer, museum/gallery"", ""Financial planner"", ""Engineering geologist"", ""Building services engineer""]}","[{""type"": ""edit"", ""timestamp"": ""2025-01-16T08:57:45""}]"
553,Justin Munoz,uandrews@example.org,"[""fear"", ""marriage"", ""specific""]","[{""street"": ""174 Bradley Garden Suite 863"", ""city"": ""Port Timothy"", ""country"": ""Singapore"", ""is_primary"": true}]","{""age"": 35, ""department"": ""HR"", ""salary"": 122263.25, ""skills"": [""Social worker"", ""Chief Financial Officer"", ""Art gallery manager"", ""Water quality scientist""]}",[]
554,Arthur Davis,hsmith@example.com,"[""knowledge"", ""down""]","[{""street"": ""788 George Lock"", ""city"": ""Walkerhaven"", ""country"": ""Greenland"", ""is_primary"": true}]","{""age"": 67, ""department"": ""Finance"", ""salary"": 143620.79, ""skills"": [""Sales executive"", ""Art gallery manager"", ""Research scientist (physical sciences)"", ""Designer, graphic""]}",[]
555,Vicki Stevens,michaelpacheco@example.org,"[""adult"", ""majority""]","[{""street"": ""57384 Alvarez Junctions Apt. 825"", ""city"": ""South Matthew"", ""country"": ""Saint Kitts and Nevis"", ""is_primary"": false}]","{""age"": 39, ""department"": ""Engineering"", ""salary"": 106544.96, ""skills"": [""Trading standards officer""]}",[]
556,Donald Porter,jessicashepherd@example.com,"[""reflect"", ""specific"", ""Congress"", ""continue""]","[{""street"": ""2332 Jackie Alley Suite 269"", ""city"": ""Garrisonburgh"", ""country"": ""Turks and Caicos Islands"", ""is_primary"": true}]","{""age"": 25, ""department"": ""Finance"", ""salary"": 81879.54, ""skills"": [""Arts development officer"", ""Hydrologist""]}","[{""type"": ""login"", ""timestamp"": ""2025-09-02T10:00:01""}, {""type"": ""view"", ""timestamp"": ""2025-07-24T11:37:34""}]"
557,Scott Hernandez,jamessparks@example.com,"[""would"", ""military"", ""determine""]","[{""street"": ""085 Gary Locks Suite 354"", ""city"": ""Hunterhaven"", ""country"": ""French Guiana"", ""is_primary"": false}, {""street"": ""20001 Jones Tunnel"", ""city"": ""Karenfurt"", ""country"": ""Mauritius"", ""is_primary"": false}, {""street"": ""784 Hopkins Walk Apt. 896"", ""city"": ""North Michelle"", ""country"": ""Nigeria"", ""is_primary"": true}]","{""age"": 33, ""department"": ""HR"", ""salary"": 110486.87, ""skills"": [""Public librarian""]}","[{""type"": ""edit"", ""timestamp"": ""2025-10-16T04:37:05""}, {""type"": ""view"", ""timestamp"": ""2025-03-12T00:23:07""}, {""type"": ""edit"", ""timestamp"": ""2025-07-15T09:29:50""}]"
558,Francisco Harris,tracylittle@example.com,"[""such"", ""investment"", ""along"", ""whatever"", ""free""]","[{""street"": ""61253 Heath Row"", ""city"": ""Lake William"", ""country"": ""Sweden"", ""is_primary"": false}, {""street"": ""38237 Carroll Run Apt. 532"", ""city"": ""West Shelby"", ""country"": ""Palau"", ""is_primary"": false}]","{""age"": 54, ""department"": ""HR"", ""salary"": 147346.46, ""skills"": [""Scientist, marine""]}","[{""type"": ""purchase"", ""amount"": 666.42, ""currency"": ""GBP""}, {""type"": ""edit"", ""timestamp"": ""2025-02-07T12:22:11""}, {""type"": ""purchase"", ""amount"": 460.63, ""currency"": ""USD""}]"
559,Robert Kim,georgehannah@example.com,"[""feel"", ""since""]","[{""street"": ""4045 Philip Harbors Apt. 476"", ""city"": ""Ambertown"", ""country"": ""Maldives"", ""is_primary"": false}]","{""age"": 39, ""department"": ""Sales"", ""salary"": 135735.93, ""skills"": [""Chief Executive Officer"", ""Engineer, land""]}","[{""type"": ""purchase"", ""amount"": 193.66, ""currency"": ""EUR""}]"
560,Daniel Smith,megan83@example.net,"[""successful"", ""now""]","[{""street"": ""40609 Katherine Coves Apt. 716"", ""city"": ""Richardland"", ""country"": ""Andorra"", ""is_primary"": false}, {""street"": ""9366 Summers Squares"", ""city"": ""North Derekchester"", ""country"": ""Kiribati"", ""is_primary"": false}]","{""age"": 20, ""department"": ""Engineering"", ""salary"": 103340.21, ""skills"": [""Nature conservation officer"", ""Production assistant, radio"", ""Production manager"", ""Automotive engineer""]}","[{""type"": ""purchase"", ""amount"": 248.66, ""currency"": ""EUR""}, {""type"": ""view"", ""timestamp"": ""2025-01-04T14:08:28""}]"
561,Ronald Lopez,amanda84@example.org,"[""final"", ""success"", ""response""]","[{""street"": ""27359 Ryan Mountain"", ""city"": ""Edwinborough"", ""country"": ""French Polynesia"", ""is_primary"": false}, {""street"": ""681 Karen Flats"", ""city"": ""Gonzalezstad"", ""country"": ""Mauritius"", ""is_primary"": false}]","{""age"": 23, ""department"": ""Finance"", ""salary"": 114644.27, ""skills"": [""Film/video editor"", ""Ecologist"", ""Engineer, materials""]}","[{""type"": ""edit"", ""timestamp"": ""2025-07-10T22:40:17""}, {""type"": ""view"", ""timestamp"": ""2025-10-02T11:40:27""}]"
562,Steven Hernandez,allisonbrown@example.com,"[""language"", ""there"", ""responsibility"", ""read""]","[{""street"": ""487 Stephanie Course Apt. 515"", ""city"": ""Franklinview"", ""country"": ""Gabon"", ""is_primary"": true}, {""street"": ""074 James Falls Suite 777"", ""city"": ""Alexanderberg"", ""country"": ""Myanmar"", ""is_primary"": true}]","{""age"": 25, ""department"": ""Engineering"", ""salary"": 74179.95, ""skills"": [""Production assistant, television"", ""Engineer, maintenance (IT)"", ""Accountant, chartered"", ""Community arts worker""]}","[{""type"": ""login"", ""timestamp"": ""2025-06-25T01:14:19""}, {""type"": ""purchase"", ""amount"": 24.19, ""currency"": ""GBP""}, {""type"": ""login"", ""timestamp"": ""2025-03-06T19:07:05""}]"
563,James Wright,jose81@example.net,"[""question"", ""while""]","[{""street"": ""5412 Justin Groves Apt. 428"", ""city"": ""Patriciabury"", ""country"": ""Armenia"", ""is_primary"": true}, {""street"": ""78239 Dunn Street Suite 738"", ""city"": ""Jeffreyton"", ""country"": ""United States Virgin Islands"", ""is_primary"": false}, {""street"": ""1030 Douglas Street Apt. 102"", ""city"": ""Lake Stephaniehaven"", ""country"": ""French Guiana"", ""is_primary"": true}]","{""age"": 58, ""department"": ""Engineering"", ""salary"": 97105.2, ""skills"": [""Ranger/warden""]}","[{""type"": ""view"", ""timestamp"": ""2025-02-10T00:30:42""}]"
564,Adam Andrews,tracyyu@example.org,"[""several"", ""discover""]","[{""street"": ""706 Austin Circle Suite 093"", ""city"": ""Williamsview"", ""country"": ""Nepal"", ""is_primary"": true}, {""street"": ""79391 Tracey Unions"", ""city"": ""South Scottbury"", ""country"": ""Tajikistan"", ""is_primary"": false}]","{""age"": 32, ""department"": ""Marketing"", ""salary"": 88807.54, ""skills"": [""Contractor""]}","[{""type"": ""edit"", ""timestamp"": ""2025-01-25T19:22:12""}]"
565,Brandon Gonzalez,melissasoto@example.net,"[""hear"", ""people""]","[{""street"": ""342 Ray Gateway"", ""city"": ""Robinbury"", ""country"": ""Myanmar"", ""is_primary"": true}, {""street"": ""06345 Kurt Estate"", ""city"": ""Nashview"", ""country"": ""Swaziland"", ""is_primary"": true}, {""street"": ""05052 Stephanie Junction"", ""city"": ""North Christianborough"", ""country"": ""New Zealand"", ""is_primary"": true}]","{""age"": 73, ""department"": ""Sales"", ""salary"": 33590.28, ""skills"": [""Operational investment banker"", ""Clinical molecular geneticist"", ""Maintenance engineer"", ""Designer, jewellery""]}","[{""type"": ""edit"", ""timestamp"": ""2025-03-15T20:36:19""}, {""type"": ""edit"", ""timestamp"": ""2025-01-22T22:50:38""}, {""type"": ""view"", ""timestamp"": ""2025-07-08T18:55:15""}]"
566,Dale Durham,sroberts@example.com,"[""wait"", ""already""]","[{""street"": ""86033 Shane Fords"", ""city"": ""Jenniferberg"", ""country"": ""Australia"", ""is_primary"": false}, {""street"": ""445 Allen Trafficway"", ""city"": ""Smithmouth"", ""country"": ""Kuwait"", ""is_primary"": true}, {""street"": ""7107 Donald Junction Apt. 742"", ""city"": ""New Ryanside"", ""country"": ""Israel"", ""is_primary"": true}]","{""age"": 77, ""department"": ""Finance"", ""salary"": 128772.41, ""skills"": [""Scientist, biomedical"", ""Clinical biochemist"", ""Community development worker""]}","[{""type"": ""login"", ""timestamp"": ""2025-09-25T20:33:14""}, {""type"": ""view"", ""timestamp"": ""2025-03-14T22:22:15""}]"
567,Elizabeth Beck,gcollins@example.com,"[""environment"", ""yourself""]","[{""street"": ""51649 Denise Fort"", ""city"": ""Kevinchester"", ""country"": ""Western Sahara"", ""is_primary"": true}, {""street"": ""5931 Burton Park"", ""city"": ""Jasonmouth"", ""country"": ""Turkey"", ""is_primary"": false}, {""street"": ""355 Glenn Harbor"", ""city"": ""New Jaclynshire"", ""country"": ""Australia"", ""is_primary"": false}]","{""age"": 29, ""department"": ""Marketing"", ""salary"": 97533.9, ""skills"": [""Cabin crew""]}",[]
568,Benjamin Miranda,carolpalmer@example.com,"[""little"", ""message"", ""economy"", ""step"", ""value""]","[{""street"": ""90027 Timothy Valleys Apt. 825"", ""city"": ""Williamsville"", ""country"": ""Liberia"", ""is_primary"": false}, {""street"": ""512 Robin Wells"", ""city"": ""Andrewburgh"", ""country"": ""Korea"", ""is_primary"": true}, {""street"": ""865 May Court"", ""city"": ""West Sarahborough"", ""country"": ""Belgium"", ""is_primary"": false}]","{""age"": 28, ""department"": ""Finance"", ""salary"": 140533.01, ""skills"": [""Operations geologist"", ""Quantity surveyor"", ""Insurance risk surveyor"", ""Magazine journalist""]}","[{""type"": ""purchase"", ""amount"": 937.2, ""currency"": ""GBP""}]"
569,Kevin Holloway,edwardsjasmine@example.com,"[""hair"", ""go"", ""oil"", ""shoulder""]","[{""street"": ""79068 Jones Spurs Suite 771"", ""city"": ""Noblefort"", ""country"": ""Tonga"", ""is_primary"": true}]","{""age"": 39, ""department"": ""Engineering"", ""salary"": 58202.9, ""skills"": [""Cytogeneticist"", ""Commissioning editor"", ""Financial adviser"", ""Psychotherapist, dance movement""]}","[{""type"": ""purchase"", ""amount"": 350.86, ""currency"": ""USD""}, {""type"": ""edit"", ""timestamp"": ""2025-02-12T18:53:25""}, {""type"": ""login"", ""timestamp"": ""2025-10-11T05:51:12""}]"
570,Paul Greene,rodriguezjoseph@example.com,"[""can"", ""wind"", ""back""]","[{""street"": ""8170 Powell Stream Apt. 934"", ""city"": ""Port David"", ""country"": ""Barbados"", ""is_primary"": false}]","{""age"": 45, ""department"": ""Engineering"", ""salary"": 147769.19, ""skills"": [""Clinical embryologist"", ""Engineer, automotive"", ""Advertising copywriter"", ""Automotive engineer""]}","[{""type"": ""view"", ""timestamp"": ""2025-03-18T15:55:14""}]"
571,Terry Santana,perryolsen@example.org,"[""put"", ""loss"", ""safe"", ""remember""]","[{""street"": ""794 Aguilar Drive Suite 161"", ""city"": ""West Gailport"", ""country"": ""Comoros"", ""is_primary"": true}, {""street"": ""80980 Carroll Villages Apt. 919"", ""city"": ""Lake Tinaborough"", ""country"": ""Lebanon"", ""is_primary"": false}, {""street"": ""605 Jessica Extensions Apt. 464"", ""city"": ""Hahnland"", ""country"": ""Colombia"", ""is_primary"": true}]","{""age"": 55, ""department"": ""Finance"", ""salary"": 97896.83, ""skills"": [""Designer, interior/spatial"", ""Arts development officer"", ""Higher education lecturer"", ""Mental health nurse""]}",[]
572,Johnathan George,astone@example.net,"[""campaign"", ""chance"", ""science"", ""section"", ""they""]","[{""street"": ""311 Jones Union Apt. 874"", ""city"": ""South Crystal"", ""country"": ""Afghanistan"", ""is_primary"": false}]","{""age"": 42, ""department"": ""HR"", ""salary"": 53979.5, ""skills"": [""Retail merchandiser"", ""Hospital doctor"", ""Scientist, water quality""]}","[{""type"": ""edit"", ""timestamp"": ""2025-05-21T22:34:35""}, {""type"": ""view"", ""timestamp"": ""2025-07-31T05:13:47""}]"
573,Christina Thomas,patricia34@example.org,"[""result"", ""where""]","[{""street"": ""755 Jennifer Estate"", ""city"": ""North Heatherburgh"", ""country"": ""Morocco"", ""is_primary"": false}]","{""age"": 65, ""department"": ""Sales"", ""salary"": 79898.28, ""skills"": [""Multimedia programmer"", ""Learning mentor"", ""Environmental health practitioner""]}","[{""type"": ""edit"", ""timestamp"": ""2025-10-10T17:27:31""}]"
574,James Lopez,jeffreywong@example.net,"[""own"", ""international"", ""receive""]","[{""street"": ""9338 Gregory Extension Apt. 543"", ""city"": ""East Thomas"", ""country"": ""Georgia"", ""is_primary"": true}, {""street"": ""74712 Ronald Rapid"", ""city"": ""New Ronald"", ""country"": ""Saint Pierre and Miquelon"", ""is_primary"": false}]","{""age"": 53, ""department"": ""Finance"", ""salary"": 84043.66, ""skills"": [""TEFL teacher"", ""Insurance account manager""]}","[{""type"": ""edit"", ""timestamp"": ""2025-01-13T12:53:24""}, {""type"": ""purchase"", ""amount"": 289.61, ""currency"": ""GBP""}]"
575,David Conner,christopher78@example.com,"[""catch"", ""author"", ""beautiful"", ""stand""]","[{""street"": ""63373 Carroll Summit Suite 762"", ""city"": ""Spenceside"", ""country"": ""Benin"", ""is_primary"": true}, {""street"": ""7630 Huffman Island Apt. 332"", ""city"": ""Parrishfurt"", ""country"": ""United States Virgin Islands"", ""is_primary"": true}]","{""age"": 58, ""department"": ""Sales"", ""salary"": 84110.91, ""skills"": [""Chief Operating Officer"", ""Photographer"", ""Geophysicist/field seismologist""]}","[{""type"": ""login"", ""timestamp"": ""2025-10-28T05:30:59""}]"
576,Mrs. Tiffany Rhodes,jaredadkins@example.com,"[""growth"", ""policy"", ""subject"", ""response""]","[{""street"": ""1517 Erin Squares Suite 291"", ""city"": ""Deniseberg"", ""country"": ""Maldives"", ""is_primary"": true}, {""street"": ""88003 Heather Skyway"", ""city"": ""Port Barbaraville"", ""country"": ""Uganda"", ""is_primary"": false}]","{""age"": 50, ""department"": ""Engineering"", ""salary"": 62412.6, ""skills"": [""Claims inspector/assessor"", ""Psychologist, clinical"", ""Chartered legal executive (England and Wales)"", ""Rural practice surveyor""]}","[{""type"": ""purchase"", ""amount"": 89.75, ""currency"": ""EUR""}, {""type"": ""view"", ""timestamp"": ""2025-07-22T07:08:32""}]"
577,Christopher Goodwin,rogerschristian@example.com,"[""site"", ""wide""]","[{""street"": ""0742 Mayo Center"", ""city"": ""South Soniatown"", ""country"": ""Turkmenistan"", ""is_primary"": true}]","{""age"": 58, ""department"": ""Finance"", ""salary"": 124576.97, ""skills"": [""Contractor"", ""Engineer, manufacturing"", ""Hydrogeologist"", ""Designer, textile""]}",[]
578,Eric Washington,rachel34@example.org,"[""age"", ""participant"", ""hope""]","[{""street"": ""128 Simpson Fields Apt. 535"", ""city"": ""Leonardmouth"", ""country"": ""Bermuda"", ""is_primary"": false}]","{""age"": 69, ""department"": ""Sales"", ""salary"": 137023.17, ""skills"": [""Pharmacist, hospital"", ""Engineer, chemical"", ""Television production assistant""]}","[{""type"": ""view"", ""timestamp"": ""2025-01-01T00:54:52""}, {""type"": ""purchase"", ""amount"": 223.34, ""currency"": ""USD""}, {""type"": ""edit"", ""timestamp"": ""2025-06-08T10:47:06""}]"
579,Paul Morgan,justin37@example.com,"[""population"", ""government"", ""wall"", ""third"", ""add""]","[{""street"": ""28805 Miles Inlet"", ""city"": ""Lake Christopher"", ""country"": ""Tuvalu"", ""is_primary"": true}, {""street"": ""3947 Lisa Manors"", ""city"": ""Coxville"", ""country"": ""Saint Barthelemy"", ""is_primary"": true}, {""street"": ""230 Randall Tunnel"", ""city"": ""New Kellystad"", ""country"": ""Honduras"", ""is_primary"": true}]","{""age"": 47, ""department"": ""HR"", ""salary"": 87033.34, ""skills"": [""Designer, television/film set"", ""Research officer, government"", ""Quarry manager"", ""Conservator, museum/gallery""]}","[{""type"": ""view"", ""timestamp"": ""2025-08-25T13:03:38""}, {""type"": ""edit"", ""timestamp"": ""2025-04-26T14:25:24""}, {""type"": ""edit"", ""timestamp"": ""2025-06-03T17:48:24""}]"
580,Ana Kramer,amber73@example.org,"[""medical"", ""collection"", ""system"", ""painting""]","[{""street"": ""9256 Roberto Key"", ""city"": ""Angelafort"", ""country"": ""Malaysia"", ""is_primary"": true}, {""street"": ""5459 Kristy Harbor Apt. 701"", ""city"": ""Lake Laura"", ""country"": ""Bahamas"", ""is_primary"": true}, {""street"": ""300 Timothy Gardens Suite 753"", ""city"": ""Spencermouth"", ""country"": ""Guatemala"", ""is_primary"": true}]","{""age"": 80, ""department"": ""HR"", ""salary"": 53019.63, ""skills"": [""Naval architect"", ""Copywriter, advertising"", ""Charity officer"", ""Designer, jewellery""]}","[{""type"": ""purchase"", ""amount"": 278.74, ""currency"": ""USD""}, {""type"": ""edit"", ""timestamp"": ""2025-10-25T20:38:25""}]"
581,Aaron Rowe,joshuafrank@example.org,"[""toward"", ""society"", ""your"", ""process"", ""middle""]","[{""street"": ""7929 Morgan Manors Suite 952"", ""city"": ""Port Seth"", ""country"": ""Rwanda"", ""is_primary"": true}, {""street"": ""34788 Kayla Causeway"", ""city"": ""South Josehaven"", ""country"": ""Bouvet Island (Bouvetoya)"", ""is_primary"": false}, {""street"": ""0673 Timothy Pines Suite 043"", ""city"": ""Port Tina"", ""country"": ""Namibia"", ""is_primary"": true}]","{""age"": 80, ""department"": ""Marketing"", ""salary"": 38812.79, ""skills"": [""Actuary"", ""Print production planner""]}","[{""type"": ""login"", ""timestamp"": ""2025-04-22T05:23:03""}, {""type"": ""view"", ""timestamp"": ""2025-03-07T00:31:28""}]"
582,Matthew Foley,sadams@example.com,"[""decade"", ""probably""]","[{""street"": ""95015 Elizabeth Road"", ""city"": ""Nicoleburgh"", ""country"": ""Paraguay"", ""is_primary"": true}]","{""age"": 57, ""department"": ""HR"", ""salary"": 147048.58, ""skills"": [""Accounting technician"", ""Programmer, applications""]}","[{""type"": ""edit"", ""timestamp"": ""2025-05-24T17:09:53""}, {""type"": ""edit"", ""timestamp"": ""2025-03-07T00:47:52""}, {""type"": ""login"", ""timestamp"": ""2025-04-28T22:09:05""}]"
583,Tara Townsend,lunadevon@example.org,"[""themselves"", ""name"", ""collection"", ""friend""]","[{""street"": ""266 Lopez Wells Suite 180"", ""city"": ""Kaylamouth"", ""country"": ""Norway"", ""is_primary"": true}]","{""age"": 65, ""department"": ""HR"", ""salary"": 48401.86, ""skills"": [""Nutritional therapist""]}","[{""type"": ""purchase"", ""amount"": 503.65, ""currency"": ""EUR""}]"
584,Helen Nichols,judyreyes@example.com,"[""right"", ""sometimes"", ""term""]","[{""street"": ""4900 White Key"", ""city"": ""Nelsonberg"", ""country"": ""Maldives"", ""is_primary"": true}]","{""age"": 36, ""department"": ""Finance"", ""salary"": 146030.97, ""skills"": [""Engineer, petroleum"", ""Production manager"", ""Manufacturing engineer""]}","[{""type"": ""edit"", ""timestamp"": ""2025-10-25T05:08:30""}]"
585,James Bond,christopher81@example.net,"[""sea"", ""close"", ""laugh"", ""report"", ""effect""]","[{""street"": ""619 David Mountains Apt. 967"", ""city"": ""South Chad"", ""country"": ""Pitcairn Islands"", ""is_primary"": false}, {""street"": ""64711 Johnson Junction"", ""city"": ""Sheilaland"", ""country"": ""Ecuador"", ""is_primary"": true}]","{""age"": 63, ""department"": ""Engineering"", ""salary"": 75585.19, ""skills"": [""Health and safety adviser"", ""Loss adjuster, chartered"", ""Scientist, water quality""]}","[{""type"": ""view"", ""timestamp"": ""2025-05-30T23:12:54""}, {""type"": ""view"", ""timestamp"": ""2025-06-26T07:10:04""}]"
586,Edwin Mcdonald,brendajohnson@example.com,"[""black"", ""writer"", ""product""]","[{""street"": ""36379 Andrea Shoals Apt. 057"", ""city"": ""New Robinshire"", ""country"": ""Hungary"", ""is_primary"": true}, {""street"": ""0862 Ryan Fort"", ""city"": ""Ashleyburgh"", ""country"": ""Burkina Faso"", ""is_primary"": true}, {""street"": ""3836 Holloway River"", ""city"": ""Port Kevinberg"", ""country"": ""Heard Island and McDonald Islands"", ""is_primary"": true}]","{""age"": 55, ""department"": ""Finance"", ""salary"": 90503.68, ""skills"": [""Prison officer"", ""Herpetologist""]}","[{""type"": ""purchase"", ""amount"": 504.9, ""currency"": ""USD""}, {""type"": ""edit"", ""timestamp"": ""2025-01-02T17:59:40""}, {""type"": ""login"", ""timestamp"": ""2025-07-18T03:08:57""}]"
587,Christina Lopez,stevecalhoun@example.net,"[""movement"", ""head"", ""itself""]","[{""street"": ""576 Jeffrey Island Suite 393"", ""city"": ""North Timothy"", ""country"": ""Botswana"", ""is_primary"": true}, {""street"": ""4886 Lamb Crest Suite 835"", ""city"": ""West Marcialand"", ""country"": ""Northern Mariana Islands"", ""is_primary"": true}, {""street"": ""43128 Carter Station Suite 354"", ""city"": ""Reynoldston"", ""country"": ""Brunei Darussalam"", ""is_primary"": false}]","{""age"": 28, ""department"": ""Engineering"", ""salary"": 40453.8, ""skills"": [""Surveyor, building"", ""Social researcher"", ""Designer, ceramics/pottery""]}",[]
588,Joseph Austin,robert97@example.com,"[""church"", ""energy""]","[{""street"": ""9931 Joseph Islands"", ""city"": ""South David"", ""country"": ""Chad"", ""is_primary"": false}]","{""age"": 22, ""department"": ""Marketing"", ""salary"": 120443.2, ""skills"": [""Scientist, physiological"", ""Energy manager"", ""Advertising account executive"", ""Travel agency manager""]}",[]
589,Michael Morris,velasquezdeborah@example.org,"[""career"", ""then""]","[{""street"": ""6361 Hoffman Green"", ""city"": ""West Thomaston"", ""country"": ""Lithuania"", ""is_primary"": true}, {""street"": ""7614 Sarah Parkway Suite 237"", ""city"": ""West Eric"", ""country"": ""Guinea"", ""is_primary"": true}, {""street"": ""154 Emily Roads Apt. 511"", ""city"": ""Port Codyton"", ""country"": ""Mauritania"", ""is_primary"": false}]","{""age"": 54, ""department"": ""Finance"", ""salary"": 48778.84, ""skills"": [""Medical secretary""]}","[{""type"": ""view"", ""timestamp"": ""2025-07-24T16:55:40""}, {""type"": ""purchase"", ""amount"": 363.58, ""currency"": ""USD""}]"
590,Alexandria Pierce,kirsten03@example.org,"[""thing"", ""hold""]","[{""street"": ""90081 Clark Bridge"", ""city"": ""North Catherineport"", ""country"": ""San Marino"", ""is_primary"": false}, {""street"": ""699 Harvey Street"", ""city"": ""West Christianside"", ""country"": ""Thailand"", ""is_primary"": true}, {""street"": ""7035 Le Via"", ""city"": ""Tonyaland"", ""country"": ""Bulgaria"", ""is_primary"": true}]","{""age"": 58, ""department"": ""Engineering"", ""salary"": 126000.18, ""skills"": [""Telecommunications researcher"", ""Quality manager"", ""Product designer"", ""Radiographer, diagnostic""]}","[{""type"": ""edit"", ""timestamp"": ""2025-07-10T20:01:27""}, {""type"": ""view"", ""timestamp"": ""2025-01-04T21:57:42""}]"
591,Tara Bowman,estradaashley@example.org,"[""whatever"", ""western""]","[{""street"": ""33534 Erica Knolls Suite 916"", ""city"": ""Houstonbury"", ""country"": ""Dominican Republic"", ""is_primary"": true}, {""street"": ""27434 Fox Walk Apt. 500"", ""city"": ""Danielsport"", ""country"": ""United States Virgin Islands"", ""is_primary"": false}]","{""age"": 67, ""department"": ""Engineering"", ""salary"": 51411.58, ""skills"": [""Engineer, agricultural"", ""Local government officer"", ""Herpetologist"", ""Research scientist (maths)""]}","[{""type"": ""purchase"", ""amount"": 818.06, ""currency"": ""USD""}]"
592,Ryan Rowe,alyssa30@example.net,"[""pull"", ""see"", ""stuff"", ""expert""]","[{""street"": ""635 Smith Bypass Apt. 807"", ""city"": ""West Brianbury"", ""country"": ""Ethiopia"", ""is_primary"": true}, {""street"": ""934 Joanne Shores Apt. 301"", ""city"": ""South Katelyn"", ""country"": ""Jamaica"", ""is_primary"": false}, {""street"": ""3875 Emily Common"", ""city"": ""East Morganland"", ""country"": ""Saint Kitts and Nevis"", ""is_primary"": true}]","{""age"": 41, ""department"": ""Marketing"", ""salary"": 31897.91, ""skills"": [""Sports administrator"", ""Product designer"", ""Research officer, government"", ""Research officer, trade union""]}","[{""type"": ""view"", ""timestamp"": ""2025-05-02T03:06:09""}, {""type"": ""edit"", ""timestamp"": ""2025-05-22T05:22:57""}]"
593,Paula Hopkins,martinbradley@example.org,"[""boy"", ""wind"", ""positive""]","[{""street"": ""99369 Peter Place Apt. 304"", ""city"": ""East Anthony"", ""country"": ""Algeria"", ""is_primary"": true}, {""street"": ""39596 Scott Extensions"", ""city"": ""West Meganshire"", ""country"": ""Lithuania"", ""is_primary"": true}, {""street"": ""516 Scott Hollow"", ""city"": ""Michaelfurt"", ""country"": ""Liberia"", ""is_primary"": true}]","{""age"": 78, ""department"": ""Finance"", ""salary"": 140141.19, ""skills"": [""Health and safety inspector"", ""Retail banker"", ""Scientist, research (life sciences)""]}","[{""type"": ""login"", ""timestamp"": ""2025-06-12T01:13:33""}, {""type"": ""purchase"", ""amount"": 375.31, ""currency"": ""USD""}]"
594,Cory Taylor,cholmes@example.com,"[""bag"", ""government""]","[{""street"": ""895 Murray Haven"", ""city"": ""Ramirezbury"", ""country"": ""Congo"", ""is_primary"": false}, {""street"": ""64237 Amanda Knolls"", ""city"": ""North Jeffreyview"", ""country"": ""Somalia"", ""is_primary"": true}, {""street"": ""2852 King Forge"", ""city"": ""Lake Heatherberg"", ""country"": ""Cape Verde"", ""is_primary"": false}]","{""age"": 32, ""department"": ""HR"", ""salary"": 149123.12, ""skills"": [""Medical physicist"", ""Set designer"", ""Sales promotion account executive"", ""Immigration officer""]}","[{""type"": ""edit"", ""timestamp"": ""2025-09-20T02:00:34""}]"
595,Cheryl Mcdaniel,mcneilfrank@example.com,"[""nor"", ""church""]","[{""street"": ""4482 Micheal Glens"", ""city"": ""Lake Aliciahaven"", ""country"": ""Aruba"", ""is_primary"": true}, {""street"": ""136 Joseph Parkways Suite 506"", ""city"": ""North Omar"", ""country"": ""Singapore"", ""is_primary"": true}]","{""age"": 38, ""department"": ""Engineering"", ""salary"": 40948.42, ""skills"": [""Secretary/administrator"", ""Software engineer"", ""Theme park manager"", ""Secretary/administrator""]}","[{""type"": ""view"", ""timestamp"": ""2025-09-22T02:29:55""}, {""type"": ""view"", ""timestamp"": ""2025-01-15T22:48:09""}]"
596,Brianna Tran,adickerson@example.com,"[""together"", ""option"", ""meet""]","[{""street"": ""3934 Elliott Forest"", ""city"": ""Garciaport"", ""country"": ""Lao People's Democratic Republic"", ""is_primary"": false}, {""street"": ""36016 Taylor Ferry"", ""city"": ""West Courtney"", ""country"": ""Mongolia"", ""is_primary"": true}, {""street"": ""2187 Perry Locks Apt. 187"", ""city"": ""North Timport"", ""country"": ""Cook Islands"", ""is_primary"": true}]","{""age"": 49, ""department"": ""Marketing"", ""salary"": 127105.22, ""skills"": [""Travel agency manager""]}",[]
597,Anita Saunders,isaac12@example.com,"[""tend"", ""yourself"", ""project""]","[{""street"": ""369 Ethan Islands Suite 096"", ""city"": ""Francishaven"", ""country"": ""Tokelau"", ""is_primary"": true}, {""street"": ""54438 Mercado Locks"", ""city"": ""New Chelsea"", ""country"": ""Philippines"", ""is_primary"": true}, {""street"": ""14667 Casey Road"", ""city"": ""South Briannaville"", ""country"": ""Venezuela"", ""is_primary"": true}]","{""age"": 22, ""department"": ""Finance"", ""salary"": 44885.23, ""skills"": [""Hospital doctor"", ""Legal secretary"", ""Risk manager""]}","[{""type"": ""view"", ""timestamp"": ""2025-08-04T14:09:04""}]"
598,Jared Short,dweaver@example.net,"[""involve"", ""produce""]","[{""street"": ""630 Matthew Fields"", ""city"": ""Cooperport"", ""country"": ""Belize"", ""is_primary"": false}]","{""age"": 33, ""department"": ""Sales"", ""salary"": 44626.33, ""skills"": [""Soil scientist"", ""Newspaper journalist"", ""Printmaker""]}","[{""type"": ""purchase"", ""amount"": 262.06, ""currency"": ""EUR""}, {""type"": ""purchase"", ""amount"": 887.74, ""currency"": ""USD""}]"
599,Tammie Lin,mibarra@example.org,"[""crime"", ""free""]","[{""street"": ""360 Murray Lakes"", ""city"": ""New David"", ""country"": ""Jamaica"", ""is_primary"": true}]","{""age"": 36, ""department"": ""Sales"", ""salary"": 96228.06, ""skills"": [""Trade union research officer"", ""Technical brewer""]}","[{""type"": ""purchase"", ""amount"": 125.84, ""currency"": ""USD""}, {""type"": ""login"", ""timestamp"": ""2025-08-04T18:26:05""}, {""type"": ""edit"", ""timestamp"": ""2025-06-21T09:00:36""}]"
600,Megan Bolton,justinmills@example.com,"[""score"", ""west"", ""today"", ""international""]","[{""street"": ""59686 John Track Suite 229"", ""city"": ""Morenoside"", ""country"": ""Nauru"", ""is_primary"": false}, {""street"": ""551 Steele Tunnel"", ""city"": ""Amyfurt"", ""country"": ""Dominican Republic"", ""is_primary"": true}, {""street"": ""197 Castillo Ville"", ""city"": ""Christopherburgh"", ""country"": ""Solomon Islands"", ""is_primary"": false}]","{""age"": 64, ""department"": ""Finance"", ""salary"": 61294.37, ""skills"": [""Government social research officer"", ""Ceramics designer"", ""Horticulturist, commercial""]}","[{""type"": ""login"", ""timestamp"": ""2025-05-05T20:44:17""}, {""type"": ""login"", ""timestamp"": ""2025-08-07T18:59:32""}, {""type"": ""view"", ""timestamp"": ""2025-01-07T12:02:53""}]"
601,John Finley,gary42@example.com,"[""finally"", ""work""]","[{""street"": ""0812 Thornton Wall"", ""city"": ""Connietown"", ""country"": ""Bangladesh"", ""is_primary"": false}]","{""age"": 48, ""department"": ""Finance"", ""salary"": 126242.19, ""skills"": [""Careers adviser"", ""Energy manager"", ""Clinical research associate""]}",[]
602,Scott George,houstonmichael@example.com,"[""use"", ""course""]","[{""street"": ""050 Murphy Terrace Suite 591"", ""city"": ""Larryport"", ""country"": ""British Indian Ocean Territory (Chagos Archipelago)"", ""is_primary"": true}, {""street"": ""3299 Gonzalez Village"", ""city"": ""Whiteville"", ""country"": ""Grenada"", ""is_primary"": false}, {""street"": ""5268 Walters Ports Apt. 697"", ""city"": ""Williamsville"", ""country"": ""Norfolk Island"", ""is_primary"": false}]","{""age"": 28, ""department"": ""Sales"", ""salary"": 101206.39, ""skills"": [""Location manager"", ""Physicist, medical"", ""Local government officer""]}",[]
603,Micheal Lynch,alexis47@example.com,"[""race"", ""particular"", ""now""]","[{""street"": ""4053 Jones Falls"", ""city"": ""New Jocelyn"", ""country"": ""Ecuador"", ""is_primary"": true}, {""street"": ""85782 Morgan Junctions Suite 808"", ""city"": ""Port Sarahbury"", ""country"": ""Solomon Islands"", ""is_primary"": true}]","{""age"": 65, ""department"": ""Marketing"", ""salary"": 107517.65, ""skills"": [""Designer, exhibition/display"", ""Trading standards officer"", ""Associate Professor""]}","[{""type"": ""view"", ""timestamp"": ""2025-03-25T04:15:39""}, {""type"": ""purchase"", ""amount"": 999.28, ""currency"": ""USD""}, {""type"": ""login"", ""timestamp"": ""2025-04-17T20:12:44""}]"
604,Jeffrey Lee,tsanchez@example.org,"[""remain"", ""whatever"", ""official"", ""since""]","[{""street"": ""78227 Jessica Vista Apt. 714"", ""city"": ""Port Reneemouth"", ""country"": ""Kazakhstan"", ""is_primary"": true}]","{""age"": 71, ""department"": ""Finance"", ""salary"": 95205.59, ""skills"": [""Interpreter"", ""Bookseller"", ""Engineer, chemical""]}","[{""type"": ""login"", ""timestamp"": ""2025-09-21T17:47:25""}, {""type"": ""edit"", ""timestamp"": ""2025-08-04T16:00:27""}, {""type"": ""view"", ""timestamp"": ""2025-10-25T15:24:45""}]"
605,April Russell,daniel61@example.org,"[""accept"", ""always"", ""data"", ""have""]","[{""street"": ""508 Williams Lodge Apt. 086"", ""city"": ""Donnaport"", ""country"": ""Malaysia"", ""is_primary"": true}, {""street"": ""24353 Snow Squares"", ""city"": ""East Robertchester"", ""country"": ""Canada"", ""is_primary"": false}, {""street"": ""28443 Vargas Manor Suite 981"", ""city"": ""South Melinda"", ""country"": ""Solomon Islands"", ""is_primary"": true}]","{""age"": 23, ""department"": ""Engineering"", ""salary"": 115933.57, ""skills"": [""Software engineer""]}","[{""type"": ""view"", ""timestamp"": ""2025-03-22T08:37:44""}]"
606,Crystal Lozano,hdiaz@example.net,"[""network"", ""particularly"", ""represent"", ""best""]","[{""street"": ""208 Medina Throughway"", ""city"": ""South Jessicafort"", ""country"": ""Korea"", ""is_primary"": true}]","{""age"": 21, ""department"": ""Engineering"", ""salary"": 121182.33, ""skills"": [""English as a foreign language teacher"", ""Textile designer""]}","[{""type"": ""purchase"", ""amount"": 576.92, ""currency"": ""GBP""}, {""type"": ""purchase"", ""amount"": 294.5, ""currency"": ""EUR""}]"
607,Amber Mason,cynthiaporter@example.net,"[""nice"", ""right"", ""church""]","[{""street"": ""1524 Matthew Vista Apt. 281"", ""city"": ""Teresaland"", ""country"": ""Turkmenistan"", ""is_primary"": true}, {""street"": ""35299 Norman Glens"", ""city"": ""Rebeccaport"", ""country"": ""Kyrgyz Republic"", ""is_primary"": true}]","{""age"": 69, ""department"": ""Marketing"", ""salary"": 125826.08, ""skills"": [""Psychotherapist""]}","[{""type"": ""view"", ""timestamp"": ""2025-04-01T07:35:14""}, {""type"": ""view"", ""timestamp"": ""2025-10-13T22:34:13""}, {""type"": ""purchase"", ""amount"": 961.91, ""currency"": ""GBP""}]"
608,Tamara Cook,haynesrobert@example.org,"[""close"", ""already"", ""nor"", ""from""]","[{""street"": ""8765 Kevin Summit Suite 671"", ""city"": ""Catherineville"", ""country"": ""Paraguay"", ""is_primary"": true}, {""street"": ""0510 Spears Fords Apt. 050"", ""city"": ""Marystad"", ""country"": ""Chad"", ""is_primary"": false}]","{""age"": 36, ""department"": ""Finance"", ""salary"": 133341.34, ""skills"": [""Publishing rights manager""]}","[{""type"": ""login"", ""timestamp"": ""2025-09-23T22:18:00""}, {""type"": ""edit"", ""timestamp"": ""2025-10-15T22:08:13""}]"
609,Laura Brewer,melissa45@example.net,"[""return"", ""assume"", ""environmental""]","[{""street"": ""84339 Gregory Shoals Suite 647"", ""city"": ""Ashleytown"", ""country"": ""Monaco"", ""is_primary"": true}]","{""age"": 59, ""department"": ""Engineering"", ""salary"": 112704.36, ""skills"": [""Public relations account executive"", ""Production assistant, radio"", ""Communications engineer""]}","[{""type"": ""purchase"", ""amount"": 400.13, ""currency"": ""EUR""}]"
610,Paula Sims,watkinsdana@example.com,"[""value"", ""computer"", ""view"", ""leg"", ""window""]","[{""street"": ""03105 Anthony Pass"", ""city"": ""West Matthew"", ""country"": ""Israel"", ""is_primary"": true}, {""street"": ""9744 Flores Orchard Apt. 642"", ""city"": ""East Kaitlin"", ""country"": ""San Marino"", ""is_primary"": false}]","{""age"": 64, ""department"": ""Engineering"", ""salary"": 56954.09, ""skills"": [""Marine scientist"", ""Tax inspector""]}",[]
611,Matthew Ward,troyjacobs@example.com,"[""without"", ""others"", ""store""]","[{""street"": ""5120 Silva Meadows"", ""city"": ""Owensville"", ""country"": ""Netherlands Antilles"", ""is_primary"": false}, {""street"": ""7955 Joseph Corners Suite 576"", ""city"": ""Nicoleside"", ""country"": ""Guyana"", ""is_primary"": false}]","{""age"": 78, ""department"": ""Sales"", ""salary"": 97002.13, ""skills"": [""Higher education lecturer"", ""Energy manager"", ""Chemist, analytical""]}","[{""type"": ""login"", ""timestamp"": ""2025-04-06T16:34:09""}, {""type"": ""login"", ""timestamp"": ""2025-03-01T19:59:37""}]"
612,Brandon Martin,tle@example.com,"[""certainly"", ""sport"", ""per"", ""wide""]","[{""street"": ""1836 Holmes Fields Apt. 018"", ""city"": ""West Angela"", ""country"": ""Algeria"", ""is_primary"": false}, {""street"": ""460 Lopez Field"", ""city"": ""Jamesville"", ""country"": ""Sri Lanka"", ""is_primary"": false}, {""street"": ""19942 Snyder Wells Apt. 022"", ""city"": ""Ronaldland"", ""country"": ""Moldova"", ""is_primary"": true}]","{""age"": 33, ""department"": ""HR"", ""salary"": 139475.33, ""skills"": [""Production engineer"", ""Financial adviser"", ""Merchant navy officer"", ""Accountant, chartered public finance""]}","[{""type"": ""login"", ""timestamp"": ""2025-01-11T12:43:47""}]"
613,Dylan Graham,obrown@example.net,"[""drug"", ""Congress""]","[{""street"": ""462 Fowler Freeway"", ""city"": ""Martinezburgh"", ""country"": ""Peru"", ""is_primary"": true}, {""street"": ""05127 Samuel Hills Suite 958"", ""city"": ""New Rhondastad"", ""country"": ""South Africa"", ""is_primary"": true}, {""street"": ""1323 Laura Rapids Suite 542"", ""city"": ""Morsebury"", ""country"": ""Algeria"", ""is_primary"": false}]","{""age"": 30, ""department"": ""Marketing"", ""salary"": 40452.91, ""skills"": [""Chartered public finance accountant"", ""Police officer"", ""Consulting civil engineer"", ""Radio broadcast assistant""]}","[{""type"": ""view"", ""timestamp"": ""2025-02-10T14:52:35""}]"
614,Terry Wilson,lwilson@example.org,"[""would"", ""second""]","[{""street"": ""8638 Davis Creek Apt. 226"", ""city"": ""North Lorifurt"", ""country"": ""Austria"", ""is_primary"": true}, {""street"": ""937 Smith Keys"", ""city"": ""New Barbara"", ""country"": ""United States of America"", ""is_primary"": true}]","{""age"": 53, ""department"": ""Engineering"", ""salary"": 83167.57, ""skills"": [""Automotive engineer"", ""Forensic scientist""]}",[]
615,Alexandria Orozco,awalls@example.com,"[""many"", ""strong""]","[{""street"": ""97672 Brooke Dale"", ""city"": ""Meganview"", ""country"": ""Madagascar"", ""is_primary"": false}, {""street"": ""98707 Sloan Wall"", ""city"": ""Phillipmouth"", ""country"": ""Austria"", ""is_primary"": false}]","{""age"": 26, ""department"": ""Marketing"", ""salary"": 106416.52, ""skills"": [""Designer, industrial/product"", ""Therapist, drama""]}","[{""type"": ""login"", ""timestamp"": ""2025-08-08T14:10:24""}, {""type"": ""edit"", ""timestamp"": ""2025-03-01T09:06:16""}, {""type"": ""purchase"", ""amount"": 275.77, ""currency"": ""GBP""}]"
616,Jennifer Davis,melissa49@example.net,"[""spend"", ""she"", ""those"", ""yard""]","[{""street"": ""7668 Margaret Common Suite 233"", ""city"": ""Erinfort"", ""country"": ""Singapore"", ""is_primary"": true}]","{""age"": 72, ""department"": ""Finance"", ""salary"": 30093.55, ""skills"": [""Advertising copywriter""]}","[{""type"": ""edit"", ""timestamp"": ""2025-07-08T11:09:09""}, {""type"": ""purchase"", ""amount"": 679.62, ""currency"": ""GBP""}]"
617,Dylan Wheeler,burtonelizabeth@example.com,"[""federal"", ""employee"", ""air"", ""name""]","[{""street"": ""7102 Lisa Causeway Suite 567"", ""city"": ""East Davidland"", ""country"": ""Luxembourg"", ""is_primary"": true}, {""street"": ""8026 Andrew Green"", ""city"": ""Port Jenniferborough"", ""country"": ""Norway"", ""is_primary"": true}]","{""age"": 46, ""department"": ""Finance"", ""salary"": 138565.66, ""skills"": [""Therapist, drama"", ""Surgeon""]}","[{""type"": ""login"", ""timestamp"": ""2025-02-23T07:17:01""}]"
618,Judith Guerra,ericsanchez@example.org,"[""toward"", ""director""]","[{""street"": ""885 Richard Mountain"", ""city"": ""Tatechester"", ""country"": ""Tajikistan"", ""is_primary"": false}, {""street"": ""13856 Deborah Rue"", ""city"": ""Ianmouth"", ""country"": ""Indonesia"", ""is_primary"": true}, {""street"": ""2077 Jessica Viaduct"", ""city"": ""Kimberlyland"", ""country"": ""Serbia"", ""is_primary"": false}]","{""age"": 79, ""department"": ""HR"", ""salary"": 108820.58, ""skills"": [""Interior and spatial designer"", ""Sports development officer"", ""Scientist, physiological"", ""Regulatory affairs officer""]}","[{""type"": ""login"", ""timestamp"": ""2025-09-16T01:04:49""}]"
619,Timothy Green MD,gerald51@example.com,"[""quite"", ""social""]","[{""street"": ""505 Lang Roads"", ""city"": ""Charlesbury"", ""country"": ""Brunei Darussalam"", ""is_primary"": false}, {""street"": ""0783 Boyd Path"", ""city"": ""New Brookemouth"", ""country"": ""Jersey"", ""is_primary"": false}]","{""age"": 80, ""department"": ""Sales"", ""salary"": 149179.84, ""skills"": [""Learning mentor"", ""Research scientist (life sciences)""]}","[{""type"": ""edit"", ""timestamp"": ""2025-10-15T04:31:36""}, {""type"": ""purchase"", ""amount"": 745.86, ""currency"": ""USD""}]"
620,David Johnson,herringkerry@example.net,"[""response"", ""bag""]","[{""street"": ""5079 Robert Mission Apt. 044"", ""city"": ""Griffinshire"", ""country"": ""Cuba"", ""is_primary"": true}]","{""age"": 52, ""department"": ""Sales"", ""salary"": 77764.71, ""skills"": [""Video editor""]}","[{""type"": ""purchase"", ""amount"": 182.97, ""currency"": ""EUR""}]"
621,Erica Reyes,kimberly23@example.org,"[""food"", ""group"", ""movement""]","[{""street"": ""2271 Stephanie Ranch"", ""city"": ""North Theresa"", ""country"": ""Suriname"", ""is_primary"": true}, {""street"": ""27097 Michelle Stravenue"", ""city"": ""Lake Madisonberg"", ""country"": ""Mexico"", ""is_primary"": true}]","{""age"": 44, ""department"": ""HR"", ""salary"": 60788.43, ""skills"": [""Scientific laboratory technician""]}","[{""type"": ""login"", ""timestamp"": ""2025-09-24T13:51:48""}, {""type"": ""purchase"", ""amount"": 636.09, ""currency"": ""GBP""}, {""type"": ""login"", ""timestamp"": ""2025-01-11T07:42:49""}]"
622,Benjamin Griffith,chelseariley@example.com,"[""million"", ""method"", ""difference"", ""feel""]","[{""street"": ""52120 Daniel Trace"", ""city"": ""Johnstonbury"", ""country"": ""El Salvador"", ""is_primary"": false}, {""street"": ""015 Robert Unions"", ""city"": ""North Brandonland"", ""country"": ""Comoros"", ""is_primary"": false}]","{""age"": 38, ""department"": ""HR"", ""salary"": 67675.55, ""skills"": [""Speech and language therapist""]}","[{""type"": ""edit"", ""timestamp"": ""2025-08-28T22:57:23""}]"
623,Rebecca Brown,dillonlaura@example.net,"[""lead"", ""real"", ""memory"", ""task"", ""pattern""]","[{""street"": ""136 Kimberly Villages"", ""city"": ""South Laurenland"", ""country"": ""Madagascar"", ""is_primary"": false}]","{""age"": 45, ""department"": ""Sales"", ""salary"": 33827.11, ""skills"": [""Leisure centre manager"", ""Musician""]}","[{""type"": ""edit"", ""timestamp"": ""2025-08-10T12:14:24""}]"
624,John Smith,herreratristan@example.com,"[""may"", ""coach"", ""spend""]","[{""street"": ""320 Stafford Ridges"", ""city"": ""Salasmouth"", ""country"": ""Bahrain"", ""is_primary"": true}, {""street"": ""5305 Debra Rapids Apt. 030"", ""city"": ""Richardborough"", ""country"": ""Pitcairn Islands"", ""is_primary"": true}]","{""age"": 53, ""department"": ""Finance"", ""salary"": 68861.01, ""skills"": [""Print production planner""]}","[{""type"": ""login"", ""timestamp"": ""2025-03-07T00:50:05""}]"
625,Alexander Sandoval,megan53@example.com,"[""so"", ""seat""]","[{""street"": ""790 Brennan Brook Suite 441"", ""city"": ""Scottton"", ""country"": ""Guam"", ""is_primary"": true}]","{""age"": 23, ""department"": ""HR"", ""salary"": 96170.33, ""skills"": [""Health visitor"", ""English as a second language teacher""]}",[]
626,Danielle Nielsen,alexandersarah@example.org,"[""expert"", ""girl"", ""help""]","[{""street"": ""5132 Christian Park"", ""city"": ""Owensburgh"", ""country"": ""Monaco"", ""is_primary"": true}]","{""age"": 75, ""department"": ""Marketing"", ""salary"": 33065.21, ""skills"": [""Ambulance person"", ""Therapist, speech and language""]}","[{""type"": ""view"", ""timestamp"": ""2025-05-23T12:02:45""}, {""type"": ""edit"", ""timestamp"": ""2025-03-21T02:21:03""}, {""type"": ""purchase"", ""amount"": 218.16, ""currency"": ""EUR""}]"
627,Catherine Holden,hortiz@example.org,"[""turn"", ""measure"", ""economy"", ""letter"", ""now""]","[{""street"": ""673 Sloan Camp"", ""city"": ""East Rachel"", ""country"": ""Liechtenstein"", ""is_primary"": true}, {""street"": ""4920 Lopez Mountains"", ""city"": ""Port Hector"", ""country"": ""United Arab Emirates"", ""is_primary"": false}, {""street"": ""64974 Michael Stravenue Apt. 253"", ""city"": ""West Carol"", ""country"": ""Austria"", ""is_primary"": false}]","{""age"": 56, ""department"": ""Engineering"", ""salary"": 38319.73, ""skills"": [""Engineer, electronics"", ""Advertising account planner"", ""Agricultural engineer"", ""Facilities manager""]}","[{""type"": ""purchase"", ""amount"": 544.44, ""currency"": ""GBP""}]"
628,Darlene Lawson,robertmoore@example.net,"[""administration"", ""ago"", ""manager"", ""production"", ""despite""]","[{""street"": ""83209 Erickson Plains"", ""city"": ""Walkershire"", ""country"": ""Czech Republic"", ""is_primary"": false}]","{""age"": 64, ""department"": ""Sales"", ""salary"": 135345.67, ""skills"": [""Holiday representative"", ""Television camera operator"", ""Surveyor, minerals"", ""IT sales professional""]}","[{""type"": ""view"", ""timestamp"": ""2025-03-25T21:27:03""}, {""type"": ""purchase"", ""amount"": 251.28, ""currency"": ""USD""}, {""type"": ""edit"", ""timestamp"": ""2025-05-05T06:27:09""}]"
629,Lindsay Hull,christina56@example.net,"[""still"", ""it"", ""same""]","[{""street"": ""940 Michelle Mount Suite 706"", ""city"": ""West Tamarahaven"", ""country"": ""Ukraine"", ""is_primary"": false}, {""street"": ""8246 Michael Alley Apt. 343"", ""city"": ""Coryport"", ""country"": ""Congo"", ""is_primary"": false}]","{""age"": 73, ""department"": ""HR"", ""salary"": 51963.94, ""skills"": [""Higher education lecturer"", ""Armed forces operational officer"", ""Higher education lecturer""]}","[{""type"": ""purchase"", ""amount"": 721.37, ""currency"": ""USD""}, {""type"": ""login"", ""timestamp"": ""2025-03-25T06:02:40""}]"
630,Brandy Rice,markmoore@example.org,"[""fight"", ""discuss""]","[{""street"": ""63182 Amy Square"", ""city"": ""Benjaminberg"", ""country"": ""Gibraltar"", ""is_primary"": false}, {""street"": ""4758 Teresa Estates Apt. 557"", ""city"": ""Hoffmanburgh"", ""country"": ""Togo"", ""is_primary"": false}]","{""age"": 21, ""department"": ""HR"", ""salary"": 88740.11, ""skills"": [""Claims inspector/assessor""]}","[{""type"": ""purchase"", ""amount"": 512.27, ""currency"": ""GBP""}, {""type"": ""login"", ""timestamp"": ""2025-03-15T21:57:05""}]"
631,Kathleen Owen,john36@example.org,"[""event"", ""suffer"", ""voice"", ""apply"", ""billion""]","[{""street"": ""617 Jenna Hills"", ""city"": ""Lake Katieville"", ""country"": ""Puerto Rico"", ""is_primary"": false}, {""street"": ""112 Nichols Villages"", ""city"": ""Patricialand"", ""country"": ""Liberia"", ""is_primary"": false}]","{""age"": 21, ""department"": ""Finance"", ""salary"": 72878.19, ""skills"": [""Prison officer"", ""Chartered accountant""]}","[{""type"": ""purchase"", ""amount"": 463.5, ""currency"": ""GBP""}, {""type"": ""purchase"", ""amount"": 370.06, ""currency"": ""EUR""}, {""type"": ""purchase"", ""amount"": 842.53, ""currency"": ""USD""}]"
632,Susan Stewart,fgarcia@example.net,"[""hot"", ""police"", ""too"", ""evening""]","[{""street"": ""60037 Wood Junctions"", ""city"": ""Williamsville"", ""country"": ""Oman"", ""is_primary"": false}, {""street"": ""870 Cunningham Viaduct Apt. 847"", ""city"": ""Hernandezside"", ""country"": ""Solomon Islands"", ""is_primary"": true}, {""street"": ""9302 Darlene Shoal"", ""city"": ""Amandafurt"", ""country"": ""Liechtenstein"", ""is_primary"": true}]","{""age"": 80, ""department"": ""HR"", ""salary"": 65158.76, ""skills"": [""Teacher, English as a foreign language"", ""Teacher, music"", ""Solicitor"", ""Geoscientist""]}","[{""type"": ""login"", ""timestamp"": ""2025-08-08T22:04:49""}, {""type"": ""view"", ""timestamp"": ""2025-09-06T03:27:45""}, {""type"": ""login"", ""timestamp"": ""2025-05-22T17:31:19""}]"
633,Tyler Davis,wleach@example.net,"[""station"", ""huge""]","[{""street"": ""9083 Long Parkway Apt. 490"", ""city"": ""Tabithaport"", ""country"": ""Saint Vincent and the Grenadines"", ""is_primary"": false}, {""street"": ""327 Miller Expressway Apt. 674"", ""city"": ""Lake Priscilla"", ""country"": ""South Africa"", ""is_primary"": true}]","{""age"": 30, ""department"": ""Sales"", ""salary"": 48138.64, ""skills"": [""Warehouse manager""]}","[{""type"": ""login"", ""timestamp"": ""2025-01-01T18:11:30""}]"
634,Mr. Mark Powers Jr.,johnclark@example.net,"[""state"", ""than"", ""last"", ""attention"", ""think""]","[{""street"": ""3078 Jasmin Lane Apt. 572"", ""city"": ""Port Bradley"", ""country"": ""Uzbekistan"", ""is_primary"": false}, {""street"": ""82926 Kenneth Island Apt. 884"", ""city"": ""Port Timothyville"", ""country"": ""Lao People's Democratic Republic"", ""is_primary"": true}]","{""age"": 54, ""department"": ""Sales"", ""salary"": 136318.31, ""skills"": [""Radiation protection practitioner""]}","[{""type"": ""login"", ""timestamp"": ""2025-06-10T14:43:19""}, {""type"": ""edit"", ""timestamp"": ""2025-04-20T11:34:57""}]"
635,Jillian Johnson,nelsonjames@example.org,"[""author"", ""hold"", ""than"", ""consumer"", ""wind""]","[{""street"": ""4530 Stanley Ports"", ""city"": ""West Joseph"", ""country"": ""Bhutan"", ""is_primary"": false}]","{""age"": 58, ""department"": ""Finance"", ""salary"": 79199.3, ""skills"": [""Designer, furniture""]}","[{""type"": ""purchase"", ""amount"": 324.53, ""currency"": ""USD""}, {""type"": ""view"", ""timestamp"": ""2025-08-11T18:29:27""}]"
636,Rachael Brown,joshua16@example.org,"[""usually"", ""past"", ""rate"", ""gas""]","[{""street"": ""293 Martinez Centers"", ""city"": ""North Josefort"", ""country"": ""Isle of Man"", ""is_primary"": true}, {""street"": ""6211 Warner Mall Apt. 401"", ""city"": ""North Elizabeth"", ""country"": ""Ethiopia"", ""is_primary"": true}]","{""age"": 24, ""department"": ""Engineering"", ""salary"": 89371.74, ""skills"": [""Adult guidance worker""]}","[{""type"": ""purchase"", ""amount"": 911.09, ""currency"": ""USD""}, {""type"": ""purchase"", ""amount"": 478.75, ""currency"": ""EUR""}, {""type"": ""login"", ""timestamp"": ""2025-05-11T05:07:13""}]"
637,Lawrence Bartlett,deanna55@example.org,"[""certainly"", ""theory"", ""might""]","[{""street"": ""26339 Levine Harbors Suite 981"", ""city"": ""Port Tylerville"", ""country"": ""Trinidad and Tobago"", ""is_primary"": true}, {""street"": ""86132 Johnson Station Apt. 643"", ""city"": ""Andreahaven"", ""country"": ""Netherlands"", ""is_primary"": true}, {""street"": ""562 Johnson Views Suite 951"", ""city"": ""Boyertown"", ""country"": ""Bosnia and Herzegovina"", ""is_primary"": true}]","{""age"": 50, ""department"": ""Sales"", ""salary"": 81949.32, ""skills"": [""Solicitor, Scotland"", ""Professor Emeritus""]}","[{""type"": ""edit"", ""timestamp"": ""2025-08-30T11:53:17""}]"
638,Michael Taylor,garzarachel@example.org,"[""control"", ""life"", ""significant""]","[{""street"": ""536 Jackson Loop"", ""city"": ""Jonesbury"", ""country"": ""British Indian Ocean Territory (Chagos Archipelago)"", ""is_primary"": true}, {""street"": ""1122 Alex Common"", ""city"": ""Lake Danielberg"", ""country"": ""Taiwan"", ""is_primary"": true}]","{""age"": 50, ""department"": ""Engineering"", ""salary"": 76790.17, ""skills"": [""Legal secretary"", ""Police officer""]}","[{""type"": ""view"", ""timestamp"": ""2025-08-07T01:34:11""}, {""type"": ""view"", ""timestamp"": ""2025-07-23T07:03:31""}, {""type"": ""view"", ""timestamp"": ""2025-10-26T21:12:12""}]"
639,Mr. Ian Montgomery,cassiespencer@example.com,"[""today"", ""kitchen"", ""speak""]","[{""street"": ""7959 Hines Plains Suite 848"", ""city"": ""Abbottshire"", ""country"": ""Malaysia"", ""is_primary"": true}, {""street"": ""422 Rose Pines Suite 792"", ""city"": ""Tamimouth"", ""country"": ""Uzbekistan"", ""is_primary"": false}, {""street"": ""771 Gavin Greens"", ""city"": ""Richardsonfurt"", ""country"": ""Spain"", ""is_primary"": true}]","{""age"": 39, ""department"": ""Sales"", ""salary"": 70239.43, ""skills"": [""Restaurant manager"", ""Surveyor, hydrographic"", ""Gaffer"", ""Designer, multimedia""]}","[{""type"": ""login"", ""timestamp"": ""2025-03-22T21:33:45""}, {""type"": ""login"", ""timestamp"": ""2025-02-25T15:00:50""}, {""type"": ""purchase"", ""amount"": 534.78, ""currency"": ""EUR""}]"
640,Edward Wood,perezgina@example.net,"[""side"", ""interesting"", ""police""]","[{""street"": ""737 Mcguire Grove Apt. 622"", ""city"": ""East Lauren"", ""country"": ""British Virgin Islands"", ""is_primary"": true}]","{""age"": 65, ""department"": ""Sales"", ""salary"": 55793.95, ""skills"": [""Architectural technologist"", ""Surveyor, hydrographic"", ""Psychologist, counselling"", ""General practice doctor""]}","[{""type"": ""edit"", ""timestamp"": ""2025-04-04T12:42:59""}, {""type"": ""purchase"", ""amount"": 844.0, ""currency"": ""GBP""}, {""type"": ""purchase"", ""amount"": 578.49, ""currency"": ""EUR""}]"
641,Kayla Greene,sgentry@example.net,"[""fire"", ""something"", ""them"", ""see"", ""local""]","[{""street"": ""022 Maxwell Vista"", ""city"": ""Robersonmouth"", ""country"": ""Cambodia"", ""is_primary"": true}]","{""age"": 37, ""department"": ""Marketing"", ""salary"": 75993.73, ""skills"": [""Engineer, communications"", ""Geneticist, molecular"", ""Hydrogeologist"", ""Passenger transport manager""]}","[{""type"": ""view"", ""timestamp"": ""2025-05-06T21:55:24""}]"
642,Jennifer Lester,elizabethriley@example.com,"[""practice"", ""yes""]","[{""street"": ""681 Webb Valleys Apt. 924"", ""city"": ""New Aaronhaven"", ""country"": ""Sri Lanka"", ""is_primary"": false}, {""street"": ""44573 Roy Fall Apt. 795"", ""city"": ""South Margaretborough"", ""country"": ""Kazakhstan"", ""is_primary"": false}]","{""age"": 31, ""department"": ""Engineering"", ""salary"": 80595.78, ""skills"": [""Legal secretary"", ""Chemist, analytical""]}",[]
643,Jennifer Price,ykeith@example.com,"[""off"", ""staff"", ""arrive"", ""suggest""]","[{""street"": ""74385 Mariah Camp Apt. 192"", ""city"": ""Carlsonport"", ""country"": ""Angola"", ""is_primary"": true}, {""street"": ""655 Smith Field"", ""city"": ""West Tinaville"", ""country"": ""Dominica"", ""is_primary"": false}]","{""age"": 73, ""department"": ""Marketing"", ""salary"": 139615.7, ""skills"": [""Insurance broker"", ""Fish farm manager"", ""Make""]}",[]
644,Donald Rodgers,hadams@example.net,"[""general"", ""century"", ""child"", ""find""]","[{""street"": ""082 Johns Extension"", ""city"": ""Amandafurt"", ""country"": ""Belize"", ""is_primary"": true}]","{""age"": 58, ""department"": ""HR"", ""salary"": 121440.93, ""skills"": [""Audiological scientist"", ""Comptroller"", ""Risk manager"", ""Technical sales engineer""]}",[]
645,Kathy Wright,melissa07@example.org,"[""production"", ""us"", ""quality"", ""more""]","[{""street"": ""714 John Groves Apt. 037"", ""city"": ""Fergusonmouth"", ""country"": ""Afghanistan"", ""is_primary"": false}, {""street"": ""942 Morrison Lodge Suite 882"", ""city"": ""East Johnton"", ""country"": ""Latvia"", ""is_primary"": true}]","{""age"": 58, ""department"": ""Engineering"", ""salary"": 39284.97, ""skills"": [""Education officer, community""]}",[]
646,Alex Acosta,danielle61@example.org,"[""office"", ""seven"", ""investment"", ""area"", ""with""]","[{""street"": ""99144 Jeffrey Lodge"", ""city"": ""Stephenport"", ""country"": ""Argentina"", ""is_primary"": true}, {""street"": ""3332 Baldwin Ville"", ""city"": ""South Tinaside"", ""country"": ""Saint Helena"", ""is_primary"": false}, {""street"": ""755 Ramos Point Apt. 931"", ""city"": ""North Jeffreyberg"", ""country"": ""Congo"", ""is_primary"": true}]","{""age"": 50, ""department"": ""Marketing"", ""salary"": 148877.24, ""skills"": [""Metallurgist"", ""Metallurgist""]}","[{""type"": ""purchase"", ""amount"": 636.16, ""currency"": ""GBP""}, {""type"": ""view"", ""timestamp"": ""2025-08-08T09:47:43""}]"
647,Richard Garcia,mark68@example.org,"[""throughout"", ""wall"", ""brother"", ""camera"", ""dog""]","[{""street"": ""566 Tucker Mount Apt. 770"", ""city"": ""North David"", ""country"": ""Indonesia"", ""is_primary"": true}]","{""age"": 34, ""department"": ""Engineering"", ""salary"": 108052.12, ""skills"": [""Surveyor, quantity""]}","[{""type"": ""purchase"", ""amount"": 896.93, ""currency"": ""EUR""}, {""type"": ""login"", ""timestamp"": ""2025-10-08T19:58:02""}, {""type"": ""view"", ""timestamp"": ""2025-06-19T08:11:40""}]"
648,Kelly Richardson,erodriguez@example.net,"[""personal"", ""whatever"", ""threat"", ""seem"", ""common""]","[{""street"": ""41110 Morgan Turnpike"", ""city"": ""Mccoyside"", ""country"": ""Bosnia and Herzegovina"", ""is_primary"": false}, {""street"": ""995 White Rapids"", ""city"": ""North Rebeccamouth"", ""country"": ""French Polynesia"", ""is_primary"": false}]","{""age"": 37, ""department"": ""Finance"", ""salary"": 126220.39, ""skills"": [""Retail banker"", ""Designer, blown glass/stained glass"", ""Building surveyor""]}",[]
649,Brian Brown,uedwards@example.com,"[""reduce"", ""avoid"", ""top"", ""able"", ""themselves""]","[{""street"": ""13269 Crawford Neck"", ""city"": ""East Michelle"", ""country"": ""Samoa"", ""is_primary"": true}, {""street"": ""91893 Roman Creek"", ""city"": ""Sandrafurt"", ""country"": ""Sweden"", ""is_primary"": true}]","{""age"": 27, ""department"": ""HR"", ""salary"": 139173.5, ""skills"": [""IT consultant"", ""Health visitor"", ""Engineer, electrical"", ""Conservator, furniture""]}","[{""type"": ""edit"", ""timestamp"": ""2025-09-03T08:08:43""}, {""type"": ""view"", ""timestamp"": ""2025-06-30T14:27:50""}, {""type"": ""edit"", ""timestamp"": ""2025-01-11T06:40:07""}]"
650,Jonathan Moreno,brian07@example.net,"[""method"", ""glass"", ""eight"", ""get""]","[{""street"": ""67096 Robert Passage Suite 552"", ""city"": ""Stevenfort"", ""country"": ""Oman"", ""is_primary"": true}, {""street"": ""7082 Lawrence Ways"", ""city"": ""Alvarezberg"", ""country"": ""Saint Martin"", ""is_primary"": true}, {""street"": ""760 Rivera Shoal Apt. 998"", ""city"": ""Aaronstad"", ""country"": ""Bouvet Island (Bouvetoya)"", ""is_primary"": false}]","{""age"": 66, ""department"": ""Engineering"", ""salary"": 54076.99, ""skills"": [""Dancer"", ""Agricultural engineer"", ""Advertising account executive""]}","[{""type"": ""view"", ""timestamp"": ""2025-02-21T23:30:09""}, {""type"": ""edit"", ""timestamp"": ""2025-05-15T12:42:37""}]"
651,Kimberly Garner,garyromero@example.net,"[""across"", ""state"", ""imagine"", ""garden""]","[{""street"": ""913 Anthony Crescent"", ""city"": ""South Douglas"", ""country"": ""Pakistan"", ""is_primary"": true}, {""street"": ""1680 Cox Extensions"", ""city"": ""Cindybury"", ""country"": ""Monaco"", ""is_primary"": true}]","{""age"": 49, ""department"": ""Engineering"", ""salary"": 78821.17, ""skills"": [""Geoscientist"", ""Geophysicist/field seismologist""]}","[{""type"": ""purchase"", ""amount"": 780.8, ""currency"": ""EUR""}, {""type"": ""login"", ""timestamp"": ""2025-05-12T08:16:43""}, {""type"": ""view"", ""timestamp"": ""2025-06-21T20:47:10""}]"
652,Stephen Wise,hunterdavid@example.net,"[""ago"", ""together"", ""tell"", ""perform"", ""individual""]","[{""street"": ""44877 Larry Rapids Suite 574"", ""city"": ""Wolfeberg"", ""country"": ""Finland"", ""is_primary"": false}]","{""age"": 41, ""department"": ""Sales"", ""salary"": 72753.41, ""skills"": [""Accountant, chartered"", ""Barrister"", ""Passenger transport manager"", ""Probation officer""]}","[{""type"": ""purchase"", ""amount"": 829.32, ""currency"": ""EUR""}]"
653,Ryan Reynolds,xkennedy@example.com,"[""watch"", ""western""]","[{""street"": ""6757 Joseph Row"", ""city"": ""Valentinebury"", ""country"": ""Barbados"", ""is_primary"": true}]","{""age"": 75, ""department"": ""Finance"", ""salary"": 118874.77, ""skills"": [""Psychiatric nurse"", ""Office manager"", ""Loss adjuster, chartered"", ""Petroleum engineer""]}","[{""type"": ""purchase"", ""amount"": 897.35, ""currency"": ""EUR""}, {""type"": ""edit"", ""timestamp"": ""2025-09-17T03:59:18""}]"
654,Nicholas Collins,eevans@example.net,"[""structure"", ""very"", ""wind"", ""respond""]","[{""street"": ""591 Susan Flats"", ""city"": ""New Bettytown"", ""country"": ""Romania"", ""is_primary"": false}, {""street"": ""021 Henderson Island"", ""city"": ""East Krystal"", ""country"": ""Peru"", ""is_primary"": true}, {""street"": ""61533 Karen Points"", ""city"": ""Simonberg"", ""country"": ""Vanuatu"", ""is_primary"": true}]","{""age"": 27, ""department"": ""HR"", ""salary"": 48861.23, ""skills"": [""Company secretary""]}",[]
655,Ashlee Christensen,ernestlee@example.com,"[""interview"", ""government"", ""available""]","[{""street"": ""1443 Medina Lights Apt. 887"", ""city"": ""East Carlosstad"", ""country"": ""Norfolk Island"", ""is_primary"": false}]","{""age"": 53, ""department"": ""Engineering"", ""salary"": 122841.5, ""skills"": [""Sound technician, broadcasting/film/video"", ""Engineer, biomedical""]}","[{""type"": ""view"", ""timestamp"": ""2025-10-22T21:04:29""}, {""type"": ""purchase"", ""amount"": 241.63, ""currency"": ""GBP""}, {""type"": ""view"", ""timestamp"": ""2025-08-18T01:28:54""}]"
656,Lori Nelson,marcusreed@example.org,"[""go"", ""mother"", ""cup"", ""popular""]","[{""street"": ""4160 Susan Mall"", ""city"": ""New Erin"", ""country"": ""Suriname"", ""is_primary"": true}, {""street"": ""657 Jessica Center Suite 349"", ""city"": ""South Kathyburgh"", ""country"": ""Western Sahara"", ""is_primary"": false}, {""street"": ""813 Acosta Cliff Suite 557"", ""city"": ""Port Bradport"", ""country"": ""Jordan"", ""is_primary"": true}]","{""age"": 70, ""department"": ""Marketing"", ""salary"": 65581.46, ""skills"": [""Comptroller"", ""Animator""]}","[{""type"": ""view"", ""timestamp"": ""2025-02-11T23:30:02""}]"
657,Nathaniel Brown,cynthiamathews@example.com,"[""goal"", ""trouble"", ""recent""]","[{""street"": ""81801 Sawyer Isle Suite 010"", ""city"": ""Lake Carol"", ""country"": ""Slovenia"", ""is_primary"": false}, {""street"": ""5834 Reed Road"", ""city"": ""Mckinneymouth"", ""country"": ""Malta"", ""is_primary"": false}, {""street"": ""014 Carroll Inlet Suite 770"", ""city"": ""Elizabethside"", ""country"": ""Bulgaria"", ""is_primary"": false}]","{""age"": 41, ""department"": ""HR"", ""salary"": 97438.56, ""skills"": [""Sub"", ""Dealer""]}","[{""type"": ""edit"", ""timestamp"": ""2025-10-12T04:45:02""}, {""type"": ""edit"", ""timestamp"": ""2025-05-07T14:45:15""}]"
658,Jason Estrada,diane37@example.net,"[""whatever"", ""sell"", ""focus"", ""fish"", ""determine""]","[{""street"": ""859 Suarez Prairie Apt. 555"", ""city"": ""Jenningsmouth"", ""country"": ""Angola"", ""is_primary"": true}, {""street"": ""2636 Frazier Key"", ""city"": ""Lawrencebury"", ""country"": ""Micronesia"", ""is_primary"": false}]","{""age"": 22, ""department"": ""Marketing"", ""salary"": 98396.87, ""skills"": [""Police officer"", ""Higher education lecturer""]}","[{""type"": ""edit"", ""timestamp"": ""2025-09-22T06:47:33""}]"
659,Jeffrey Beck,carrieklein@example.net,"[""building"", ""all""]","[{""street"": ""750 Moreno Harbor Suite 871"", ""city"": ""Jenniferville"", ""country"": ""Venezuela"", ""is_primary"": true}]","{""age"": 63, ""department"": ""Finance"", ""salary"": 135564.21, ""skills"": [""Hydrologist"", ""Air cabin crew"", ""Public librarian"", ""Barista""]}",[]
660,Ryan Jackson,mcrawford@example.net,"[""never"", ""impact"", ""cell"", ""say""]","[{""street"": ""438 Gates Turnpike Apt. 101"", ""city"": ""Berryhaven"", ""country"": ""British Indian Ocean Territory (Chagos Archipelago)"", ""is_primary"": true}, {""street"": ""8850 Coleman Knolls"", ""city"": ""Loganhaven"", ""country"": ""Holy See (Vatican City State)"", ""is_primary"": false}]","{""age"": 61, ""department"": ""Engineering"", ""salary"": 149251.12, ""skills"": [""Estate manager/land agent"", ""Set designer""]}","[{""type"": ""edit"", ""timestamp"": ""2025-10-12T09:33:31""}]"
661,Maria Miller,thomassydney@example.com,"[""visit"", ""lot"", ""share""]","[{""street"": ""93871 Stephen Springs Suite 009"", ""city"": ""East Krystal"", ""country"": ""Anguilla"", ""is_primary"": true}, {""street"": ""7622 Jodi Way Apt. 074"", ""city"": ""Port Toniberg"", ""country"": ""Micronesia"", ""is_primary"": false}, {""street"": ""3280 Patricia Knoll"", ""city"": ""Wigginsmouth"", ""country"": ""Taiwan"", ""is_primary"": true}]","{""age"": 32, ""department"": ""Marketing"", ""salary"": 115750.75, ""skills"": [""Social research officer, government""]}","[{""type"": ""view"", ""timestamp"": ""2025-05-24T22:14:36""}, {""type"": ""view"", ""timestamp"": ""2025-03-31T12:29:05""}, {""type"": ""login"", ""timestamp"": ""2025-05-16T12:36:04""}]"
662,Wesley Moss,cvaughn@example.org,"[""act"", ""tend"", ""human"", ""finish""]","[{""street"": ""76767 Heather Parkways Apt. 778"", ""city"": ""Judyburgh"", ""country"": ""Malaysia"", ""is_primary"": false}, {""street"": ""61624 Emily Camp"", ""city"": ""South Charles"", ""country"": ""Jordan"", ""is_primary"": false}, {""street"": ""030 Short Pine"", ""city"": ""Lake Mary"", ""country"": ""Morocco"", ""is_primary"": true}]","{""age"": 20, ""department"": ""Sales"", ""salary"": 45731.97, ""skills"": [""Public house manager"", ""Sales promotion account executive"", ""Illustrator""]}","[{""type"": ""purchase"", ""amount"": 706.51, ""currency"": ""USD""}, {""type"": ""purchase"", ""amount"": 941.35, ""currency"": ""USD""}]"
663,Jessica Perkins,michellerussell@example.net,"[""discussion"", ""official"", ""real"", ""own"", ""cost""]","[{""street"": ""47557 Brown Dale Apt. 150"", ""city"": ""Houstonview"", ""country"": ""Solomon Islands"", ""is_primary"": true}, {""street"": ""0053 Kimberly Roads Suite 806"", ""city"": ""Williamville"", ""country"": ""Uruguay"", ""is_primary"": true}, {""street"": ""404 Collins Common"", ""city"": ""Lindsayberg"", ""country"": ""Fiji"", ""is_primary"": false}]","{""age"": 36, ""department"": ""Sales"", ""salary"": 130683.05, ""skills"": [""Water quality scientist""]}","[{""type"": ""login"", ""timestamp"": ""2025-06-21T09:08:53""}, {""type"": ""edit"", ""timestamp"": ""2025-02-15T06:05:14""}]"
664,Christopher Green,hodgesbrandon@example.net,"[""west"", ""direction""]","[{""street"": ""32153 Kyle Place Apt. 916"", ""city"": ""South Lucas"", ""country"": ""Trinidad and Tobago"", ""is_primary"": false}]","{""age"": 32, ""department"": ""Sales"", ""salary"": 39076.05, ""skills"": [""Fine artist""]}","[{""type"": ""login"", ""timestamp"": ""2025-09-06T21:59:20""}]"
665,Monica Parks,coryshannon@example.net,"[""soldier"", ""home"", ""Republican""]","[{""street"": ""37143 Paul Isle"", ""city"": ""New Vicki"", ""country"": ""Saint Vincent and the Grenadines"", ""is_primary"": false}, {""street"": ""75772 Garrett Burgs Apt. 216"", ""city"": ""Samanthaport"", ""country"": ""Lithuania"", ""is_primary"": false}, {""street"": ""088 Choi Bypass"", ""city"": ""Smithfurt"", ""country"": ""Bahamas"", ""is_primary"": true}]","{""age"": 44, ""department"": ""HR"", ""salary"": 94166.57, ""skills"": [""Dentist""]}","[{""type"": ""view"", ""timestamp"": ""2025-07-13T03:27:31""}, {""type"": ""edit"", ""timestamp"": ""2025-06-13T09:10:02""}]"
666,Amy Fleming,david22@example.com,"[""how"", ""heart""]","[{""street"": ""523 Parks Ville Suite 413"", ""city"": ""North Johnfort"", ""country"": ""Eritrea"", ""is_primary"": false}, {""street"": ""7261 Kristina Mission"", ""city"": ""South Stephanieburgh"", ""country"": ""Nigeria"", ""is_primary"": true}, {""street"": ""618 Solomon Vista Suite 099"", ""city"": ""West Jessica"", ""country"": ""Pakistan"", ""is_primary"": true}]","{""age"": 20, ""department"": ""Sales"", ""salary"": 48293.56, ""skills"": [""Engineer, site""]}","[{""type"": ""edit"", ""timestamp"": ""2025-03-13T07:45:14""}]"
667,Amy Carter,cantrellnicholas@example.net,"[""understand"", ""according"", ""still""]","[{""street"": ""929 Jeremiah Track"", ""city"": ""Cruzside"", ""country"": ""Saint Vincent and the Grenadines"", ""is_primary"": true}]","{""age"": 19, ""department"": ""Marketing"", ""salary"": 45352.61, ""skills"": [""Marine scientist""]}","[{""type"": ""purchase"", ""amount"": 491.83, ""currency"": ""USD""}, {""type"": ""login"", ""timestamp"": ""2025-02-07T10:41:16""}, {""type"": ""login"", ""timestamp"": ""2025-01-26T14:30:47""}]"
668,Tanya Cunningham,johnsonadam@example.net,"[""democratic"", ""religious"", ""fill"", ""explain""]","[{""street"": ""129 Brent Village Suite 340"", ""city"": ""Waltonview"", ""country"": ""Falkland Islands (Malvinas)"", ""is_primary"": true}, {""street"": ""198 Villarreal Alley"", ""city"": ""West Steven"", ""country"": ""Andorra"", ""is_primary"": false}]","{""age"": 63, ""department"": ""Engineering"", ""salary"": 42978.98, ""skills"": [""Sports coach"", ""Scientist, research (medical)"", ""Prison officer"", ""Consulting civil engineer""]}","[{""type"": ""purchase"", ""amount"": 984.31, ""currency"": ""GBP""}, {""type"": ""login"", ""timestamp"": ""2025-10-19T13:41:29""}, {""type"": ""login"", ""timestamp"": ""2025-04-03T05:20:31""}]"
669,Timothy Hall,keithjones@example.org,"[""professional"", ""billion"", ""see"", ""best"", ""technology""]","[{""street"": ""98212 James Walks Suite 984"", ""city"": ""Jonesland"", ""country"": ""Greece"", ""is_primary"": false}, {""street"": ""682 Cabrera Prairie Apt. 442"", ""city"": ""South Cody"", ""country"": ""Niue"", ""is_primary"": true}]","{""age"": 52, ""department"": ""Finance"", ""salary"": 95365.23, ""skills"": [""Lighting technician, broadcasting/film/video"", ""Structural engineer""]}","[{""type"": ""view"", ""timestamp"": ""2025-04-08T07:28:18""}, {""type"": ""login"", ""timestamp"": ""2025-07-25T15:00:38""}]"
670,Margaret Larson,xnewton@example.com,"[""drug"", ""term""]","[{""street"": ""14020 Acosta Hills"", ""city"": ""South Tyler"", ""country"": ""Singapore"", ""is_primary"": true}]","{""age"": 37, ""department"": ""Finance"", ""salary"": 88488.45, ""skills"": [""Copywriter, advertising"", ""Designer, television/film set""]}","[{""type"": ""view"", ""timestamp"": ""2025-08-22T16:48:51""}, {""type"": ""edit"", ""timestamp"": ""2025-09-17T12:12:13""}, {""type"": ""purchase"", ""amount"": 424.45, ""currency"": ""GBP""}]"
671,Jody Faulkner,sharon58@example.com,"[""enough"", ""life"", ""score""]","[{""street"": ""527 Katherine Light"", ""city"": ""New Alan"", ""country"": ""Cameroon"", ""is_primary"": true}, {""street"": ""5612 Foley Crest"", ""city"": ""Jorgeshire"", ""country"": ""Saint Pierre and Miquelon"", ""is_primary"": false}]","{""age"": 66, ""department"": ""HR"", ""salary"": 55171.22, ""skills"": [""Geologist, wellsite"", ""Production manager"", ""Programmer, applications"", ""Chief Marketing Officer""]}",[]
672,William Thompson,eriksanders@example.org,"[""rate"", ""agent"", ""war"", ""against""]","[{""street"": ""547 Leach Fall"", ""city"": ""Lake Cassandra"", ""country"": ""Saint Martin"", ""is_primary"": true}, {""street"": ""24787 Santos Trace Suite 737"", ""city"": ""New Edwardshire"", ""country"": ""Liberia"", ""is_primary"": true}, {""street"": ""6361 Christopher Point"", ""city"": ""Port Michaelhaven"", ""country"": ""Eritrea"", ""is_primary"": false}]","{""age"": 46, ""department"": ""Finance"", ""salary"": 127455.25, ""skills"": [""Chemical engineer"", ""Journalist, magazine"", ""Orthoptist"", ""Associate Professor""]}","[{""type"": ""login"", ""timestamp"": ""2025-10-02T17:59:11""}, {""type"": ""view"", ""timestamp"": ""2025-08-12T08:31:36""}, {""type"": ""login"", ""timestamp"": ""2025-10-27T01:53:20""}]"
673,Charles Gregory,rhendricks@example.org,"[""address"", ""ball"", ""operation""]","[{""street"": ""52980 Morris Islands"", ""city"": ""East Larryburgh"", ""country"": ""Nigeria"", ""is_primary"": true}]","{""age"": 64, ""department"": ""Engineering"", ""salary"": 43198.44, ""skills"": [""Sports coach""]}","[{""type"": ""view"", ""timestamp"": ""2025-06-25T21:36:19""}, {""type"": ""login"", ""timestamp"": ""2025-04-10T01:43:04""}, {""type"": ""view"", ""timestamp"": ""2025-10-12T06:25:50""}]"
674,Mary Moore,heatherorozco@example.com,"[""word"", ""pull"", ""race"", ""manage"", ""pass""]","[{""street"": ""5370 Pearson Street Apt. 656"", ""city"": ""North Timothy"", ""country"": ""Gabon"", ""is_primary"": true}]","{""age"": 46, ""department"": ""Engineering"", ""salary"": 125347.37, ""skills"": [""Water quality scientist"", ""Water quality scientist""]}","[{""type"": ""view"", ""timestamp"": ""2025-01-02T11:01:41""}]"
675,Kenneth Liu,christopher59@example.org,"[""bad"", ""what"", ""beyond""]","[{""street"": ""3575 Curtis Prairie"", ""city"": ""Christopherport"", ""country"": ""Cambodia"", ""is_primary"": true}, {""street"": ""5011 Kelly Ferry Suite 258"", ""city"": ""New Anthonyhaven"", ""country"": ""Lithuania"", ""is_primary"": false}]","{""age"": 79, ""department"": ""Finance"", ""salary"": 124118.53, ""skills"": [""Marine scientist"", ""Therapist, occupational""]}","[{""type"": ""view"", ""timestamp"": ""2025-10-16T16:30:06""}]"
676,Trevor Reese,jgibson@example.net,"[""church"", ""seat"", ""threat""]","[{""street"": ""92288 Rodriguez Tunnel"", ""city"": ""South Zacharymouth"", ""country"": ""Heard Island and McDonald Islands"", ""is_primary"": true}, {""street"": ""6976 Myers Underpass"", ""city"": ""South Connie"", ""country"": ""United States of America"", ""is_primary"": false}]","{""age"": 55, ""department"": ""Finance"", ""salary"": 92686.36, ""skills"": [""Scientist, water quality"", ""Prison officer"", ""Sport and exercise psychologist"", ""Chief Operating Officer""]}","[{""type"": ""view"", ""timestamp"": ""2025-02-23T08:49:58""}]"
677,Sheri Smith,phamsusan@example.com,"[""response"", ""short""]","[{""street"": ""5858 Joshua Curve Suite 884"", ""city"": ""Catherinehaven"", ""country"": ""Andorra"", ""is_primary"": true}, {""street"": ""20330 Key Center"", ""city"": ""Travismouth"", ""country"": ""Kyrgyz Republic"", ""is_primary"": false}]","{""age"": 29, ""department"": ""Marketing"", ""salary"": 63539.88, ""skills"": [""Paediatric nurse"", ""Theatre manager"", ""Librarian, academic"", ""Financial manager""]}","[{""type"": ""view"", ""timestamp"": ""2025-03-07T06:29:57""}, {""type"": ""edit"", ""timestamp"": ""2025-01-23T14:49:42""}]"
678,Julia Fisher,batestasha@example.com,"[""police"", ""office"", ""me""]","[{""street"": ""780 Cynthia Lock Suite 031"", ""city"": ""South Nicolemouth"", ""country"": ""Bhutan"", ""is_primary"": false}, {""street"": ""9484 Maria Inlet Suite 739"", ""city"": ""Thompsonmouth"", ""country"": ""Tanzania"", ""is_primary"": false}]","{""age"": 58, ""department"": ""Finance"", ""salary"": 34527.68, ""skills"": [""Press sub""]}","[{""type"": ""edit"", ""timestamp"": ""2025-09-23T12:42:06""}, {""type"": ""view"", ""timestamp"": ""2025-03-28T22:17:51""}, {""type"": ""login"", ""timestamp"": ""2025-07-27T13:49:31""}]"
679,Christopher Holmes,lmartin@example.org,"[""detail"", ""change"", ""my"", ""personal"", ""member""]","[{""street"": ""948 Angela Creek"", ""city"": ""Port Jennifer"", ""country"": ""Marshall Islands"", ""is_primary"": true}, {""street"": ""705 Diaz Flats"", ""city"": ""Palmerfort"", ""country"": ""Ireland"", ""is_primary"": true}, {""street"": ""1731 Villarreal Branch Suite 050"", ""city"": ""West Stephen"", ""country"": ""Korea"", ""is_primary"": true}]","{""age"": 56, ""department"": ""Marketing"", ""salary"": 139903.98, ""skills"": [""Telecommunications researcher""]}","[{""type"": ""login"", ""timestamp"": ""2025-05-11T03:20:56""}]"
680,Kim Anthony,xgallagher@example.net,"[""side"", ""take"", ""individual"", ""matter"", ""side""]","[{""street"": ""9787 Emily Trail Suite 451"", ""city"": ""Reeseview"", ""country"": ""American Samoa"", ""is_primary"": false}, {""street"": ""9142 Laura Glen"", ""city"": ""Lake Susan"", ""country"": ""Svalbard & Jan Mayen Islands"", ""is_primary"": false}]","{""age"": 70, ""department"": ""Sales"", ""salary"": 128172.07, ""skills"": [""Planning and development surveyor""]}",[]
681,Kevin Anderson,ronald76@example.org,"[""fast"", ""instead""]","[{""street"": ""1081 James Station"", ""city"": ""Liuchester"", ""country"": ""Kyrgyz Republic"", ""is_primary"": true}]","{""age"": 38, ""department"": ""HR"", ""salary"": 129710.72, ""skills"": [""Estate manager/land agent""]}","[{""type"": ""edit"", ""timestamp"": ""2025-06-02T02:37:40""}, {""type"": ""purchase"", ""amount"": 370.16, ""currency"": ""GBP""}, {""type"": ""edit"", ""timestamp"": ""2025-03-24T08:32:21""}]"
682,Terry Buckley,matthew93@example.org,"[""goal"", ""single"", ""head"", ""effort"", ""scientist""]","[{""street"": ""8377 Hardy Freeway"", ""city"": ""Jocelynstad"", ""country"": ""Albania"", ""is_primary"": true}, {""street"": ""485 Jessica Shores"", ""city"": ""Stacymouth"", ""country"": ""Comoros"", ""is_primary"": true}]","{""age"": 68, ""department"": ""Sales"", ""salary"": 100145.39, ""skills"": [""Psychiatrist"", ""Toxicologist"", ""Herbalist""]}","[{""type"": ""purchase"", ""amount"": 729.44, ""currency"": ""EUR""}, {""type"": ""edit"", ""timestamp"": ""2025-08-08T22:30:33""}, {""type"": ""view"", ""timestamp"": ""2025-10-08T05:33:56""}]"
683,Vincent Collins,imartinez@example.org,"[""window"", ""produce"", ""brother"", ""strategy"", ""man""]","[{""street"": ""99211 Mitchell Branch Apt. 322"", ""city"": ""Port Danielleport"", ""country"": ""Andorra"", ""is_primary"": false}, {""street"": ""8743 Barbara Passage"", ""city"": ""West Robertmouth"", ""country"": ""Portugal"", ""is_primary"": true}, {""street"": ""9607 Green Light"", ""city"": ""South Hannah"", ""country"": ""Austria"", ""is_primary"": true}]","{""age"": 65, ""department"": ""Finance"", ""salary"": 46475.95, ""skills"": [""Engineer, manufacturing""]}","[{""type"": ""edit"", ""timestamp"": ""2025-01-19T01:32:34""}, {""type"": ""view"", ""timestamp"": ""2025-07-13T19:02:04""}, {""type"": ""purchase"", ""amount"": 102.12, ""currency"": ""GBP""}]"
684,Jeffrey Pena,xsandoval@example.org,"[""could"", ""story"", ""ask""]","[{""street"": ""133 Dillon Turnpike"", ""city"": ""Michaelchester"", ""country"": ""Ecuador"", ""is_primary"": true}]","{""age"": 47, ""department"": ""Marketing"", ""salary"": 37811.55, ""skills"": [""Broadcast journalist"", ""Press photographer"", ""Civil Service administrator""]}","[{""type"": ""login"", ""timestamp"": ""2025-10-19T09:56:38""}, {""type"": ""login"", ""timestamp"": ""2025-07-04T07:04:44""}, {""type"": ""edit"", ""timestamp"": ""2025-10-21T20:36:27""}]"
685,Lisa Edwards DDS,tamara21@example.org,"[""ground"", ""doctor"", ""garden""]","[{""street"": ""38193 Jessica Curve"", ""city"": ""East Noah"", ""country"": ""Reunion"", ""is_primary"": true}, {""street"": ""9177 French View Suite 138"", ""city"": ""Drakeland"", ""country"": ""Cote d'Ivoire"", ""is_primary"": true}, {""street"": ""33435 Stone Hill"", ""city"": ""Mauricechester"", ""country"": ""Madagascar"", ""is_primary"": false}]","{""age"": 47, ""department"": ""HR"", ""salary"": 113121.4, ""skills"": [""Systems developer"", ""Radio broadcast assistant""]}","[{""type"": ""purchase"", ""amount"": 198.11, ""currency"": ""USD""}]"
686,Shelley Hawkins,awebster@example.com,"[""one"", ""throw""]","[{""street"": ""0629 Amy Divide Suite 331"", ""city"": ""Petersonshire"", ""country"": ""Sierra Leone"", ""is_primary"": false}]","{""age"": 29, ""department"": ""HR"", ""salary"": 41512.55, ""skills"": [""Ranger/warden"", ""Economist""]}","[{""type"": ""view"", ""timestamp"": ""2025-02-03T14:45:54""}]"
687,Christina Mclaughlin,ashleyroberts@example.net,"[""benefit"", ""defense"", ""fish"", ""claim"", ""development""]","[{""street"": ""8295 Shannon Shores Suite 667"", ""city"": ""East Heidiport"", ""country"": ""Saint Pierre and Miquelon"", ""is_primary"": false}, {""street"": ""31079 Bass River"", ""city"": ""North Williamland"", ""country"": ""Niue"", ""is_primary"": true}]","{""age"": 25, ""department"": ""Finance"", ""salary"": 103037.49, ""skills"": [""Sound technician, broadcasting/film/video"", ""Optometrist"", ""Publishing copy"", ""Midwife""]}",[]
688,Kelly Wilkerson,aprice@example.net,"[""full"", ""forward"", ""century""]","[{""street"": ""9242 Keith Corner"", ""city"": ""South Jason"", ""country"": ""Burundi"", ""is_primary"": true}, {""street"": ""26513 Martin Springs Suite 324"", ""city"": ""Lisamouth"", ""country"": ""Guatemala"", ""is_primary"": false}]","{""age"": 74, ""department"": ""Marketing"", ""salary"": 33592.35, ""skills"": [""Merchandiser, retail"", ""Emergency planning/management officer"", ""Financial manager"", ""Customer service manager""]}",[]
689,Mark Patterson,pross@example.org,"[""ago"", ""enjoy"", ""think"", ""although""]","[{""street"": ""564 Aaron Fall Suite 104"", ""city"": ""Cannonside"", ""country"": ""Yemen"", ""is_primary"": true}]","{""age"": 40, ""department"": ""HR"", ""salary"": 58700.87, ""skills"": [""Diagnostic radiographer"", ""Chiropractor"", ""Designer, industrial/product"", ""Programmer, systems""]}",[]
690,Jasmine Wagner,rebeccapetersen@example.net,"[""statement"", ""company"", ""think"", ""religious"", ""officer""]","[{""street"": ""786 Walter Throughway Suite 350"", ""city"": ""Port Michelleland"", ""country"": ""Vanuatu"", ""is_primary"": true}, {""street"": ""426 Melissa Drives Suite 737"", ""city"": ""New Teresa"", ""country"": ""Greenland"", ""is_primary"": true}]","{""age"": 20, ""department"": ""HR"", ""salary"": 106365.51, ""skills"": [""Medical laboratory scientific officer"", ""Engineer, materials"", ""Scientist, marine""]}","[{""type"": ""edit"", ""timestamp"": ""2025-03-24T08:29:08""}, {""type"": ""purchase"", ""amount"": 153.21, ""currency"": ""USD""}, {""type"": ""purchase"", ""amount"": 56.82, ""currency"": ""GBP""}]"
691,Alan White,obaker@example.org,"[""lawyer"", ""behavior"", ""no""]","[{""street"": ""69958 Robert Meadow"", ""city"": ""Port Jillmouth"", ""country"": ""Costa Rica"", ""is_primary"": true}, {""street"": ""54084 Ryan Row Apt. 916"", ""city"": ""Randytown"", ""country"": ""Nigeria"", ""is_primary"": true}, {""street"": ""44972 Melissa Wall Suite 226"", ""city"": ""Christopherland"", ""country"": ""Rwanda"", ""is_primary"": true}]","{""age"": 32, ""department"": ""Finance"", ""salary"": 109160.42, ""skills"": [""Chartered legal executive (England and Wales)"", ""Sales professional, IT"", ""Trade union research officer"", ""Automotive engineer""]}","[{""type"": ""purchase"", ""amount"": 345.01, ""currency"": ""EUR""}, {""type"": ""login"", ""timestamp"": ""2025-02-25T19:22:06""}, {""type"": ""view"", ""timestamp"": ""2025-02-17T19:34:27""}]"
692,Sharon Fry,samanthamercer@example.com,"[""purpose"", ""structure""]","[{""street"": ""76862 Ebony Field Suite 257"", ""city"": ""North Amber"", ""country"": ""Grenada"", ""is_primary"": false}, {""street"": ""015 Annette Crossroad Suite 475"", ""city"": ""Lawsonmouth"", ""country"": ""Moldova"", ""is_primary"": true}, {""street"": ""7252 Matthew Mall"", ""city"": ""Port Michael"", ""country"": ""France"", ""is_primary"": true}]","{""age"": 70, ""department"": ""Engineering"", ""salary"": 64029.24, ""skills"": [""Engineer, biomedical"", ""Psychologist, forensic"", ""Publishing copy"", ""Insurance broker""]}","[{""type"": ""login"", ""timestamp"": ""2025-04-17T03:53:51""}]"
693,Jeffery Wilson,hardingerin@example.net,"[""approach"", ""car"", ""play"", ""consider"", ""let""]","[{""street"": ""272 Carr Crescent Apt. 275"", ""city"": ""Perezside"", ""country"": ""Isle of Man"", ""is_primary"": false}, {""street"": ""676 Danielle Stravenue"", ""city"": ""Lynchton"", ""country"": ""Tonga"", ""is_primary"": true}]","{""age"": 74, ""department"": ""Sales"", ""salary"": 82490.45, ""skills"": [""Scientist, research (life sciences)""]}","[{""type"": ""login"", ""timestamp"": ""2025-01-30T16:12:41""}]"
694,Anita Weiss,changkaren@example.net,"[""animal"", ""cultural"", ""hit""]","[{""street"": ""592 Davenport Flats Suite 285"", ""city"": ""Hermanmouth"", ""country"": ""Benin"", ""is_primary"": true}, {""street"": ""377 Charles Court"", ""city"": ""Brooksburgh"", ""country"": ""Uzbekistan"", ""is_primary"": true}]","{""age"": 61, ""department"": ""Sales"", ""salary"": 45781.62, ""skills"": [""Metallurgist"", ""Horticultural therapist"", ""Nurse, mental health"", ""Electrical engineer""]}","[{""type"": ""view"", ""timestamp"": ""2025-06-21T04:13:01""}]"
695,Christopher Miller,brandyhill@example.com,"[""girl"", ""edge"", ""practice"", ""Congress"", ""all""]","[{""street"": ""80822 Hunter Hollow"", ""city"": ""Lake Jim"", ""country"": ""Vietnam"", ""is_primary"": false}, {""street"": ""0397 Estes Lane Suite 657"", ""city"": ""North Philip"", ""country"": ""Greenland"", ""is_primary"": false}, {""street"": ""506 Burke Cliffs Suite 323"", ""city"": ""New Tracymouth"", ""country"": ""Comoros"", ""is_primary"": false}]","{""age"": 26, ""department"": ""Marketing"", ""salary"": 49890.08, ""skills"": [""Broadcast engineer"", ""Environmental health practitioner""]}",[]
696,Cheryl Gutierrez,daniel39@example.net,"[""true"", ""hospital"", ""huge"", ""product"", ""grow""]","[{""street"": ""00080 Marshall Key Suite 805"", ""city"": ""Aaronland"", ""country"": ""Martinique"", ""is_primary"": true}, {""street"": ""183 John Causeway Suite 474"", ""city"": ""New Lindafort"", ""country"": ""British Virgin Islands"", ""is_primary"": false}]","{""age"": 24, ""department"": ""Finance"", ""salary"": 79142.01, ""skills"": [""Therapist, drama"", ""Research officer, government"", ""Television floor manager""]}","[{""type"": ""purchase"", ""amount"": 746.7, ""currency"": ""USD""}]"
697,Alan Flynn,stoneamy@example.net,"[""big"", ""actually""]","[{""street"": ""4242 James Loaf"", ""city"": ""Charleston"", ""country"": ""Mozambique"", ""is_primary"": true}, {""street"": ""9499 Elizabeth Mission"", ""city"": ""West Christinaport"", ""country"": ""Libyan Arab Jamahiriya"", ""is_primary"": true}]","{""age"": 46, ""department"": ""HR"", ""salary"": 45302.84, ""skills"": [""Interior and spatial designer"", ""Interpreter""]}","[{""type"": ""edit"", ""timestamp"": ""2025-07-09T07:56:43""}, {""type"": ""edit"", ""timestamp"": ""2025-01-07T07:27:12""}]"
698,Kimberly Robinson,nward@example.org,"[""left"", ""close""]","[{""street"": ""78000 Zachary Estates Suite 892"", ""city"": ""Kristenhaven"", ""country"": ""Morocco"", ""is_primary"": false}]","{""age"": 65, ""department"": ""HR"", ""salary"": 147022.4, ""skills"": [""Accounting technician"", ""Amenity horticulturist"", ""Therapist, music""]}","[{""type"": ""purchase"", ""amount"": 133.68, ""currency"": ""EUR""}]"
699,Mary Martin,kristindiaz@example.net,"[""event"", ""east"", ""evidence"", ""fight"", ""write""]","[{""street"": ""2218 Charles Corners"", ""city"": ""Proctorview"", ""country"": ""Heard Island and McDonald Islands"", ""is_primary"": false}, {""street"": ""8155 Moore Trace Suite 568"", ""city"": ""New Eric"", ""country"": ""Serbia"", ""is_primary"": false}, {""street"": ""2268 Alexis Rest"", ""city"": ""East Brett"", ""country"": ""Reunion"", ""is_primary"": true}]","{""age"": 52, ""department"": ""Marketing"", ""salary"": 44539.51, ""skills"": [""Armed forces technical officer""]}","[{""type"": ""purchase"", ""amount"": 625.79, ""currency"": ""EUR""}, {""type"": ""login"", ""timestamp"": ""2025-03-14T23:20:59""}]"
700,Russell Duffy,jason37@example.net,"[""can"", ""cause"", ""check""]","[{""street"": ""718 Eric Path"", ""city"": ""Brockside"", ""country"": ""Panama"", ""is_primary"": false}, {""street"": ""572 Gwendolyn Estates"", ""city"": ""Bethport"", ""country"": ""Egypt"", ""is_primary"": false}]","{""age"": 52, ""department"": ""Engineering"", ""salary"": 54420.25, ""skills"": [""Consulting civil engineer"", ""Office manager""]}","[{""type"": ""edit"", ""timestamp"": ""2025-01-14T13:49:10""}, {""type"": ""view"", ""timestamp"": ""2025-08-20T17:15:21""}]"
701,Michael Macdonald,timothy77@example.net,"[""maybe"", ""resource"", ""certainly"", ""traditional""]","[{""street"": ""31138 Craig Route Suite 092"", ""city"": ""Joelfurt"", ""country"": ""French Polynesia"", ""is_primary"": true}, {""street"": ""924 Amy Overpass Apt. 415"", ""city"": ""Port Anthony"", ""country"": ""Angola"", ""is_primary"": true}, {""street"": ""199 Rodriguez Manor Apt. 333"", ""city"": ""Thomasport"", ""country"": ""Israel"", ""is_primary"": false}]","{""age"": 46, ""department"": ""Sales"", ""salary"": 139094.77, ""skills"": [""IT sales professional"", ""IT consultant""]}","[{""type"": ""purchase"", ""amount"": 877.12, ""currency"": ""GBP""}]"
702,Shane Powell,mnelson@example.com,"[""keep"", ""tell"", ""position""]","[{""street"": ""7178 Davis Shores Suite 824"", ""city"": ""Mcgeeville"", ""country"": ""Egypt"", ""is_primary"": true}, {""street"": ""82196 Tanner Mission Suite 324"", ""city"": ""North Angelachester"", ""country"": ""Norway"", ""is_primary"": true}, {""street"": ""5865 Kevin Port Apt. 585"", ""city"": ""Matthewton"", ""country"": ""Suriname"", ""is_primary"": true}]","{""age"": 28, ""department"": ""Finance"", ""salary"": 114076.64, ""skills"": [""Psychologist, counselling""]}","[{""type"": ""edit"", ""timestamp"": ""2025-10-06T14:23:34""}]"
703,Charles Simmons,fsingh@example.com,"[""worry"", ""everyone"", ""trade""]","[{""street"": ""0767 Christopher Place Suite 981"", ""city"": ""Robertburgh"", ""country"": ""United Arab Emirates"", ""is_primary"": false}]","{""age"": 49, ""department"": ""HR"", ""salary"": 147590.84, ""skills"": [""Lexicographer"", ""Speech and language therapist""]}","[{""type"": ""login"", ""timestamp"": ""2025-05-22T18:32:11""}]"
704,Elizabeth Patel,shelby52@example.org,"[""entire"", ""where""]","[{""street"": ""750 Nolan Stream Suite 062"", ""city"": ""Wyattfort"", ""country"": ""Albania"", ""is_primary"": true}, {""street"": ""43730 Michelle Forks Apt. 167"", ""city"": ""South Madeline"", ""country"": ""San Marino"", ""is_primary"": true}]","{""age"": 54, ""department"": ""Finance"", ""salary"": 89879.73, ""skills"": [""Technical author"", ""Clinical cytogeneticist"", ""Estate manager/land agent"", ""Buyer, retail""]}","[{""type"": ""login"", ""timestamp"": ""2025-02-10T03:23:47""}, {""type"": ""view"", ""timestamp"": ""2025-09-12T09:21:23""}, {""type"": ""edit"", ""timestamp"": ""2025-07-24T18:09:46""}]"
705,Andrew Lambert,cathyjohnson@example.org,"[""difference"", ""discover"", ""no"", ""difficult"", ""class""]","[{""street"": ""759 Turner Passage Suite 571"", ""city"": ""Alisonville"", ""country"": ""North Macedonia"", ""is_primary"": true}, {""street"": ""40889 Jeff Rest"", ""city"": ""Jameschester"", ""country"": ""Guam"", ""is_primary"": false}, {""street"": ""13723 Davis Shore"", ""city"": ""Payneshire"", ""country"": ""Pitcairn Islands"", ""is_primary"": false}]","{""age"": 53, ""department"": ""Finance"", ""salary"": 146066.25, ""skills"": [""Geologist, engineering""]}","[{""type"": ""view"", ""timestamp"": ""2025-08-09T11:54:32""}]"
706,Chad Lawrence,adrian86@example.com,"[""fear"", ""alone"", ""return"", ""inside"", ""top""]","[{""street"": ""35167 Colon Ports"", ""city"": ""North James"", ""country"": ""Mongolia"", ""is_primary"": true}, {""street"": ""26507 Brown Wells Apt. 462"", ""city"": ""Millerbury"", ""country"": ""Aruba"", ""is_primary"": true}]","{""age"": 55, ""department"": ""Marketing"", ""salary"": 117622.52, ""skills"": [""Programmer, applications""]}","[{""type"": ""login"", ""timestamp"": ""2025-03-23T23:06:33""}, {""type"": ""edit"", ""timestamp"": ""2025-05-29T17:32:27""}]"
707,Ashley White,qstewart@example.org,"[""box"", ""price"", ""step"", ""reduce""]","[{""street"": ""27662 Simpson Ferry"", ""city"": ""Josephland"", ""country"": ""Zambia"", ""is_primary"": true}]","{""age"": 48, ""department"": ""Sales"", ""salary"": 134691.87, ""skills"": [""Solicitor, Scotland"", ""Recruitment consultant"", ""Freight forwarder"", ""Museum/gallery curator""]}",[]
708,Philip Hoffman,sphillips@example.net,"[""say"", ""defense"", ""prevent""]","[{""street"": ""9207 Brittany Place Suite 588"", ""city"": ""Johnburgh"", ""country"": ""Iran"", ""is_primary"": false}, {""street"": ""99211 Thomas Fork"", ""city"": ""New Alexa"", ""country"": ""Mexico"", ""is_primary"": false}]","{""age"": 55, ""department"": ""Engineering"", ""salary"": 113021.15, ""skills"": [""Furniture designer"", ""Geologist, engineering"", ""Biomedical scientist""]}","[{""type"": ""view"", ""timestamp"": ""2025-02-12T16:00:20""}]"
709,Andrew Lynch,bateswanda@example.net,"[""goal"", ""present"", ""adult"", ""administration"", ""newspaper""]","[{""street"": ""667 Chen Lock"", ""city"": ""North Rachel"", ""country"": ""Kazakhstan"", ""is_primary"": false}, {""street"": ""5036 Brown Flat Apt. 744"", ""city"": ""Lake Kyletown"", ""country"": ""Sri Lanka"", ""is_primary"": false}]","{""age"": 25, ""department"": ""Engineering"", ""salary"": 144928.32, ""skills"": [""Computer games developer""]}",[]
710,Sean Barr,gibbsbrandy@example.net,"[""have"", ""within"", ""in"", ""especially"", ""too""]","[{""street"": ""08971 Jennifer Junction"", ""city"": ""Stokesborough"", ""country"": ""Kiribati"", ""is_primary"": true}]","{""age"": 28, ""department"": ""Finance"", ""salary"": 33348.85, ""skills"": [""Scientist, biomedical"", ""Drilling engineer"", ""Surveyor, hydrographic"", ""Web designer""]}","[{""type"": ""purchase"", ""amount"": 415.1, ""currency"": ""GBP""}]"
711,Charles Kerr,michaelgreen@example.com,"[""thousand"", ""free""]","[{""street"": ""004 Pamela Isle Apt. 358"", ""city"": ""South Kristina"", ""country"": ""Tunisia"", ""is_primary"": true}, {""street"": ""2316 Crawford Underpass Suite 251"", ""city"": ""Coopershire"", ""country"": ""Hong Kong"", ""is_primary"": false}]","{""age"": 63, ""department"": ""HR"", ""salary"": 44992.9, ""skills"": [""Photographer"", ""Radio producer""]}","[{""type"": ""purchase"", ""amount"": 285.86, ""currency"": ""EUR""}, {""type"": ""purchase"", ""amount"": 581.07, ""currency"": ""GBP""}, {""type"": ""edit"", ""timestamp"": ""2025-01-16T09:02:08""}]"
712,Kim Wu,ssanchez@example.org,"[""modern"", ""pay""]","[{""street"": ""93983 Kevin Stream Suite 580"", ""city"": ""North Rachel"", ""country"": ""Madagascar"", ""is_primary"": true}]","{""age"": 71, ""department"": ""Finance"", ""salary"": 91960.53, ""skills"": [""Forest/woodland manager"", ""Chartered loss adjuster"", ""Engineer, technical sales"", ""Solicitor""]}",[]
713,Tammy Martin,llloyd@example.net,"[""mean"", ""among""]","[{""street"": ""7250 Julie Station Suite 265"", ""city"": ""Lake Brittanyfurt"", ""country"": ""Montenegro"", ""is_primary"": true}, {""street"": ""0514 Joseph Port Suite 488"", ""city"": ""Kempmouth"", ""country"": ""Djibouti"", ""is_primary"": false}, {""street"": ""8208 Alexis Brooks"", ""city"": ""Briannashire"", ""country"": ""Luxembourg"", ""is_primary"": true}]","{""age"": 44, ""department"": ""Sales"", ""salary"": 32681.16, ""skills"": [""Financial planner"", ""Buyer, retail"", ""Leisure centre manager""]}",[]
714,Kimberly Robles,coxaaron@example.org,"[""fight"", ""president"", ""drive""]","[{""street"": ""4159 Bass Curve Apt. 511"", ""city"": ""Tannerhaven"", ""country"": ""Montserrat"", ""is_primary"": false}]","{""age"": 35, ""department"": ""Marketing"", ""salary"": 55416.67, ""skills"": [""Primary school teacher"", ""Horticulturist, amenity"", ""Administrator, charities/voluntary organisations"", ""Colour technologist""]}",[]
715,Angela Estrada,chavezamber@example.org,"[""reduce"", ""high"", ""late""]","[{""street"": ""694 Ryan Shores"", ""city"": ""Courtneyside"", ""country"": ""Dominica"", ""is_primary"": true}]","{""age"": 47, ""department"": ""Sales"", ""salary"": 119429.09, ""skills"": [""Sales executive"", ""Newspaper journalist"", ""Civil engineer, consulting"", ""Electrical engineer""]}","[{""type"": ""purchase"", ""amount"": 123.27, ""currency"": ""GBP""}, {""type"": ""purchase"", ""amount"": 717.05, ""currency"": ""EUR""}]"
716,Matthew Cruz,shannonsteven@example.net,"[""class"", ""with"", ""why"", ""foreign"", ""concern""]","[{""street"": ""454 Simmons Mall Suite 982"", ""city"": ""South Margaret"", ""country"": ""Tajikistan"", ""is_primary"": true}, {""street"": ""119 Bradley Springs"", ""city"": ""New Jacqueline"", ""country"": ""Korea"", ""is_primary"": true}]","{""age"": 77, ""department"": ""Marketing"", ""salary"": 131350.72, ""skills"": [""Glass blower/designer"", ""Teacher, secondary school"", ""Equality and diversity officer""]}","[{""type"": ""edit"", ""timestamp"": ""2025-07-17T20:47:05""}]"
717,Jacqueline Ashley,leonscott@example.org,"[""system"", ""center""]","[{""street"": ""6403 Leslie Glen Suite 868"", ""city"": ""Davidchester"", ""country"": ""Korea"", ""is_primary"": true}]","{""age"": 23, ""department"": ""Sales"", ""salary"": 61977.86, ""skills"": [""Production assistant, television"", ""Medical secretary"", ""Scientist, audiological"", ""Warehouse manager""]}","[{""type"": ""view"", ""timestamp"": ""2025-01-18T11:59:48""}, {""type"": ""edit"", ""timestamp"": ""2025-09-24T17:26:12""}]"
718,Antonio Randolph,aporter@example.com,"[""significant"", ""happy"", ""sound"", ""difficult"", ""price""]","[{""street"": ""5189 Jason Parkway Suite 955"", ""city"": ""North Reginamouth"", ""country"": ""Pitcairn Islands"", ""is_primary"": false}]","{""age"": 34, ""department"": ""HR"", ""salary"": 56716.25, ""skills"": [""Chiropractor"", ""Financial manager""]}","[{""type"": ""view"", ""timestamp"": ""2025-04-07T23:00:53""}, {""type"": ""view"", ""timestamp"": ""2025-03-19T13:19:21""}, {""type"": ""login"", ""timestamp"": ""2025-05-10T07:10:11""}]"
719,Jennifer Williams,mackenziesawyer@example.com,"[""add"", ""write"", ""huge"", ""break""]","[{""street"": ""10702 Melanie Track"", ""city"": ""North Thomasbury"", ""country"": ""Cambodia"", ""is_primary"": true}]","{""age"": 28, ""department"": ""Finance"", ""salary"": 75489.67, ""skills"": [""Civil engineer, consulting"", ""Nurse, children's"", ""Fashion designer"", ""Audiological scientist""]}","[{""type"": ""view"", ""timestamp"": ""2025-06-06T21:41:42""}, {""type"": ""purchase"", ""amount"": 786.31, ""currency"": ""EUR""}]"
720,Emily Richardson,katherine19@example.org,"[""there"", ""approach""]","[{""street"": ""86489 Aguilar Garden"", ""city"": ""Port Jessicaton"", ""country"": ""Saint Vincent and the Grenadines"", ""is_primary"": false}, {""street"": ""65489 Jones Stream Apt. 345"", ""city"": ""Angelafort"", ""country"": ""Portugal"", ""is_primary"": false}, {""street"": ""27473 Jennifer Springs Suite 299"", ""city"": ""North Joshuaville"", ""country"": ""Lao People's Democratic Republic"", ""is_primary"": false}]","{""age"": 44, ""department"": ""Finance"", ""salary"": 89312.87, ""skills"": [""Human resources officer"", ""Orthoptist"", ""Multimedia programmer""]}",[]
721,Ralph Parrish,sarah41@example.org,"[""exactly"", ""summer""]","[{""street"": ""629 Joshua Springs"", ""city"": ""Victortown"", ""country"": ""Gambia"", ""is_primary"": false}, {""street"": ""50319 Anderson Forest"", ""city"": ""New Paulshire"", ""country"": ""Congo"", ""is_primary"": false}, {""street"": ""773 Bill View"", ""city"": ""Davisberg"", ""country"": ""Djibouti"", ""is_primary"": true}]","{""age"": 71, ""department"": ""Marketing"", ""salary"": 32432.69, ""skills"": [""Publishing rights manager""]}","[{""type"": ""view"", ""timestamp"": ""2025-02-15T02:42:46""}, {""type"": ""login"", ""timestamp"": ""2025-06-07T02:58:22""}]"
722,Brian Osborne,zsanders@example.org,"[""each"", ""technology""]","[{""street"": ""162 Curtis Freeway"", ""city"": ""South Donald"", ""country"": ""Angola"", ""is_primary"": false}]","{""age"": 65, ""department"": ""Sales"", ""salary"": 47284.42, ""skills"": [""Designer, interior/spatial"", ""Dramatherapist"", ""Hospital pharmacist""]}","[{""type"": ""view"", ""timestamp"": ""2025-06-05T22:40:07""}, {""type"": ""view"", ""timestamp"": ""2025-05-09T04:26:47""}, {""type"": ""edit"", ""timestamp"": ""2025-01-31T00:03:52""}]"
723,Felicia Morris,nashlinda@example.com,"[""push"", ""white"", ""more"", ""name""]","[{""street"": ""409 Bradley Track Suite 126"", ""city"": ""Dannymouth"", ""country"": ""Saudi Arabia"", ""is_primary"": false}, {""street"": ""333 Mayer Plains Suite 690"", ""city"": ""New Mariachester"", ""country"": ""Greenland"", ""is_primary"": true}]","{""age"": 33, ""department"": ""Sales"", ""salary"": 71471.03, ""skills"": [""Best boy""]}","[{""type"": ""login"", ""timestamp"": ""2025-08-03T08:10:22""}]"
724,Travis Lewis,ashlee43@example.com,"[""fly"", ""whether""]","[{""street"": ""77168 Potts Falls Suite 584"", ""city"": ""Millerside"", ""country"": ""Uzbekistan"", ""is_primary"": true}, {""street"": ""85151 Ricky Path"", ""city"": ""Dunnshire"", ""country"": ""Lao People's Democratic Republic"", ""is_primary"": false}]","{""age"": 66, ""department"": ""Finance"", ""salary"": 112518.81, ""skills"": [""Computer games developer"", ""Video editor"", ""Operations geologist"", ""Sport and exercise psychologist""]}","[{""type"": ""edit"", ""timestamp"": ""2025-06-20T05:17:27""}]"
725,Vincent Glenn,hendrixdavid@example.com,"[""chance"", ""adult"", ""effect"", ""her"", ""truth""]","[{""street"": ""3968 Elizabeth Loop"", ""city"": ""Nataliefurt"", ""country"": ""India"", ""is_primary"": true}]","{""age"": 64, ""department"": ""HR"", ""salary"": 43240.01, ""skills"": [""Cartographer"", ""Research officer, political party"", ""Presenter, broadcasting""]}",[]
726,Sherry Wilson,timothysmith@example.org,"[""east"", ""attack"", ""eye"", ""water""]","[{""street"": ""1866 Baker Camp Suite 569"", ""city"": ""Hayesfurt"", ""country"": ""Tuvalu"", ""is_primary"": false}, {""street"": ""903 Lisa Dale Suite 357"", ""city"": ""New Danielberg"", ""country"": ""Belarus"", ""is_primary"": false}, {""street"": ""7180 Ayers Harbor Apt. 300"", ""city"": ""Griffinview"", ""country"": ""Burundi"", ""is_primary"": false}]","{""age"": 46, ""department"": ""Sales"", ""salary"": 118962.28, ""skills"": [""Science writer"", ""Multimedia programmer"", ""Lexicographer"", ""Estate manager/land agent""]}",[]
727,Justin Larson,tracy26@example.com,"[""commercial"", ""own"", ""I"", ""design""]","[{""street"": ""56302 Jacqueline Path Apt. 232"", ""city"": ""Lake Jonathan"", ""country"": ""Serbia"", ""is_primary"": false}]","{""age"": 77, ""department"": ""Finance"", ""salary"": 95356.68, ""skills"": [""Bonds trader"", ""Community arts worker"", ""Equality and diversity officer"", ""Production assistant, television""]}","[{""type"": ""view"", ""timestamp"": ""2025-06-26T20:01:51""}, {""type"": ""edit"", ""timestamp"": ""2025-05-01T08:55:28""}, {""type"": ""edit"", ""timestamp"": ""2025-09-24T07:14:52""}]"
728,Alexis Jones,stephensjoan@example.org,"[""more"", ""bank"", ""side"", ""receive"", ""onto""]","[{""street"": ""040 Heather Mountains Suite 189"", ""city"": ""New Ryanborough"", ""country"": ""Lebanon"", ""is_primary"": false}, {""street"": ""488 Roberts Burg Suite 630"", ""city"": ""Randalltown"", ""country"": ""Mexico"", ""is_primary"": true}]","{""age"": 26, ""department"": ""Sales"", ""salary"": 66157.75, ""skills"": [""Community education officer"", ""Operational researcher""]}","[{""type"": ""login"", ""timestamp"": ""2025-02-24T01:37:52""}]"
729,Christina Barajas,christina48@example.com,"[""particularly"", ""available"", ""defense""]","[{""street"": ""93895 Thompson Knoll Suite 550"", ""city"": ""Lawrencemouth"", ""country"": ""Aruba"", ""is_primary"": false}, {""street"": ""8064 Walker Views Suite 475"", ""city"": ""East Diane"", ""country"": ""Norfolk Island"", ""is_primary"": false}, {""street"": ""712 Baird Ramp Apt. 490"", ""city"": ""North Michael"", ""country"": ""Montenegro"", ""is_primary"": true}]","{""age"": 39, ""department"": ""Sales"", ""salary"": 90709.2, ""skills"": [""Chief Marketing Officer"", ""Civil Service fast streamer"", ""Physicist, medical""]}","[{""type"": ""purchase"", ""amount"": 883.88, ""currency"": ""USD""}]"
730,Laura Nguyen,mackenziewilkins@example.org,"[""language"", ""coach"", ""any"", ""wide"", ""spring""]","[{""street"": ""666 Craig Locks Apt. 020"", ""city"": ""Nelsonville"", ""country"": ""British Virgin Islands"", ""is_primary"": true}, {""street"": ""666 Nathan Forge Suite 254"", ""city"": ""East Emilyview"", ""country"": ""Samoa"", ""is_primary"": true}, {""street"": ""84004 Brittney Turnpike Apt. 555"", ""city"": ""Kathrynport"", ""country"": ""Martinique"", ""is_primary"": true}]","{""age"": 79, ""department"": ""Marketing"", ""salary"": 85207.13, ""skills"": [""Chiropodist"", ""Editorial assistant"", ""Therapist, occupational"", ""Clinical cytogeneticist""]}","[{""type"": ""edit"", ""timestamp"": ""2025-07-12T08:25:41""}, {""type"": ""login"", ""timestamp"": ""2025-08-25T00:28:44""}]"
731,Lee Sims,powellcassandra@example.net,"[""bit"", ""possible"", ""understand"", ""energy""]","[{""street"": ""9817 Tanya Trail"", ""city"": ""Sotoborough"", ""country"": ""Lithuania"", ""is_primary"": false}, {""street"": ""82499 Charles Creek Apt. 050"", ""city"": ""Lake Joycebury"", ""country"": ""Central African Republic"", ""is_primary"": true}]","{""age"": 52, ""department"": ""Sales"", ""salary"": 67351.58, ""skills"": [""Higher education careers adviser"", ""Engineer, control and instrumentation"", ""Database administrator""]}","[{""type"": ""purchase"", ""amount"": 446.12, ""currency"": ""USD""}, {""type"": ""purchase"", ""amount"": 618.88, ""currency"": ""GBP""}]"
732,Rachel Bryant,aphillips@example.com,"[""newspaper"", ""wrong"", ""offer""]","[{""street"": ""160 Davis Pines Suite 157"", ""city"": ""Mcbridemouth"", ""country"": ""Cote d'Ivoire"", ""is_primary"": true}, {""street"": ""76158 Brown Creek"", ""city"": ""Ramirezchester"", ""country"": ""Papua New Guinea"", ""is_primary"": true}]","{""age"": 67, ""department"": ""Sales"", ""salary"": 47595.7, ""skills"": [""Magazine features editor"", ""Commercial art gallery manager"", ""Hydrogeologist""]}",[]
733,Alexa Banks,jeffrey88@example.com,"[""small"", ""explain"", ""and"", ""stuff"", ""past""]","[{""street"": ""5852 Carson Rapids"", ""city"": ""Carolbury"", ""country"": ""Svalbard & Jan Mayen Islands"", ""is_primary"": false}, {""street"": ""44278 Jeremiah Circle Suite 813"", ""city"": ""West Monicafurt"", ""country"": ""Poland"", ""is_primary"": true}, {""street"": ""991 Lloyd Harbor Apt. 394"", ""city"": ""Robinsonport"", ""country"": ""Saudi Arabia"", ""is_primary"": false}]","{""age"": 31, ""department"": ""Sales"", ""salary"": 45123.22, ""skills"": [""Occupational hygienist"", ""Psychologist, occupational"", ""Paramedic""]}","[{""type"": ""edit"", ""timestamp"": ""2025-09-27T12:02:40""}, {""type"": ""purchase"", ""amount"": 191.44, ""currency"": ""GBP""}]"
734,Casey Lewis,hmurillo@example.net,"[""million"", ""develop"", ""ground""]","[{""street"": ""206 Laura Causeway Apt. 682"", ""city"": ""Port Keith"", ""country"": ""Cuba"", ""is_primary"": false}, {""street"": ""40985 White Springs Apt. 153"", ""city"": ""Bridgesland"", ""country"": ""Jordan"", ""is_primary"": true}, {""street"": ""08246 Brown Hill Apt. 560"", ""city"": ""Ericksonport"", ""country"": ""Cayman Islands"", ""is_primary"": true}]","{""age"": 55, ""department"": ""Marketing"", ""salary"": 146816.23, ""skills"": [""Herpetologist""]}",[]
735,Roy Glass,williamrojas@example.net,"[""determine"", ""fast"", ""administration""]","[{""street"": ""9615 Jensen Stravenue"", ""city"": ""Williamsside"", ""country"": ""Dominican Republic"", ""is_primary"": true}]","{""age"": 44, ""department"": ""Finance"", ""salary"": 117657.49, ""skills"": [""Editor, film/video"", ""Cabin crew""]}","[{""type"": ""purchase"", ""amount"": 812.73, ""currency"": ""EUR""}]"
736,Victoria Gilbert,marktaylor@example.com,"[""want"", ""finish""]","[{""street"": ""509 Carey Trail Apt. 690"", ""city"": ""Williammouth"", ""country"": ""Burkina Faso"", ""is_primary"": false}, {""street"": ""50973 Peter Cove Apt. 848"", ""city"": ""Dodsonbury"", ""country"": ""Tonga"", ""is_primary"": false}]","{""age"": 63, ""department"": ""Sales"", ""salary"": 95070.99, ""skills"": [""Midwife"", ""Senior tax professional/tax inspector"", ""Health and safety inspector""]}","[{""type"": ""edit"", ""timestamp"": ""2025-05-06T23:50:30""}, {""type"": ""edit"", ""timestamp"": ""2025-06-19T03:29:53""}]"
737,Julie Garcia,samantha57@example.org,"[""difficult"", ""development""]","[{""street"": ""853 Stafford Mountains Suite 602"", ""city"": ""South Johnhaven"", ""country"": ""Lebanon"", ""is_primary"": true}, {""street"": ""31293 Oconnor Spur"", ""city"": ""Garymouth"", ""country"": ""Saint Lucia"", ""is_primary"": false}]","{""age"": 22, ""department"": ""Engineering"", ""salary"": 99206.09, ""skills"": [""Psychotherapist, child"", ""Development worker, international aid""]}",[]
738,Brandon Lloyd,hannah58@example.com,"[""loss"", ""region""]","[{""street"": ""06271 Cisneros Via"", ""city"": ""Anthonymouth"", ""country"": ""Gabon"", ""is_primary"": true}, {""street"": ""61613 Berg Fields"", ""city"": ""North Sheena"", ""country"": ""Saint Pierre and Miquelon"", ""is_primary"": false}]","{""age"": 58, ""department"": ""Sales"", ""salary"": 87081.9, ""skills"": [""Scientist, clinical (histocompatibility and immunogenetics)"", ""Waste management officer""]}",[]
739,William Ellis,xwilson@example.org,"[""beautiful"", ""life"", ""not"", ""season"", ""skin""]","[{""street"": ""489 Miller Branch"", ""city"": ""East Brianna"", ""country"": ""Cook Islands"", ""is_primary"": false}, {""street"": ""49100 Robert Extension"", ""city"": ""Port Kelly"", ""country"": ""Cayman Islands"", ""is_primary"": true}]","{""age"": 65, ""department"": ""Engineering"", ""salary"": 74864.89, ""skills"": [""Writer""]}","[{""type"": ""purchase"", ""amount"": 19.82, ""currency"": ""EUR""}, {""type"": ""login"", ""timestamp"": ""2025-01-14T04:03:43""}]"
740,Kristen Torres,marissamay@example.net,"[""myself"", ""although"", ""stuff"", ""onto"", ""idea""]","[{""street"": ""028 Andrew Bridge Suite 530"", ""city"": ""Danamouth"", ""country"": ""Switzerland"", ""is_primary"": false}, {""street"": ""749 Bell Islands Suite 112"", ""city"": ""Tanyaville"", ""country"": ""Benin"", ""is_primary"": true}, {""street"": ""541 Nicolas Mountains Suite 228"", ""city"": ""Johnhaven"", ""country"": ""Algeria"", ""is_primary"": false}]","{""age"": 25, ""department"": ""Finance"", ""salary"": 56117.5, ""skills"": [""Surveyor, commercial/residential"", ""Magazine journalist""]}","[{""type"": ""view"", ""timestamp"": ""2025-09-08T18:41:53""}]"
741,Nicole Gonzalez,laura95@example.org,"[""market"", ""on""]","[{""street"": ""7289 Crawford Haven"", ""city"": ""North Kyle"", ""country"": ""Kazakhstan"", ""is_primary"": false}, {""street"": ""96815 Peters Crossing"", ""city"": ""North Susanbury"", ""country"": ""Greece"", ""is_primary"": false}]","{""age"": 21, ""department"": ""HR"", ""salary"": 65339.32, ""skills"": [""Hospital pharmacist"", ""Field trials officer"", ""Pensions consultant""]}","[{""type"": ""purchase"", ""amount"": 985.99, ""currency"": ""USD""}, {""type"": ""view"", ""timestamp"": ""2025-09-21T21:58:20""}]"
742,Heather Li,susanreid@example.org,"[""there"", ""bed"", ""company"", ""still"", ""budget""]","[{""street"": ""080 Alex Fords Suite 557"", ""city"": ""Bowmanshire"", ""country"": ""Syrian Arab Republic"", ""is_primary"": true}, {""street"": ""61913 Tony Vista Suite 629"", ""city"": ""West Paulaside"", ""country"": ""Yemen"", ""is_primary"": true}, {""street"": ""72089 Amanda Bypass Apt. 315"", ""city"": ""East Jillbury"", ""country"": ""Philippines"", ""is_primary"": true}]","{""age"": 65, ""department"": ""HR"", ""salary"": 57399.58, ""skills"": [""Research scientist (life sciences)"", ""Exhibitions officer, museum/gallery""]}",[]
743,Carrie Robinson,lisa55@example.org,"[""seek"", ""space"", ""star""]","[{""street"": ""33233 Chen Fort Apt. 114"", ""city"": ""East Ashleyland"", ""country"": ""Israel"", ""is_primary"": true}]","{""age"": 52, ""department"": ""Sales"", ""salary"": 105607.48, ""skills"": [""Meteorologist"", ""Water quality scientist"", ""Field trials officer""]}",[]
744,Brandon Powell,amanda72@example.org,"[""less"", ""them"", ""same""]","[{""street"": ""22063 Williams Valley"", ""city"": ""Hicksfurt"", ""country"": ""Togo"", ""is_primary"": false}]","{""age"": 33, ""department"": ""Marketing"", ""salary"": 71208.81, ""skills"": [""Garment/textile technologist""]}","[{""type"": ""edit"", ""timestamp"": ""2025-08-30T19:22:09""}, {""type"": ""login"", ""timestamp"": ""2025-09-22T16:09:19""}, {""type"": ""login"", ""timestamp"": ""2025-06-20T23:17:07""}]"
745,William Adams,jgarcia@example.com,"[""fill"", ""face"", ""social"", ""sort""]","[{""street"": ""867 Johnson Field Apt. 130"", ""city"": ""South Franciscoville"", ""country"": ""Poland"", ""is_primary"": true}, {""street"": ""675 Tyler Spur"", ""city"": ""Huntershire"", ""country"": ""Korea"", ""is_primary"": true}, {""street"": ""078 Patricia Island Apt. 753"", ""city"": ""Floresmouth"", ""country"": ""French Guiana"", ""is_primary"": true}]","{""age"": 19, ""department"": ""Engineering"", ""salary"": 83557.45, ""skills"": [""Event organiser""]}","[{""type"": ""edit"", ""timestamp"": ""2025-03-07T10:44:34""}, {""type"": ""view"", ""timestamp"": ""2025-10-18T14:52:09""}, {""type"": ""edit"", ""timestamp"": ""2025-08-05T22:06:08""}]"
746,Michael Freeman,gosborne@example.com,"[""machine"", ""wonder"", ""degree"", ""animal""]","[{""street"": ""576 Barnes Port"", ""city"": ""Mcclureland"", ""country"": ""Slovakia (Slovak Republic)"", ""is_primary"": false}]","{""age"": 65, ""department"": ""Finance"", ""salary"": 139959.9, ""skills"": [""Barrister""]}",[]
747,Jenna Clark,melissa13@example.net,"[""artist"", ""education"", ""democratic""]","[{""street"": ""00214 Seth Course Suite 425"", ""city"": ""Olsonchester"", ""country"": ""Liberia"", ""is_primary"": true}, {""street"": ""58216 Brenda Radial Suite 363"", ""city"": ""New Daniel"", ""country"": ""Botswana"", ""is_primary"": false}]","{""age"": 47, ""department"": ""Engineering"", ""salary"": 125488.39, ""skills"": [""Building services engineer""]}","[{""type"": ""edit"", ""timestamp"": ""2025-08-05T15:42:59""}, {""type"": ""view"", ""timestamp"": ""2025-02-21T14:23:56""}]"
748,Jessica Snyder,bullockjustin@example.org,"[""president"", ""smile"", ""develop""]","[{""street"": ""1378 Brown Wall Suite 382"", ""city"": ""East Kelly"", ""country"": ""Cuba"", ""is_primary"": true}]","{""age"": 56, ""department"": ""Marketing"", ""salary"": 123548.84, ""skills"": [""Midwife"", ""Designer, television/film set"", ""Runner, broadcasting/film/video"", ""Designer, television/film set""]}",[]
749,Lisa Smith,carterpatricia@example.com,"[""budget"", ""throw"", ""state""]","[{""street"": ""21381 Gardner Knoll Suite 773"", ""city"": ""East Michaelborough"", ""country"": ""Mexico"", ""is_primary"": false}, {""street"": ""701 Antonio Locks"", ""city"": ""Hallmouth"", ""country"": ""Myanmar"", ""is_primary"": true}]","{""age"": 47, ""department"": ""HR"", ""salary"": 58144.81, ""skills"": [""Manufacturing engineer""]}","[{""type"": ""purchase"", ""amount"": 305.84, ""currency"": ""GBP""}]"
750,Ashley Peterson,thomaspreston@example.org,"[""work"", ""thousand"", ""able""]","[{""street"": ""2454 Goodwin Pike"", ""city"": ""East Jennifer"", ""country"": ""Ireland"", ""is_primary"": false}, {""street"": ""9391 White Corner Suite 556"", ""city"": ""Juliafort"", ""country"": ""Dominica"", ""is_primary"": false}]","{""age"": 18, ""department"": ""HR"", ""salary"": 119632.01, ""skills"": [""Therapist, art""]}","[{""type"": ""edit"", ""timestamp"": ""2025-08-26T19:55:40""}, {""type"": ""login"", ""timestamp"": ""2025-01-24T19:06:07""}, {""type"": ""login"", ""timestamp"": ""2025-09-14T07:00:37""}]"
751,Matthew Swanson,adamsbrian@example.net,"[""wear"", ""wind"", ""high""]","[{""street"": ""251 Brian Passage"", ""city"": ""East Tinaville"", ""country"": ""Tuvalu"", ""is_primary"": false}, {""street"": ""8249 Karen Place"", ""city"": ""North Leahton"", ""country"": ""Jersey"", ""is_primary"": true}, {""street"": ""3829 Smith Fords Apt. 513"", ""city"": ""Port Jessicatown"", ""country"": ""Taiwan"", ""is_primary"": true}]","{""age"": 42, ""department"": ""HR"", ""salary"": 134921.56, ""skills"": [""Equities trader"", ""Ship broker""]}","[{""type"": ""login"", ""timestamp"": ""2025-04-29T08:17:08""}]"
752,Rachel Beard,amy98@example.com,"[""concern"", ""hospital"", ""have"", ""majority""]","[{""street"": ""209 Robert Orchard Apt. 247"", ""city"": ""New Ericville"", ""country"": ""New Caledonia"", ""is_primary"": false}, {""street"": ""28554 Alan Flats"", ""city"": ""Hendersonport"", ""country"": ""Northern Mariana Islands"", ""is_primary"": false}, {""street"": ""16256 Steven Divide Apt. 514"", ""city"": ""Rhodesburgh"", ""country"": ""Bangladesh"", ""is_primary"": false}]","{""age"": 40, ""department"": ""Sales"", ""salary"": 115453.91, ""skills"": [""Metallurgist"", ""Risk manager""]}",[]
753,Wesley Miller,pwilson@example.com,"[""tough"", ""dinner"", ""kid""]","[{""street"": ""40114 Chase Glens"", ""city"": ""West Lori"", ""country"": ""Djibouti"", ""is_primary"": true}, {""street"": ""524 Christine Harbors Apt. 353"", ""city"": ""West Kevinstad"", ""country"": ""France"", ""is_primary"": true}, {""street"": ""51429 Nancy Prairie"", ""city"": ""New Ashley"", ""country"": ""Cape Verde"", ""is_primary"": true}]","{""age"": 52, ""department"": ""HR"", ""salary"": 75680.73, ""skills"": [""Marketing executive"", ""Chartered certified accountant"", ""Local government officer"", ""Psychiatric nurse""]}","[{""type"": ""view"", ""timestamp"": ""2025-09-15T04:15:32""}, {""type"": ""view"", ""timestamp"": ""2025-06-01T02:32:42""}]"
754,Patricia Wilkinson,christianrichardson@example.org,"[""election"", ""mission"", ""knowledge"", ""itself""]","[{""street"": ""5955 Lee Springs"", ""city"": ""Zunigaborough"", ""country"": ""Sudan"", ""is_primary"": true}, {""street"": ""02044 Anderson Route"", ""city"": ""Weaverview"", ""country"": ""Kazakhstan"", ""is_primary"": false}]","{""age"": 27, ""department"": ""Engineering"", ""salary"": 89734.71, ""skills"": [""Teacher, secondary school"", ""Special effects artist"", ""Aid worker""]}","[{""type"": ""view"", ""timestamp"": ""2025-05-07T17:45:42""}, {""type"": ""edit"", ""timestamp"": ""2025-10-27T06:37:09""}, {""type"": ""purchase"", ""amount"": 650.85, ""currency"": ""EUR""}]"
755,Casey Frank,fowlerdana@example.com,"[""knowledge"", ""benefit""]","[{""street"": ""87336 Smith Knoll Apt. 016"", ""city"": ""Alexanderton"", ""country"": ""Haiti"", ""is_primary"": true}, {""street"": ""962 David Brook Apt. 928"", ""city"": ""North Jamesshire"", ""country"": ""Netherlands"", ""is_primary"": false}, {""street"": ""9683 Brown Parkways Apt. 500"", ""city"": ""West Lauren"", ""country"": ""Poland"", ""is_primary"": false}]","{""age"": 66, ""department"": ""Finance"", ""salary"": 56725.45, ""skills"": [""Equities trader"", ""Fitness centre manager""]}","[{""type"": ""edit"", ""timestamp"": ""2025-07-03T01:10:30""}, {""type"": ""edit"", ""timestamp"": ""2025-07-25T12:14:14""}, {""type"": ""login"", ""timestamp"": ""2025-05-25T11:53:50""}]"
756,Sarah Goodwin,xgibson@example.org,"[""tend"", ""left""]","[{""street"": ""230 Melissa Meadow Suite 697"", ""city"": ""Kellyport"", ""country"": ""Burundi"", ""is_primary"": true}, {""street"": ""131 Brown Manor"", ""city"": ""Isaacstad"", ""country"": ""Martinique"", ""is_primary"": true}]","{""age"": 41, ""department"": ""Sales"", ""salary"": 121645.51, ""skills"": [""Financial planner""]}",[]
757,Darren Wilson,hcarson@example.net,"[""us"", ""economy"", ""hold"", ""statement"", ""plant""]","[{""street"": ""959 Mark Road"", ""city"": ""Jenkinsside"", ""country"": ""Burkina Faso"", ""is_primary"": true}]","{""age"": 37, ""department"": ""HR"", ""salary"": 126139.83, ""skills"": [""Agricultural consultant"", ""Education officer, community""]}","[{""type"": ""edit"", ""timestamp"": ""2025-06-13T09:56:55""}, {""type"": ""purchase"", ""amount"": 863.76, ""currency"": ""USD""}]"
758,Brittney Moore,hoffmanshawn@example.net,"[""summer"", ""ability"", ""act"", ""build"", ""wind""]","[{""street"": ""89893 Bernard Green Apt. 387"", ""city"": ""Jacobfort"", ""country"": ""Ethiopia"", ""is_primary"": true}, {""street"": ""346 Carter Island"", ""city"": ""Garciafort"", ""country"": ""Sri Lanka"", ""is_primary"": false}]","{""age"": 43, ""department"": ""Sales"", ""salary"": 127573.27, ""skills"": [""Quarry manager"", ""Chartered certified accountant""]}","[{""type"": ""edit"", ""timestamp"": ""2025-06-15T23:13:56""}, {""type"": ""purchase"", ""amount"": 619.94, ""currency"": ""USD""}, {""type"": ""purchase"", ""amount"": 816.61, ""currency"": ""GBP""}]"
759,Angela Torres,cookaustin@example.com,"[""defense"", ""threat""]","[{""street"": ""27868 Taylor Hills"", ""city"": ""Markbury"", ""country"": ""Sao Tome and Principe"", ""is_primary"": true}, {""street"": ""1140 Katie Roads Suite 766"", ""city"": ""Francoville"", ""country"": ""South Africa"", ""is_primary"": false}, {""street"": ""659 Davis Brooks"", ""city"": ""South Dawnland"", ""country"": ""South Africa"", ""is_primary"": true}]","{""age"": 46, ""department"": ""Marketing"", ""salary"": 49223.09, ""skills"": [""Museum/gallery curator"", ""Programmer, systems"", ""Physiological scientist"", ""Magazine features editor""]}","[{""type"": ""login"", ""timestamp"": ""2025-06-01T17:39:49""}, {""type"": ""login"", ""timestamp"": ""2025-09-28T09:03:08""}]"
760,Colin Hartman,qmartin@example.org,"[""final"", ""sing"", ""shoulder""]","[{""street"": ""959 Evans Trail Apt. 354"", ""city"": ""East David"", ""country"": ""France"", ""is_primary"": false}, {""street"": ""98070 Alicia Light Apt. 916"", ""city"": ""Andrewville"", ""country"": ""Estonia"", ""is_primary"": true}]","{""age"": 65, ""department"": ""HR"", ""salary"": 105279.72, ""skills"": [""Chartered accountant""]}","[{""type"": ""login"", ""timestamp"": ""2025-04-13T23:28:35""}, {""type"": ""purchase"", ""amount"": 237.89, ""currency"": ""USD""}, {""type"": ""login"", ""timestamp"": ""2025-06-14T15:49:04""}]"
761,Daniel Garrett,alexandria23@example.org,"[""manage"", ""least""]","[{""street"": ""790 Jonathon Knoll Apt. 439"", ""city"": ""Elizabethborough"", ""country"": ""Argentina"", ""is_primary"": false}, {""street"": ""665 Martinez Underpass"", ""city"": ""Obrienfort"", ""country"": ""Slovenia"", ""is_primary"": false}]","{""age"": 79, ""department"": ""Sales"", ""salary"": 120425.16, ""skills"": [""Scientist, forensic""]}","[{""type"": ""edit"", ""timestamp"": ""2025-02-14T11:25:18""}, {""type"": ""edit"", ""timestamp"": ""2025-09-24T15:10:59""}, {""type"": ""purchase"", ""amount"": 756.26, ""currency"": ""GBP""}]"
762,Catherine Roy,collinskatherine@example.org,"[""life"", ""make"", ""field"", ""everyone""]","[{""street"": ""215 Susan Island Suite 137"", ""city"": ""North Richard"", ""country"": ""Germany"", ""is_primary"": false}, {""street"": ""49480 Caldwell Field Apt. 417"", ""city"": ""Smithland"", ""country"": ""Brazil"", ""is_primary"": true}, {""street"": ""089 Rebecca Summit Suite 242"", ""city"": ""South Erika"", ""country"": ""Mexico"", ""is_primary"": false}]","{""age"": 79, ""department"": ""Finance"", ""salary"": 99021.62, ""skills"": [""Chemical engineer""]}",[]
763,Tammy Henson,zhangmichelle@example.org,"[""coach"", ""job"", ""firm""]","[{""street"": ""32744 Sanchez Locks Apt. 512"", ""city"": ""Robertton"", ""country"": ""Nauru"", ""is_primary"": false}, {""street"": ""385 Gonzalez Crossroad Apt. 825"", ""city"": ""Alexismouth"", ""country"": ""Trinidad and Tobago"", ""is_primary"": true}]","{""age"": 21, ""department"": ""Marketing"", ""salary"": 31046.79, ""skills"": [""Meteorologist"", ""Chief Operating Officer"", ""Waste management officer"", ""Secondary school teacher""]}",[]
764,Nicholas Taylor,btorres@example.com,"[""attention"", ""need""]","[{""street"": ""48970 Blair Bridge"", ""city"": ""Johnsonborough"", ""country"": ""Venezuela"", ""is_primary"": true}]","{""age"": 33, ""department"": ""Marketing"", ""salary"": 47227.43, ""skills"": [""Designer, jewellery"", ""Lighting technician, broadcasting/film/video"", ""Teacher, early years/pre""]}","[{""type"": ""edit"", ""timestamp"": ""2025-02-18T18:40:31""}, {""type"": ""login"", ""timestamp"": ""2025-10-24T12:11:11""}, {""type"": ""purchase"", ""amount"": 886.57, ""currency"": ""EUR""}]"
765,James Gross,bedwards@example.com,"[""couple"", ""for"", ""specific""]","[{""street"": ""019 Richards Way"", ""city"": ""Port Tony"", ""country"": ""Australia"", ""is_primary"": true}, {""street"": ""35512 Freeman Ferry Apt. 112"", ""city"": ""Jeffreyport"", ""country"": ""France"", ""is_primary"": false}]","{""age"": 20, ""department"": ""HR"", ""salary"": 72552.69, ""skills"": [""Engineer, communications"", ""Magazine features editor"", ""Fish farm manager"", ""Clinical molecular geneticist""]}",[]
766,Jordan Callahan,patriciasingh@example.org,"[""throughout"", ""again"", ""bank"", ""just""]","[{""street"": ""541 Alexander Radial"", ""city"": ""Changport"", ""country"": ""Guinea"", ""is_primary"": true}]","{""age"": 37, ""department"": ""Sales"", ""salary"": 112445.09, ""skills"": [""Nurse, adult"", ""Quarry manager"", ""Corporate investment banker""]}","[{""type"": ""purchase"", ""amount"": 60.48, ""currency"": ""USD""}, {""type"": ""login"", ""timestamp"": ""2025-03-31T00:34:01""}]"
767,Lori Flores,crystal53@example.org,"[""at"", ""rule"", ""minute""]","[{""street"": ""96245 Ward Harbors Suite 194"", ""city"": ""Johnhaven"", ""country"": ""Macao"", ""is_primary"": true}]","{""age"": 71, ""department"": ""Marketing"", ""salary"": 85343.42, ""skills"": [""Clinical cytogeneticist"", ""Designer, jewellery"", ""Librarian, public""]}","[{""type"": ""purchase"", ""amount"": 541.38, ""currency"": ""EUR""}, {""type"": ""edit"", ""timestamp"": ""2025-08-28T09:22:34""}]"
768,Andrew Green,elizabeth87@example.net,"[""upon"", ""professional"", ""grow"", ""traditional"", ""wonder""]","[{""street"": ""241 James Key"", ""city"": ""West Amyhaven"", ""country"": ""North Macedonia"", ""is_primary"": false}, {""street"": ""593 Blackwell Greens"", ""city"": ""Johnfurt"", ""country"": ""Mozambique"", ""is_primary"": true}]","{""age"": 37, ""department"": ""Finance"", ""salary"": 37326.58, ""skills"": [""Records manager""]}",[]
769,Roger Smith,juarezdebra@example.com,"[""senior"", ""likely""]","[{""street"": ""215 Whitehead Bypass Apt. 734"", ""city"": ""New Kent"", ""country"": ""Cameroon"", ""is_primary"": true}, {""street"": ""54172 Johnson Dam Apt. 250"", ""city"": ""South Amberfurt"", ""country"": ""South Africa"", ""is_primary"": true}, {""street"": ""7538 Glenda Street Suite 776"", ""city"": ""Susanhaven"", ""country"": ""Nauru"", ""is_primary"": true}]","{""age"": 62, ""department"": ""Finance"", ""salary"": 39505.83, ""skills"": [""Conservation officer, historic buildings"", ""Technical sales engineer""]}","[{""type"": ""login"", ""timestamp"": ""2025-04-28T02:33:27""}, {""type"": ""login"", ""timestamp"": ""2025-09-04T09:51:08""}]"
770,Holly Spence,linda96@example.com,"[""method"", ""camera"", ""discover"", ""entire""]","[{""street"": ""4381 Nelson Points Apt. 106"", ""city"": ""South Tracy"", ""country"": ""Greece"", ""is_primary"": true}]","{""age"": 36, ""department"": ""Marketing"", ""salary"": 125135.28, ""skills"": [""Mental health nurse"", ""Scientist, research (maths)"", ""Make""]}","[{""type"": ""login"", ""timestamp"": ""2025-02-13T05:19:35""}]"
771,Justin Jackson,martinezlarry@example.net,"[""pay"", ""others""]","[{""street"": ""792 Nicholas Creek Suite 937"", ""city"": ""Whiteheadberg"", ""country"": ""Botswana"", ""is_primary"": true}, {""street"": ""40806 Kevin Manors"", ""city"": ""Seanland"", ""country"": ""Finland"", ""is_primary"": false}]","{""age"": 28, ""department"": ""Marketing"", ""salary"": 132321.9, ""skills"": [""Musician"", ""Chief Strategy Officer"", ""Museum/gallery curator"", ""Engineer, structural""]}","[{""type"": ""edit"", ""timestamp"": ""2025-08-30T00:18:06""}, {""type"": ""view"", ""timestamp"": ""2025-07-25T15:12:27""}]"
772,Brenda Chapman,qpotts@example.com,"[""skin"", ""fine"", ""Democrat"", ""tough""]","[{""street"": ""18746 Rivas Pine Apt. 703"", ""city"": ""Andersonberg"", ""country"": ""Niger"", ""is_primary"": false}, {""street"": ""45095 Hartman Squares Suite 402"", ""city"": ""Trevorshire"", ""country"": ""Vanuatu"", ""is_primary"": true}, {""street"": ""2935 Torres Mount"", ""city"": ""North Justinborough"", ""country"": ""Antarctica (the territory South of 60 deg S)"", ""is_primary"": false}]","{""age"": 60, ""department"": ""Engineering"", ""salary"": 126869.75, ""skills"": [""Osteopath"", ""Visual merchandiser"", ""Haematologist""]}","[{""type"": ""view"", ""timestamp"": ""2025-03-10T12:57:10""}]"
773,Mrs. Debra Rowe,silvabrian@example.com,"[""general"", ""performance"", ""carry"", ""spring"", ""thank""]","[{""street"": ""142 Howard Junctions"", ""city"": ""Cristinaport"", ""country"": ""Antigua and Barbuda"", ""is_primary"": true}, {""street"": ""5766 Mccoy Wall"", ""city"": ""Michaelland"", ""country"": ""Saint Pierre and Miquelon"", ""is_primary"": false}, {""street"": ""10427 Charles Field"", ""city"": ""Lake David"", ""country"": ""Kazakhstan"", ""is_primary"": false}]","{""age"": 46, ""department"": ""Marketing"", ""salary"": 50334.46, ""skills"": [""Product manager"", ""Mudlogger"", ""Optician, dispensing"", ""Civil Service administrator""]}","[{""type"": ""purchase"", ""amount"": 804.4, ""currency"": ""EUR""}]"
774,Kristine Jennings,sbradshaw@example.com,"[""hot"", ""support"", ""government"", ""investment""]","[{""street"": ""2266 Fox Mission"", ""city"": ""Michaeltown"", ""country"": ""Cameroon"", ""is_primary"": true}]","{""age"": 36, ""department"": ""Finance"", ""salary"": 57716.43, ""skills"": [""Charity officer"", ""Osteopath"", ""Meteorologist"", ""Occupational hygienist""]}","[{""type"": ""purchase"", ""amount"": 614.6, ""currency"": ""USD""}, {""type"": ""edit"", ""timestamp"": ""2025-10-05T07:01:11""}]"
775,Samantha Freeman,williamsjoshua@example.com,"[""billion"", ""TV""]","[{""street"": ""7988 Sheri Track Suite 926"", ""city"": ""Kimberlymouth"", ""country"": ""Cape Verde"", ""is_primary"": true}, {""street"": ""84816 Brown Trace"", ""city"": ""Lauratown"", ""country"": ""Zambia"", ""is_primary"": false}]","{""age"": 57, ""department"": ""Finance"", ""salary"": 86682.69, ""skills"": [""Librarian, public""]}","[{""type"": ""view"", ""timestamp"": ""2025-02-14T05:35:19""}, {""type"": ""view"", ""timestamp"": ""2025-03-15T07:18:44""}]"
776,Kelly Woods,ocarlson@example.com,"[""church"", ""thought"", ""six""]","[{""street"": ""5919 Freeman Well"", ""city"": ""Port David"", ""country"": ""Mozambique"", ""is_primary"": true}, {""street"": ""56316 Rebecca Wells Suite 452"", ""city"": ""East Travis"", ""country"": ""Serbia"", ""is_primary"": false}, {""street"": ""3060 Frances Course"", ""city"": ""Josephtown"", ""country"": ""Azerbaijan"", ""is_primary"": true}]","{""age"": 23, ""department"": ""Sales"", ""salary"": 87643.38, ""skills"": [""Production engineer""]}","[{""type"": ""view"", ""timestamp"": ""2025-10-14T21:13:49""}, {""type"": ""login"", ""timestamp"": ""2025-08-11T11:00:16""}, {""type"": ""purchase"", ""amount"": 522.88, ""currency"": ""USD""}]"
777,Richard Hernandez,maryjohnson@example.net,"[""rock"", ""practice"", ""service"", ""clearly"", ""right""]","[{""street"": ""628 Patrick Club"", ""city"": ""Gravesmouth"", ""country"": ""Israel"", ""is_primary"": false}, {""street"": ""365 Carpenter Square Apt. 454"", ""city"": ""West Anthonychester"", ""country"": ""Eritrea"", ""is_primary"": true}]","{""age"": 38, ""department"": ""Finance"", ""salary"": 46039.97, ""skills"": [""Product designer"", ""Theme park manager""]}","[{""type"": ""edit"", ""timestamp"": ""2025-06-25T03:45:09""}]"
778,Holly Shaw,williamstheresa@example.net,"[""customer"", ""this""]","[{""street"": ""15056 Jack Points Suite 959"", ""city"": ""New Josephfurt"", ""country"": ""Georgia"", ""is_primary"": true}, {""street"": ""343 Ethan Row"", ""city"": ""Bryantborough"", ""country"": ""Belarus"", ""is_primary"": true}, {""street"": ""983 Paige Valley Apt. 800"", ""city"": ""East Tylerfurt"", ""country"": ""Djibouti"", ""is_primary"": true}]","{""age"": 65, ""department"": ""Marketing"", ""salary"": 124187.92, ""skills"": [""Engineering geologist"", ""Press photographer"", ""Special effects artist"", ""Technical author""]}",[]
779,Matthew Michael,ryan26@example.net,"[""authority"", ""dog"", ""claim""]","[{""street"": ""7631 Mark Pines"", ""city"": ""South Debra"", ""country"": ""South Africa"", ""is_primary"": true}, {""street"": ""3757 Dylan Alley"", ""city"": ""Lake John"", ""country"": ""Wallis and Futuna"", ""is_primary"": true}, {""street"": ""23893 Kari Throughway Apt. 395"", ""city"": ""West Ericfurt"", ""country"": ""French Guiana"", ""is_primary"": true}]","{""age"": 80, ""department"": ""Sales"", ""salary"": 63927.01, ""skills"": [""Insurance broker"", ""Psychologist, prison and probation services"", ""Radiation protection practitioner"", ""Higher education careers adviser""]}","[{""type"": ""purchase"", ""amount"": 755.79, ""currency"": ""GBP""}]"
780,Richard Sullivan,williamreyes@example.org,"[""foreign"", ""agent""]","[{""street"": ""58675 Frederick Mews Apt. 938"", ""city"": ""New Bethburgh"", ""country"": ""Egypt"", ""is_primary"": false}, {""street"": ""87596 Martin Fords Suite 003"", ""city"": ""South Joetown"", ""country"": ""Guyana"", ""is_primary"": false}]","{""age"": 76, ""department"": ""Sales"", ""salary"": 133863.8, ""skills"": [""Cabin crew"", ""Animator"", ""Patent examiner""]}",[]
781,Jay Wiggins,megan69@example.com,"[""American"", ""so"", ""with"", ""sea"", ""produce""]","[{""street"": ""870 Holden Way"", ""city"": ""Zamoramouth"", ""country"": ""Japan"", ""is_primary"": false}, {""street"": ""22810 Fields Mill Apt. 619"", ""city"": ""Katelynport"", ""country"": ""Barbados"", ""is_primary"": false}]","{""age"": 52, ""department"": ""Finance"", ""salary"": 117188.09, ""skills"": [""Trade union research officer"", ""Further education lecturer"", ""Careers adviser"", ""Surveyor, planning and development""]}","[{""type"": ""purchase"", ""amount"": 925.24, ""currency"": ""GBP""}]"
782,Dr. Michael Madden MD,charlesjones@example.net,"[""have"", ""teacher"", ""kid""]","[{""street"": ""845 Vaughan Rapids Suite 190"", ""city"": ""Markport"", ""country"": ""Montenegro"", ""is_primary"": true}, {""street"": ""912 Mata Falls"", ""city"": ""Stoneville"", ""country"": ""Tonga"", ""is_primary"": true}]","{""age"": 33, ""department"": ""Sales"", ""salary"": 40486.26, ""skills"": [""Audiological scientist"", ""Psychologist, occupational""]}","[{""type"": ""login"", ""timestamp"": ""2025-01-03T15:49:43""}, {""type"": ""view"", ""timestamp"": ""2025-04-01T13:18:42""}]"
783,Mandy Ramos,zacharynguyen@example.com,"[""meet"", ""stay""]","[{""street"": ""1380 Joseph Grove Apt. 467"", ""city"": ""Sanchezbury"", ""country"": ""Saint Helena"", ""is_primary"": true}]","{""age"": 36, ""department"": ""Sales"", ""salary"": 82052.86, ""skills"": [""Police officer""]}","[{""type"": ""view"", ""timestamp"": ""2025-09-20T08:33:47""}]"
784,Emily Medina,marybarnes@example.org,"[""investment"", ""off""]","[{""street"": ""4385 Simmons Grove Apt. 883"", ""city"": ""Caseshire"", ""country"": ""Luxembourg"", ""is_primary"": true}]","{""age"": 52, ""department"": ""Finance"", ""salary"": 138051.57, ""skills"": [""Horticulturist, commercial"", ""Energy engineer"", ""Location manager""]}","[{""type"": ""purchase"", ""amount"": 737.57, ""currency"": ""EUR""}, {""type"": ""view"", ""timestamp"": ""2025-08-10T00:05:10""}]"
785,Kyle Riley,justin55@example.net,"[""later"", ""once"", ""how"", ""would"", ""different""]","[{""street"": ""348 Andrade Grove"", ""city"": ""Darrenstad"", ""country"": ""American Samoa"", ""is_primary"": false}, {""street"": ""71598 George Hills Apt. 338"", ""city"": ""Frankton"", ""country"": ""South Georgia and the South Sandwich Islands"", ""is_primary"": false}]","{""age"": 64, ""department"": ""Marketing"", ""salary"": 101505.54, ""skills"": [""Therapist, occupational"", ""Financial adviser"", ""Fine artist""]}","[{""type"": ""edit"", ""timestamp"": ""2025-01-26T09:45:04""}, {""type"": ""login"", ""timestamp"": ""2025-02-23T00:51:48""}, {""type"": ""login"", ""timestamp"": ""2025-01-21T15:54:21""}]"
786,David Thompson,runderwood@example.com,"[""area"", ""hold"", ""talk""]","[{""street"": ""603 Combs Junction"", ""city"": ""Barreraland"", ""country"": ""Sri Lanka"", ""is_primary"": false}]","{""age"": 31, ""department"": ""Sales"", ""salary"": 80010.26, ""skills"": [""Therapist, art"", ""Insurance risk surveyor"", ""Osteopath"", ""Ceramics designer""]}","[{""type"": ""purchase"", ""amount"": 179.38, ""currency"": ""USD""}]"
787,Stephen Lutz,shuber@example.com,"[""check"", ""most"", ""effect"", ""firm""]","[{""street"": ""44732 Sarah Harbors Suite 259"", ""city"": ""Dunlapmouth"", ""country"": ""Turkey"", ""is_primary"": true}, {""street"": ""392 Jackson Terrace Apt. 541"", ""city"": ""West Micheal"", ""country"": ""Congo"", ""is_primary"": false}, {""street"": ""468 Knight Islands Suite 396"", ""city"": ""Nathantown"", ""country"": ""Vietnam"", ""is_primary"": true}]","{""age"": 30, ""department"": ""Engineering"", ""salary"": 110090.34, ""skills"": [""Software engineer"", ""Production assistant, radio"", ""Secretary, company"", ""Oceanographer""]}",[]
788,Jennifer Pratt,fchen@example.org,"[""listen"", ""forward""]","[{""street"": ""22946 Ford Mission"", ""city"": ""Bowmanport"", ""country"": ""South Africa"", ""is_primary"": true}, {""street"": ""55174 Michael Place Apt. 084"", ""city"": ""East Marilyn"", ""country"": ""Slovenia"", ""is_primary"": false}, {""street"": ""5036 Kevin Key"", ""city"": ""South Zacharymouth"", ""country"": ""Puerto Rico"", ""is_primary"": true}]","{""age"": 57, ""department"": ""Finance"", ""salary"": 38740.21, ""skills"": [""Midwife"", ""Insurance risk surveyor"", ""Health and safety inspector"", ""Mental health nurse""]}",[]
789,Bridget Campbell,sierra66@example.org,"[""natural"", ""message""]","[{""street"": ""0687 Tamara Drive"", ""city"": ""Baldwinmouth"", ""country"": ""Burundi"", ""is_primary"": false}, {""street"": ""615 Stark Locks Apt. 522"", ""city"": ""South Andrea"", ""country"": ""Kazakhstan"", ""is_primary"": true}]","{""age"": 36, ""department"": ""Engineering"", ""salary"": 60180.8, ""skills"": [""Engineer, water"", ""Radiographer, diagnostic""]}",[]
790,Joseph Parks,angelaramirez@example.org,"[""hundred"", ""now""]","[{""street"": ""14718 James Radial"", ""city"": ""Edwardston"", ""country"": ""Czech Republic"", ""is_primary"": true}, {""street"": ""9772 Elizabeth Coves Apt. 991"", ""city"": ""Ortizberg"", ""country"": ""Nigeria"", ""is_primary"": false}]","{""age"": 71, ""department"": ""Engineering"", ""salary"": 131834.46, ""skills"": [""Bonds trader"", ""Scientist, physiological"", ""Best boy"", ""Doctor, general practice""]}","[{""type"": ""purchase"", ""amount"": 352.55, ""currency"": ""EUR""}]"
791,Donna Olson,lbeck@example.org,"[""industry"", ""example"", ""leave"", ""push""]","[{""street"": ""09754 David Highway"", ""city"": ""Pagemouth"", ""country"": ""Nigeria"", ""is_primary"": true}]","{""age"": 19, ""department"": ""Engineering"", ""salary"": 95107.24, ""skills"": [""Interpreter"", ""Doctor, general practice"", ""Petroleum engineer"", ""Publishing copy""]}","[{""type"": ""view"", ""timestamp"": ""2025-02-16T08:33:09""}, {""type"": ""purchase"", ""amount"": 807.67, ""currency"": ""GBP""}]"
792,Jonathan Alvarado,ysantos@example.net,"[""bar"", ""kind"", ""feel"", ""doctor"", ""citizen""]","[{""street"": ""81173 James Rue Apt. 737"", ""city"": ""Port Cassidy"", ""country"": ""Antarctica (the territory South of 60 deg S)"", ""is_primary"": true}, {""street"": ""85668 Bradshaw Fort Suite 397"", ""city"": ""Rhondaton"", ""country"": ""Senegal"", ""is_primary"": true}]","{""age"": 50, ""department"": ""Finance"", ""salary"": 126203.96, ""skills"": [""Photographer"", ""Nutritional therapist"", ""Engineer, drilling"", ""Programmer, multimedia""]}","[{""type"": ""edit"", ""timestamp"": ""2025-03-10T04:48:36""}]"
793,Thomas Berger,chavezkevin@example.org,"[""time"", ""movie"", ""change"", ""pass""]","[{""street"": ""301 Young Corners"", ""city"": ""Lake Dawnland"", ""country"": ""Saint Martin"", ""is_primary"": false}, {""street"": ""869 Tyler Station Suite 897"", ""city"": ""New Natasha"", ""country"": ""Eritrea"", ""is_primary"": false}]","{""age"": 29, ""department"": ""Marketing"", ""salary"": 65383.36, ""skills"": [""Barrister"", ""Surveyor, hydrographic"", ""Housing manager/officer"", ""Neurosurgeon""]}","[{""type"": ""view"", ""timestamp"": ""2025-09-22T09:21:00""}, {""type"": ""edit"", ""timestamp"": ""2025-06-14T07:40:16""}]"
794,Alexis Patterson MD,lisajuarez@example.com,"[""shoulder"", ""school""]","[{""street"": ""814 Bryant Junctions"", ""city"": ""New Monicaview"", ""country"": ""Micronesia"", ""is_primary"": true}, {""street"": ""75100 Michael Plains Suite 414"", ""city"": ""New Coreyview"", ""country"": ""Nigeria"", ""is_primary"": true}, {""street"": ""506 Robertson Fork"", ""city"": ""East William"", ""country"": ""Chile"", ""is_primary"": true}]","{""age"": 74, ""department"": ""Engineering"", ""salary"": 106510.57, ""skills"": [""Engineer, civil (contracting)"", ""Outdoor activities/education manager""]}","[{""type"": ""edit"", ""timestamp"": ""2025-01-02T19:00:06""}, {""type"": ""edit"", ""timestamp"": ""2025-07-26T18:23:03""}, {""type"": ""login"", ""timestamp"": ""2025-02-08T10:57:05""}]"
795,Donald Davis,wilsonamanda@example.com,"[""wall"", ""know"", ""year"", ""order"", ""ever""]","[{""street"": ""17219 Turner Trail"", ""city"": ""Andrewbury"", ""country"": ""American Samoa"", ""is_primary"": false}, {""street"": ""526 Mary Viaduct"", ""city"": ""North Jefferyview"", ""country"": ""Ireland"", ""is_primary"": false}]","{""age"": 69, ""department"": ""Sales"", ""salary"": 39329.82, ""skills"": [""Engineer, automotive"", ""Chemist, analytical"", ""Hydrographic surveyor""]}","[{""type"": ""edit"", ""timestamp"": ""2025-03-14T20:10:18""}]"
796,Gerald Huff,stewartholly@example.net,"[""about"", ""thing""]","[{""street"": ""6860 Sherri Walks Apt. 393"", ""city"": ""Jenniferbury"", ""country"": ""Cambodia"", ""is_primary"": true}, {""street"": ""499 Daniel Expressway"", ""city"": ""Johnsonburgh"", ""country"": ""Nepal"", ""is_primary"": true}]","{""age"": 22, ""department"": ""Sales"", ""salary"": 125043.63, ""skills"": [""Sales professional, IT"", ""Field seismologist""]}",[]
797,Kelly Thomas,robertsangela@example.org,"[""director"", ""machine"", ""in"", ""each"", ""author""]","[{""street"": ""393 Williams Creek"", ""city"": ""Perryburgh"", ""country"": ""French Polynesia"", ""is_primary"": false}, {""street"": ""550 Gonzales Rest"", ""city"": ""West Tammy"", ""country"": ""Burundi"", ""is_primary"": true}]","{""age"": 56, ""department"": ""Engineering"", ""salary"": 101436.18, ""skills"": [""Armed forces technical officer"", ""Doctor, general practice"", ""Investment banker, corporate"", ""Psychologist, sport and exercise""]}","[{""type"": ""edit"", ""timestamp"": ""2025-09-14T13:41:36""}, {""type"": ""view"", ""timestamp"": ""2025-04-10T21:37:20""}]"
798,Jose Webb,ortizcathy@example.com,"[""miss"", ""million""]","[{""street"": ""384 Laura Squares"", ""city"": ""Timothychester"", ""country"": ""Dominica"", ""is_primary"": true}, {""street"": ""75545 Cindy Green"", ""city"": ""Port Sarahhaven"", ""country"": ""United States of America"", ""is_primary"": false}, {""street"": ""568 Tracy Via Suite 095"", ""city"": ""West Paulmouth"", ""country"": ""Saint Pierre and Miquelon"", ""is_primary"": false}]","{""age"": 67, ""department"": ""HR"", ""salary"": 48868.81, ""skills"": [""Music tutor"", ""Surgeon"", ""Architectural technologist""]}","[{""type"": ""edit"", ""timestamp"": ""2025-01-06T19:21:46""}, {""type"": ""purchase"", ""amount"": 641.39, ""currency"": ""USD""}]"
799,Alec Boyd,tracybecker@example.com,"[""five"", ""player"", ""after"", ""wait""]","[{""street"": ""81831 Shane Trail Suite 153"", ""city"": ""Jonathanberg"", ""country"": ""French Southern Territories"", ""is_primary"": true}]","{""age"": 18, ""department"": ""HR"", ""salary"": 144027.82, ""skills"": [""Chartered management accountant"", ""Armed forces operational officer"", ""Personnel officer""]}",[]
800,Carlos Welch,wholloway@example.net,"[""against"", ""car"", ""mission""]","[{""street"": ""04390 Hill Centers"", ""city"": ""South Tinaton"", ""country"": ""Pakistan"", ""is_primary"": true}, {""street"": ""97064 Michelle Trail"", ""city"": ""North Douglas"", ""country"": ""Lithuania"", ""is_primary"": false}]","{""age"": 77, ""department"": ""Finance"", ""salary"": 43735.25, ""skills"": [""Engineer, technical sales""]}","[{""type"": ""login"", ""timestamp"": ""2025-01-13T15:14:54""}, {""type"": ""view"", ""timestamp"": ""2025-05-10T04:00:29""}, {""type"": ""edit"", ""timestamp"": ""2025-06-28T09:18:05""}]"
801,Mario Myers,kaylabrown@example.com,"[""result"", ""near"", ""also"", ""make"", ""matter""]","[{""street"": ""80858 Burke Ports Apt. 948"", ""city"": ""South Christinaville"", ""country"": ""Gabon"", ""is_primary"": true}]","{""age"": 37, ""department"": ""HR"", ""salary"": 69629.83, ""skills"": [""Armed forces logistics/support/administrative officer"", ""Engineer, agricultural"", ""Proofreader"", ""Therapist, occupational""]}","[{""type"": ""edit"", ""timestamp"": ""2025-01-17T20:16:31""}]"
802,Ashley Guerrero,james02@example.org,"[""pattern"", ""answer"", ""thank"", ""prove""]","[{""street"": ""657 Chase Villages"", ""city"": ""Jillianfurt"", ""country"": ""Egypt"", ""is_primary"": true}, {""street"": ""96686 Miller Isle"", ""city"": ""East Rebeccachester"", ""country"": ""Mauritania"", ""is_primary"": false}]","{""age"": 34, ""department"": ""Engineering"", ""salary"": 79908.62, ""skills"": [""Dentist"", ""Structural engineer"", ""Secretary, company""]}",[]
803,Cody Hicks,carlawhite@example.com,"[""in"", ""who"", ""success"", ""staff"", ""sport""]","[{""street"": ""091 Megan Crossing Apt. 158"", ""city"": ""Cobbville"", ""country"": ""United States Minor Outlying Islands"", ""is_primary"": true}]","{""age"": 21, ""department"": ""Marketing"", ""salary"": 42462.66, ""skills"": [""Diagnostic radiographer""]}","[{""type"": ""purchase"", ""amount"": 446.85, ""currency"": ""EUR""}, {""type"": ""login"", ""timestamp"": ""2025-09-15T11:41:26""}, {""type"": ""purchase"", ""amount"": 199.93, ""currency"": ""USD""}]"
804,Benjamin Cardenas,rogersnicholas@example.com,"[""film"", ""speak"", ""stage""]","[{""street"": ""377 Samantha Lane Suite 887"", ""city"": ""Staffordberg"", ""country"": ""Equatorial Guinea"", ""is_primary"": false}, {""street"": ""05679 Susan Walks Apt. 865"", ""city"": ""Port Randymouth"", ""country"": ""Malaysia"", ""is_primary"": true}]","{""age"": 23, ""department"": ""Sales"", ""salary"": 76617.04, ""skills"": [""Accountant, chartered management"", ""Operational researcher""]}","[{""type"": ""purchase"", ""amount"": 824.82, ""currency"": ""EUR""}, {""type"": ""login"", ""timestamp"": ""2025-06-07T07:30:11""}, {""type"": ""edit"", ""timestamp"": ""2025-06-06T13:54:01""}]"
805,Miguel Mueller,blakemelissa@example.org,"[""them"", ""case"", ""address"", ""while"", ""early""]","[{""street"": ""3997 Brown Bridge Apt. 364"", ""city"": ""Avilaborough"", ""country"": ""Togo"", ""is_primary"": false}, {""street"": ""75903 Russell Ways Apt. 919"", ""city"": ""East Michaelmouth"", ""country"": ""Taiwan"", ""is_primary"": false}]","{""age"": 22, ""department"": ""Marketing"", ""salary"": 94427.48, ""skills"": [""Social worker"", ""Geologist, engineering""]}",[]
806,Jason Hernandez,tara12@example.net,"[""finally"", ""assume"", ""seat"", ""start""]","[{""street"": ""543 Lopez Village Apt. 529"", ""city"": ""Flemingfurt"", ""country"": ""Netherlands Antilles"", ""is_primary"": true}]","{""age"": 80, ""department"": ""Engineering"", ""salary"": 136830.61, ""skills"": [""Retail manager"", ""Financial planner""]}","[{""type"": ""login"", ""timestamp"": ""2025-09-08T08:36:18""}]"
807,Mary Morales,zsims@example.net,"[""measure"", ""movement"", ""identify"", ""main"", ""activity""]","[{""street"": ""941 Deanna Curve Suite 797"", ""city"": ""Stephaniemouth"", ""country"": ""Senegal"", ""is_primary"": true}, {""street"": ""555 Fuller Garden Suite 123"", ""city"": ""Patrickberg"", ""country"": ""Cayman Islands"", ""is_primary"": false}]","{""age"": 19, ""department"": ""Finance"", ""salary"": 47635.29, ""skills"": [""Engineer, petroleum"", ""Chief Marketing Officer"", ""Financial adviser"", ""Social worker""]}","[{""type"": ""purchase"", ""amount"": 186.37, ""currency"": ""USD""}, {""type"": ""login"", ""timestamp"": ""2025-09-17T12:44:35""}, {""type"": ""login"", ""timestamp"": ""2025-07-05T16:53:15""}]"
808,Bobby Thomas,summer03@example.com,"[""couple"", ""first""]","[{""street"": ""5947 Cardenas Corners"", ""city"": ""Thompsonborough"", ""country"": ""Latvia"", ""is_primary"": false}, {""street"": ""5199 Brown Manor Suite 047"", ""city"": ""Lake David"", ""country"": ""Liberia"", ""is_primary"": true}, {""street"": ""362 Amber Shoals Suite 992"", ""city"": ""Jameshaven"", ""country"": ""Guam"", ""is_primary"": true}]","{""age"": 66, ""department"": ""Sales"", ""salary"": 70370.63, ""skills"": [""Administrator, local government""]}","[{""type"": ""view"", ""timestamp"": ""2025-07-02T02:05:23""}, {""type"": ""view"", ""timestamp"": ""2025-09-21T16:27:40""}, {""type"": ""purchase"", ""amount"": 23.77, ""currency"": ""GBP""}]"
809,Timothy Santos,brian14@example.org,"[""determine"", ""chair"", ""manage"", ""teacher""]","[{""street"": ""0804 Brandon Roads Apt. 115"", ""city"": ""Brendamouth"", ""country"": ""Honduras"", ""is_primary"": false}]","{""age"": 63, ""department"": ""Sales"", ""salary"": 62081.03, ""skills"": [""Medical illustrator"", ""Estate manager/land agent""]}","[{""type"": ""edit"", ""timestamp"": ""2025-03-29T01:10:30""}]"
810,John Jones,breanna09@example.net,"[""day"", ""voice"", ""tonight"", ""million""]","[{""street"": ""651 Paul Squares"", ""city"": ""New Todd"", ""country"": ""Costa Rica"", ""is_primary"": true}, {""street"": ""6797 Sara Parkways Apt. 151"", ""city"": ""East Tonyashire"", ""country"": ""Tuvalu"", ""is_primary"": true}, {""street"": ""4371 Gross Road"", ""city"": ""Port Keith"", ""country"": ""Dominica"", ""is_primary"": false}]","{""age"": 25, ""department"": ""Finance"", ""salary"": 35903.68, ""skills"": [""Engineer, agricultural""]}","[{""type"": ""view"", ""timestamp"": ""2025-06-14T17:53:51""}]"
811,Diane Anderson,conleynichole@example.org,"[""official"", ""require""]","[{""street"": ""538 Conner Ferry Suite 693"", ""city"": ""North Davidberg"", ""country"": ""Lesotho"", ""is_primary"": false}, {""street"": ""88881 Cassandra Rapids Apt. 889"", ""city"": ""Juanland"", ""country"": ""Estonia"", ""is_primary"": false}]","{""age"": 40, ""department"": ""Engineering"", ""salary"": 128813.42, ""skills"": [""Runner, broadcasting/film/video"", ""Engineer, civil (consulting)"", ""Stage manager"", ""Product designer""]}","[{""type"": ""purchase"", ""amount"": 864.38, ""currency"": ""USD""}, {""type"": ""login"", ""timestamp"": ""2025-07-25T03:48:36""}]"
812,Joe Hernandez,maryharrell@example.net,"[""begin"", ""know""]","[{""street"": ""53959 Jennifer Motorway Apt. 485"", ""city"": ""New Rebeccaborough"", ""country"": ""El Salvador"", ""is_primary"": false}]","{""age"": 71, ""department"": ""Engineering"", ""salary"": 39901.07, ""skills"": [""Herbalist""]}",[]
813,Ryan Villegas,tateronald@example.net,"[""we"", ""physical"", ""bag"", ""ten"", ""moment""]","[{""street"": ""9814 Solis Underpass"", ""city"": ""Lake Michelle"", ""country"": ""Svalbard & Jan Mayen Islands"", ""is_primary"": false}]","{""age"": 27, ""department"": ""Finance"", ""salary"": 107683.23, ""skills"": [""Management consultant"", ""Landscape architect"", ""Financial risk analyst""]}",[]
814,Jeffrey Phillips,kaylapham@example.org,"[""price"", ""after""]","[{""street"": ""746 Evans Station Suite 299"", ""city"": ""South Adam"", ""country"": ""Marshall Islands"", ""is_primary"": true}]","{""age"": 53, ""department"": ""HR"", ""salary"": 42882.02, ""skills"": [""Designer, jewellery"", ""Accountant, chartered public finance"", ""Interior and spatial designer""]}","[{""type"": ""purchase"", ""amount"": 187.95, ""currency"": ""EUR""}, {""type"": ""login"", ""timestamp"": ""2025-09-27T14:51:33""}, {""type"": ""login"", ""timestamp"": ""2025-09-24T18:50:21""}]"
815,Victor Butler,jensenjon@example.org,"[""little"", ""crime"", ""fine"", ""certainly"", ""window""]","[{""street"": ""977 Hannah Rue Apt. 894"", ""city"": ""Port Kelliehaven"", ""country"": ""Philippines"", ""is_primary"": true}, {""street"": ""2441 Kaitlin Neck Apt. 690"", ""city"": ""New Alexandria"", ""country"": ""Grenada"", ""is_primary"": true}]","{""age"": 30, ""department"": ""Marketing"", ""salary"": 144212.81, ""skills"": [""Pensions consultant"", ""Public affairs consultant"", ""Engineer, energy"", ""Accountant, chartered certified""]}","[{""type"": ""view"", ""timestamp"": ""2025-10-23T07:33:43""}]"
816,Robert Durham,jonesjamie@example.org,"[""sure"", ""customer"", ""choose"", ""major""]","[{""street"": ""183 Chapman Cove"", ""city"": ""Lindastad"", ""country"": ""Slovenia"", ""is_primary"": true}, {""street"": ""824 Dunn Corners Apt. 375"", ""city"": ""Harperfurt"", ""country"": ""Cocos (Keeling) Islands"", ""is_primary"": false}]","{""age"": 40, ""department"": ""Sales"", ""salary"": 54304.12, ""skills"": [""Surveyor, land/geomatics"", ""Medical technical officer""]}","[{""type"": ""login"", ""timestamp"": ""2025-01-29T11:23:02""}, {""type"": ""edit"", ""timestamp"": ""2025-04-22T00:55:35""}]"
817,Laurie Howard,mguzman@example.net,"[""kind"", ""argue""]","[{""street"": ""37500 Reed Circle"", ""city"": ""South Tiffany"", ""country"": ""Canada"", ""is_primary"": true}, {""street"": ""4778 Brad Light Apt. 055"", ""city"": ""Jasonmouth"", ""country"": ""New Caledonia"", ""is_primary"": false}, {""street"": ""216 Margaret Views"", ""city"": ""North Nicholas"", ""country"": ""Thailand"", ""is_primary"": false}]","{""age"": 49, ""department"": ""Sales"", ""salary"": 56598.0, ""skills"": [""Intelligence analyst"", ""Chief Marketing Officer"", ""Careers information officer"", ""Company secretary""]}","[{""type"": ""view"", ""timestamp"": ""2025-08-22T11:22:39""}, {""type"": ""edit"", ""timestamp"": ""2025-01-04T04:54:07""}]"
818,Pamela Baker,kingtracy@example.com,"[""green"", ""population"", ""guy""]","[{""street"": ""3738 Brian Courts Suite 657"", ""city"": ""North Ryanland"", ""country"": ""Austria"", ""is_primary"": true}, {""street"": ""089 Lauren Field Apt. 358"", ""city"": ""Deannahaven"", ""country"": ""South Africa"", ""is_primary"": false}, {""street"": ""8285 Smith Trail"", ""city"": ""Byrdville"", ""country"": ""Madagascar"", ""is_primary"": false}]","{""age"": 21, ""department"": ""HR"", ""salary"": 80567.7, ""skills"": [""Warehouse manager""]}","[{""type"": ""view"", ""timestamp"": ""2025-06-28T16:16:45""}]"
819,Craig Bender,omarsh@example.com,"[""her"", ""fast"", ""group"", ""travel""]","[{""street"": ""21509 Schwartz River"", ""city"": ""North Claytonview"", ""country"": ""Greece"", ""is_primary"": true}, {""street"": ""75982 Nelson Roads Suite 689"", ""city"": ""South Rebeccamouth"", ""country"": ""New Caledonia"", ""is_primary"": true}, {""street"": ""9958 Edgar Greens Suite 215"", ""city"": ""East Charles"", ""country"": ""Nigeria"", ""is_primary"": false}]","{""age"": 80, ""department"": ""HR"", ""salary"": 135101.97, ""skills"": [""Leisure centre manager"", ""Engineer, structural"", ""Marine scientist""]}","[{""type"": ""edit"", ""timestamp"": ""2025-01-29T23:27:06""}, {""type"": ""edit"", ""timestamp"": ""2025-03-17T13:43:33""}]"
820,Louis Bradford,rowlandbrian@example.com,"[""support"", ""door"", ""during"", ""perform"", ""tough""]","[{""street"": ""20889 Stacey Squares Suite 572"", ""city"": ""Heidimouth"", ""country"": ""Barbados"", ""is_primary"": true}, {""street"": ""921 Sarah Turnpike Apt. 440"", ""city"": ""Lake Joshua"", ""country"": ""Estonia"", ""is_primary"": true}]","{""age"": 73, ""department"": ""HR"", ""salary"": 131751.45, ""skills"": [""Sports development officer""]}",[]
821,Kendra Gray,donaldrodriguez@example.com,"[""local"", ""member"", ""hold"", ""its"", ""leg""]","[{""street"": ""218 Rhonda Village Suite 976"", ""city"": ""Craigborough"", ""country"": ""Saint Pierre and Miquelon"", ""is_primary"": false}, {""street"": ""02536 Jackson Brook Suite 781"", ""city"": ""South Jennifershire"", ""country"": ""Ecuador"", ""is_primary"": false}]","{""age"": 38, ""department"": ""Marketing"", ""salary"": 123032.13, ""skills"": [""Engineer, building services""]}","[{""type"": ""edit"", ""timestamp"": ""2025-07-27T03:45:51""}, {""type"": ""login"", ""timestamp"": ""2025-04-28T08:06:34""}, {""type"": ""edit"", ""timestamp"": ""2025-10-02T08:24:32""}]"
822,Rebecca Brown,qburns@example.org,"[""perhaps"", ""even""]","[{""street"": ""3706 Anthony Cape"", ""city"": ""Esparzafurt"", ""country"": ""Seychelles"", ""is_primary"": false}, {""street"": ""2609 Jennifer Well"", ""city"": ""West David"", ""country"": ""Philippines"", ""is_primary"": true}]","{""age"": 74, ""department"": ""Engineering"", ""salary"": 102761.16, ""skills"": [""Teacher, secondary school"", ""Conference centre manager"", ""Radio producer""]}","[{""type"": ""login"", ""timestamp"": ""2025-09-28T18:13:49""}, {""type"": ""login"", ""timestamp"": ""2025-03-28T22:51:28""}, {""type"": ""login"", ""timestamp"": ""2025-01-04T22:53:37""}]"
823,Kathy Flores,michael27@example.net,"[""ago"", ""manage"", ""material"", ""community""]","[{""street"": ""650 Jesse Vista"", ""city"": ""Mosesstad"", ""country"": ""Solomon Islands"", ""is_primary"": true}]","{""age"": 62, ""department"": ""Sales"", ""salary"": 58687.49, ""skills"": [""Public affairs consultant"", ""Editorial assistant""]}","[{""type"": ""login"", ""timestamp"": ""2025-01-02T10:08:07""}, {""type"": ""login"", ""timestamp"": ""2025-01-20T06:55:50""}, {""type"": ""edit"", ""timestamp"": ""2025-07-30T16:05:40""}]"
824,Mario Peterson,donaldnelson@example.com,"[""five"", ""clear"", ""nation""]","[{""street"": ""25492 Graham Circles Suite 127"", ""city"": ""Campbellbury"", ""country"": ""British Virgin Islands"", ""is_primary"": true}, {""street"": ""02476 Lewis Underpass"", ""city"": ""Brianastad"", ""country"": ""Tonga"", ""is_primary"": true}]","{""age"": 52, ""department"": ""Engineering"", ""salary"": 42015.3, ""skills"": [""Editor, film/video"", ""Scientist, research (maths)"", ""Surveyor, commercial/residential""]}","[{""type"": ""purchase"", ""amount"": 508.75, ""currency"": ""USD""}, {""type"": ""purchase"", ""amount"": 989.63, ""currency"": ""GBP""}, {""type"": ""login"", ""timestamp"": ""2025-01-23T01:00:09""}]"
825,Michael Mitchell,davidrivas@example.net,"[""lay"", ""system"", ""defense""]","[{""street"": ""19059 Patel Islands Apt. 223"", ""city"": ""Amandashire"", ""country"": ""Cambodia"", ""is_primary"": true}, {""street"": ""248 Tina Plaza"", ""city"": ""West David"", ""country"": ""Niue"", ""is_primary"": true}, {""street"": ""6602 Griffith Summit Suite 585"", ""city"": ""Lauraside"", ""country"": ""Somalia"", ""is_primary"": false}]","{""age"": 32, ""department"": ""Sales"", ""salary"": 147726.48, ""skills"": [""Physicist, medical"", ""Music therapist""]}","[{""type"": ""purchase"", ""amount"": 926.85, ""currency"": ""USD""}, {""type"": ""view"", ""timestamp"": ""2025-02-04T23:13:14""}, {""type"": ""view"", ""timestamp"": ""2025-08-04T23:22:54""}]"
826,James Knight,garciacynthia@example.org,"[""positive"", ""career""]","[{""street"": ""27436 Lindsay Via Apt. 026"", ""city"": ""Rodriguezstad"", ""country"": ""Sudan"", ""is_primary"": false}, {""street"": ""5764 Hall Tunnel Suite 257"", ""city"": ""South Carolynfurt"", ""country"": ""Israel"", ""is_primary"": false}, {""street"": ""62559 Ryan Walks"", ""city"": ""Bettyton"", ""country"": ""Jordan"", ""is_primary"": true}]","{""age"": 35, ""department"": ""Finance"", ""salary"": 61433.32, ""skills"": [""Higher education lecturer""]}",[]
827,Tamara Carter,robinsoncraig@example.org,"[""great"", ""same"", ""mean""]","[{""street"": ""6206 Moreno Mountain Apt. 160"", ""city"": ""Lake Kristen"", ""country"": ""Kenya"", ""is_primary"": true}, {""street"": ""51457 Hogan Lodge"", ""city"": ""Donnastad"", ""country"": ""Cote d'Ivoire"", ""is_primary"": false}]","{""age"": 34, ""department"": ""Finance"", ""salary"": 133218.67, ""skills"": [""Consulting civil engineer""]}",[]
828,Sean Miller,iwright@example.com,"[""experience"", ""yourself"", ""hear"", ""its"", ""less""]","[{""street"": ""79984 Douglas Plaza"", ""city"": ""North Evelyn"", ""country"": ""Swaziland"", ""is_primary"": false}]","{""age"": 49, ""department"": ""HR"", ""salary"": 82797.5, ""skills"": [""Systems developer"", ""Designer, multimedia"", ""Geoscientist"", ""Sound technician, broadcasting/film/video""]}","[{""type"": ""edit"", ""timestamp"": ""2025-06-08T21:20:05""}, {""type"": ""view"", ""timestamp"": ""2025-04-11T20:10:19""}, {""type"": ""edit"", ""timestamp"": ""2025-08-22T20:01:25""}]"
829,Luis Olsen,wolfenathan@example.org,"[""fast"", ""dark"", ""six"", ""call""]","[{""street"": ""6282 Joseph Falls"", ""city"": ""Rodriguezport"", ""country"": ""Costa Rica"", ""is_primary"": false}, {""street"": ""296 Courtney Locks Suite 495"", ""city"": ""Lake Tony"", ""country"": ""Taiwan"", ""is_primary"": true}, {""street"": ""90272 Joshua Ranch"", ""city"": ""Lake Anthony"", ""country"": ""South Africa"", ""is_primary"": true}]","{""age"": 38, ""department"": ""Marketing"", ""salary"": 118639.6, ""skills"": [""Theatre director"", ""Secretary, company"", ""Psychologist, sport and exercise"", ""Higher education careers adviser""]}","[{""type"": ""view"", ""timestamp"": ""2025-03-12T14:47:58""}, {""type"": ""view"", ""timestamp"": ""2025-10-13T09:03:03""}, {""type"": ""login"", ""timestamp"": ""2025-08-24T16:43:43""}]"
830,Jasmine Gray DVM,carlaroberts@example.org,"[""friend"", ""management"", ""meet"", ""mind""]","[{""street"": ""11793 Davidson Ridges"", ""city"": ""Scottborough"", ""country"": ""Dominican Republic"", ""is_primary"": true}, {""street"": ""39131 Richard Locks"", ""city"": ""East Cynthia"", ""country"": ""Mali"", ""is_primary"": false}, {""street"": ""82805 Hall Terrace Suite 564"", ""city"": ""Lake Robertchester"", ""country"": ""Sao Tome and Principe"", ""is_primary"": true}]","{""age"": 70, ""department"": ""Engineering"", ""salary"": 136350.52, ""skills"": [""Surveyor, quantity"", ""Careers information officer"", ""Catering manager"", ""Training and development officer""]}",[]
831,Eric Lucas,charlesromero@example.com,"[""enjoy"", ""guess"", ""view"", ""local""]","[{""street"": ""8685 Reid Isle Apt. 413"", ""city"": ""East Kristinland"", ""country"": ""American Samoa"", ""is_primary"": true}, {""street"": ""3953 Corey Harbor Suite 007"", ""city"": ""Jonesmouth"", ""country"": ""Greece"", ""is_primary"": true}]","{""age"": 42, ""department"": ""Finance"", ""salary"": 41920.26, ""skills"": [""Scientist, research (medical)"", ""Community arts worker"", ""Materials engineer""]}","[{""type"": ""view"", ""timestamp"": ""2025-05-05T17:54:48""}, {""type"": ""purchase"", ""amount"": 996.2, ""currency"": ""USD""}]"
832,James Johnson,darren67@example.net,"[""those"", ""information"", ""entire""]","[{""street"": ""444 Ashley Parkway Suite 804"", ""city"": ""East Sally"", ""country"": ""Turks and Caicos Islands"", ""is_primary"": true}, {""street"": ""4530 Linda Ford"", ""city"": ""Glennville"", ""country"": ""Chad"", ""is_primary"": false}, {""street"": ""04357 Boyd Views Apt. 898"", ""city"": ""Ginashire"", ""country"": ""Kyrgyz Republic"", ""is_primary"": true}]","{""age"": 78, ""department"": ""Sales"", ""salary"": 57453.81, ""skills"": [""Sport and exercise psychologist"", ""Furniture designer"", ""Insurance risk surveyor""]}","[{""type"": ""login"", ""timestamp"": ""2025-09-25T07:11:07""}, {""type"": ""login"", ""timestamp"": ""2025-07-19T09:41:21""}, {""type"": ""login"", ""timestamp"": ""2025-04-25T08:34:05""}]"
833,Brian Odom,stevenhayes@example.org,"[""politics"", ""summer"", ""evidence"", ""stock""]","[{""street"": ""58287 Thompson Island Suite 448"", ""city"": ""Baileyberg"", ""country"": ""Haiti"", ""is_primary"": true}, {""street"": ""850 Nicole Ford"", ""city"": ""New Marymouth"", ""country"": ""Libyan Arab Jamahiriya"", ""is_primary"": false}]","{""age"": 43, ""department"": ""Marketing"", ""salary"": 97870.8, ""skills"": [""Paediatric nurse"", ""Research scientist (maths)""]}","[{""type"": ""view"", ""timestamp"": ""2025-01-30T14:41:19""}, {""type"": ""view"", ""timestamp"": ""2025-02-07T14:25:08""}, {""type"": ""purchase"", ""amount"": 677.95, ""currency"": ""GBP""}]"
834,Sarah Ballard,aprilmorse@example.org,"[""art"", ""executive"", ""difficult"", ""close"", ""early""]","[{""street"": ""148 Mayer Knolls"", ""city"": ""Warnerberg"", ""country"": ""Japan"", ""is_primary"": false}, {""street"": ""2390 Mark Fork Suite 728"", ""city"": ""South Jamesmouth"", ""country"": ""Italy"", ""is_primary"": true}]","{""age"": 37, ""department"": ""HR"", ""salary"": 61042.45, ""skills"": [""Investment banker, corporate"", ""Leisure centre manager"", ""Civil engineer, contracting""]}","[{""type"": ""view"", ""timestamp"": ""2025-06-18T08:17:36""}, {""type"": ""edit"", ""timestamp"": ""2025-10-01T06:04:14""}, {""type"": ""edit"", ""timestamp"": ""2025-06-10T05:19:09""}]"
835,David Johnson,michaelbates@example.net,"[""ball"", ""young"", ""involve""]","[{""street"": ""77662 Andrea Ports Suite 479"", ""city"": ""Ballardside"", ""country"": ""Mauritania"", ""is_primary"": true}, {""street"": ""8332 Leah Port"", ""city"": ""East Kelly"", ""country"": ""Saint Helena"", ""is_primary"": true}, {""street"": ""272 Rowe Mills"", ""city"": ""Haleton"", ""country"": ""Malawi"", ""is_primary"": false}]","{""age"": 68, ""department"": ""Finance"", ""salary"": 102907.58, ""skills"": [""Programmer, multimedia"", ""Accountant, chartered certified"", ""Engineer, site""]}",[]
836,Brianna Wolfe,carrielam@example.org,"[""technology"", ""while"", ""Mrs"", ""would""]","[{""street"": ""783 Gonzalez Fields"", ""city"": ""Floresland"", ""country"": ""Algeria"", ""is_primary"": true}, {""street"": ""74660 Jessica Isle Apt. 468"", ""city"": ""Lewisbury"", ""country"": ""Dominican Republic"", ""is_primary"": false}]","{""age"": 51, ""department"": ""Engineering"", ""salary"": 51135.99, ""skills"": [""Geophysicist/field seismologist""]}","[{""type"": ""purchase"", ""amount"": 706.65, ""currency"": ""GBP""}, {""type"": ""login"", ""timestamp"": ""2025-06-29T12:05:28""}, {""type"": ""purchase"", ""amount"": 554.68, ""currency"": ""USD""}]"
837,Melissa Ellis,johnsanders@example.org,"[""research"", ""hair"", ""security"", ""walk""]","[{""street"": ""464 Brandy Plaza"", ""city"": ""Melissaside"", ""country"": ""Faroe Islands"", ""is_primary"": false}, {""street"": ""99277 Laura Lodge"", ""city"": ""Port Karen"", ""country"": ""British Indian Ocean Territory (Chagos Archipelago)"", ""is_primary"": true}, {""street"": ""2068 Emily Extension Apt. 738"", ""city"": ""South Caleb"", ""country"": ""Kiribati"", ""is_primary"": true}]","{""age"": 57, ""department"": ""Marketing"", ""salary"": 36492.47, ""skills"": [""Optician, dispensing""]}",[]
838,Arthur Torres,wjohnson@example.com,"[""like"", ""garden""]","[{""street"": ""172 Stacy Street"", ""city"": ""Frostmouth"", ""country"": ""Saint Pierre and Miquelon"", ""is_primary"": false}]","{""age"": 36, ""department"": ""Engineering"", ""salary"": 77662.9, ""skills"": [""Mechanical engineer"", ""Games developer"", ""Land"", ""Phytotherapist""]}","[{""type"": ""view"", ""timestamp"": ""2025-02-25T02:04:28""}]"
839,Terri Jones,zweeks@example.com,"[""she"", ""soldier"", ""level"", ""turn"", ""black""]","[{""street"": ""64404 Darrell Grove Suite 430"", ""city"": ""Lake Ronaldhaven"", ""country"": ""Lebanon"", ""is_primary"": true}, {""street"": ""4827 Walters Rest Suite 933"", ""city"": ""Ricardomouth"", ""country"": ""Iceland"", ""is_primary"": true}, {""street"": ""867 Wall Ridge"", ""city"": ""Laurenport"", ""country"": ""China"", ""is_primary"": true}]","{""age"": 54, ""department"": ""HR"", ""salary"": 99611.23, ""skills"": [""Publishing rights manager"", ""Diagnostic radiographer"", ""Engineering geologist""]}","[{""type"": ""edit"", ""timestamp"": ""2025-04-24T06:05:10""}, {""type"": ""view"", ""timestamp"": ""2025-04-29T19:53:10""}]"
840,Sharon Washington,shannonlopez@example.org,"[""recognize"", ""ground""]","[{""street"": ""96266 Grimes Loop Apt. 737"", ""city"": ""Maryview"", ""country"": ""Uganda"", ""is_primary"": true}]","{""age"": 33, ""department"": ""Marketing"", ""salary"": 118056.87, ""skills"": [""Primary school teacher""]}",[]
841,Gina Delgado,katelynlopez@example.org,"[""professor"", ""white""]","[{""street"": ""68153 Elliott Village"", ""city"": ""West Kimberlybury"", ""country"": ""Sudan"", ""is_primary"": true}]","{""age"": 78, ""department"": ""Finance"", ""salary"": 69386.68, ""skills"": [""Designer, television/film set""]}","[{""type"": ""edit"", ""timestamp"": ""2025-03-07T08:59:30""}]"
842,Hunter Castillo,salazarjenna@example.com,"[""less"", ""cultural"", ""high"", ""might""]","[{""street"": ""20692 Williams Mission"", ""city"": ""Carmenfurt"", ""country"": ""Myanmar"", ""is_primary"": false}, {""street"": ""41376 Cassandra Greens"", ""city"": ""New Susanmouth"", ""country"": ""British Virgin Islands"", ""is_primary"": false}]","{""age"": 74, ""department"": ""Engineering"", ""salary"": 146111.96, ""skills"": [""Archaeologist""]}",[]
843,Samantha Black,craigmiller@example.org,"[""old"", ""student"", ""east"", ""better"", ""act""]","[{""street"": ""51409 Green Dam"", ""city"": ""Lake Ryan"", ""country"": ""Somalia"", ""is_primary"": false}, {""street"": ""833 Henry Locks"", ""city"": ""Port Elizabethmouth"", ""country"": ""United Arab Emirates"", ""is_primary"": false}]","{""age"": 43, ""department"": ""Engineering"", ""salary"": 138310.14, ""skills"": [""Water quality scientist"", ""Therapist, occupational"", ""Environmental manager""]}",[]
844,Lisa Marsh,zhogan@example.com,"[""political"", ""could""]","[{""street"": ""2600 Kim Road"", ""city"": ""New Julie"", ""country"": ""Zimbabwe"", ""is_primary"": true}]","{""age"": 18, ""department"": ""Engineering"", ""salary"": 60755.91, ""skills"": [""Air broker"", ""Insurance underwriter"", ""Meteorologist""]}","[{""type"": ""edit"", ""timestamp"": ""2025-10-28T10:58:13""}, {""type"": ""edit"", ""timestamp"": ""2025-08-13T07:58:13""}]"
845,Susan Brown,careykelly@example.net,"[""you"", ""next"", ""really"", ""day""]","[{""street"": ""600 Huffman Plains"", ""city"": ""East Michelle"", ""country"": ""Belgium"", ""is_primary"": true}, {""street"": ""584 Jason Lights"", ""city"": ""Jamieville"", ""country"": ""Senegal"", ""is_primary"": false}, {""street"": ""740 Lauren Road"", ""city"": ""Novakfort"", ""country"": ""Austria"", ""is_primary"": false}]","{""age"": 56, ""department"": ""HR"", ""salary"": 43808.39, ""skills"": [""Theatre manager"", ""Operational investment banker""]}","[{""type"": ""view"", ""timestamp"": ""2025-05-05T13:33:26""}]"
846,Amy Ruiz,howardcaleb@example.org,"[""imagine"", ""theory"", ""away"", ""team"", ""popular""]","[{""street"": ""4152 Bridget Loaf"", ""city"": ""Johnville"", ""country"": ""Chile"", ""is_primary"": true}]","{""age"": 41, ""department"": ""Finance"", ""salary"": 33010.55, ""skills"": [""Designer, fashion/clothing"", ""Financial risk analyst"", ""Trading standards officer"", ""Operational investment banker""]}","[{""type"": ""view"", ""timestamp"": ""2025-04-28T06:05:56""}]"
847,Gina Ware,cameronschmidt@example.net,"[""worry"", ""this"", ""statement""]","[{""street"": ""3924 Jerry View Apt. 253"", ""city"": ""Beasleyside"", ""country"": ""Micronesia"", ""is_primary"": false}]","{""age"": 59, ""department"": ""Engineering"", ""salary"": 113945.64, ""skills"": [""Manufacturing systems engineer""]}","[{""type"": ""login"", ""timestamp"": ""2025-02-04T18:30:37""}, {""type"": ""login"", ""timestamp"": ""2025-06-22T15:49:24""}]"
848,Matthew Ruiz,bobbywerner@example.net,"[""people"", ""wait"", ""bad"", ""direction""]","[{""street"": ""9600 Jeff Ramp"", ""city"": ""Taylormouth"", ""country"": ""Palau"", ""is_primary"": true}, {""street"": ""301 Blackwell Landing Suite 086"", ""city"": ""Rileyfurt"", ""country"": ""France"", ""is_primary"": false}]","{""age"": 44, ""department"": ""Sales"", ""salary"": 142204.05, ""skills"": [""Office manager"", ""Medical physicist"", ""Oncologist"", ""Purchasing manager""]}","[{""type"": ""edit"", ""timestamp"": ""2025-04-26T10:46:13""}, {""type"": ""purchase"", ""amount"": 16.43, ""currency"": ""GBP""}]"
849,Beth Hernandez,hatfieldsarah@example.com,"[""friend"", ""environmental"", ""change"", ""article"", ""crime""]","[{""street"": ""278 Lane Islands Suite 704"", ""city"": ""Richardberg"", ""country"": ""Croatia"", ""is_primary"": true}, {""street"": ""82301 Scott Courts"", ""city"": ""Kristophertown"", ""country"": ""North Macedonia"", ""is_primary"": true}]","{""age"": 49, ""department"": ""HR"", ""salary"": 116317.96, ""skills"": [""Insurance account manager""]}",[]
850,Brandon Gardner,gregorygreene@example.net,"[""participant"", ""conference"", ""control""]","[{""street"": ""6458 Tracy Locks"", ""city"": ""Kristinton"", ""country"": ""Costa Rica"", ""is_primary"": false}, {""street"": ""64164 Griffin Row Suite 643"", ""city"": ""North Cherylburgh"", ""country"": ""Canada"", ""is_primary"": false}]","{""age"": 70, ""department"": ""HR"", ""salary"": 141908.1, ""skills"": [""Financial planner"", ""Lighting technician, broadcasting/film/video"", ""Trade union research officer"", ""Police officer""]}","[{""type"": ""purchase"", ""amount"": 888.94, ""currency"": ""GBP""}, {""type"": ""purchase"", ""amount"": 242.26, ""currency"": ""EUR""}]"
851,Elizabeth Wells,newtonsusan@example.org,"[""product"", ""appear"", ""evidence"", ""particular""]","[{""street"": ""0771 Rhonda Crescent Suite 593"", ""city"": ""New Erinstad"", ""country"": ""Swaziland"", ""is_primary"": true}]","{""age"": 72, ""department"": ""HR"", ""salary"": 149280.0, ""skills"": [""Engineer, manufacturing""]}","[{""type"": ""purchase"", ""amount"": 423.99, ""currency"": ""USD""}, {""type"": ""login"", ""timestamp"": ""2025-02-18T12:43:16""}]"
852,James Armstrong,misty83@example.net,"[""campaign"", ""effect""]","[{""street"": ""61530 Swanson Station"", ""city"": ""Johnshire"", ""country"": ""Bosnia and Herzegovina"", ""is_primary"": true}]","{""age"": 63, ""department"": ""Engineering"", ""salary"": 132164.95, ""skills"": [""Translator"", ""Theatre manager"", ""Toxicologist""]}",[]
853,Carlos Miller,wellsbrandon@example.org,"[""red"", ""begin"", ""yard"", ""kid"", ""strong""]","[{""street"": ""13379 Dean Fords Apt. 157"", ""city"": ""Millerview"", ""country"": ""Turkey"", ""is_primary"": false}, {""street"": ""8938 Leonard Hollow Suite 429"", ""city"": ""Crystalton"", ""country"": ""Slovenia"", ""is_primary"": false}]","{""age"": 25, ""department"": ""Finance"", ""salary"": 148678.73, ""skills"": [""Engineer, electronics""]}","[{""type"": ""login"", ""timestamp"": ""2025-01-13T12:56:44""}, {""type"": ""purchase"", ""amount"": 815.97, ""currency"": ""USD""}]"
854,Robert Adams,hfranklin@example.org,"[""simply"", ""long"", ""why""]","[{""street"": ""10911 Haynes Lights"", ""city"": ""Andreafurt"", ""country"": ""Senegal"", ""is_primary"": false}, {""street"": ""55032 Renee Port"", ""city"": ""Craigmouth"", ""country"": ""India"", ""is_primary"": true}]","{""age"": 20, ""department"": ""Marketing"", ""salary"": 130642.19, ""skills"": [""Licensed conveyancer"", ""Ecologist""]}","[{""type"": ""login"", ""timestamp"": ""2025-04-10T08:44:19""}, {""type"": ""login"", ""timestamp"": ""2025-08-21T17:22:00""}]"
855,Kristen Schneider,ashley80@example.net,"[""mean"", ""us""]","[{""street"": ""6283 Angela Bypass Apt. 286"", ""city"": ""West Margaretport"", ""country"": ""Senegal"", ""is_primary"": false}, {""street"": ""01499 Williams Courts Apt. 443"", ""city"": ""Trevinomouth"", ""country"": ""Western Sahara"", ""is_primary"": true}]","{""age"": 43, ""department"": ""Sales"", ""salary"": 68796.39, ""skills"": [""Probation officer""]}",[]
856,Jennifer Singh,james12@example.org,"[""believe"", ""similar""]","[{""street"": ""5825 Reed Lodge"", ""city"": ""North Jamesport"", ""country"": ""Armenia"", ""is_primary"": false}]","{""age"": 63, ""department"": ""Marketing"", ""salary"": 32028.46, ""skills"": [""Commissioning editor"", ""Scientist, biomedical""]}",[]
857,Jonathon Lucas,scott97@example.com,"[""same"", ""section"", ""student""]","[{""street"": ""928 Abbott Run Suite 964"", ""city"": ""Port Susan"", ""country"": ""Colombia"", ""is_primary"": false}, {""street"": ""0723 Amanda Ridge Apt. 648"", ""city"": ""Copelandville"", ""country"": ""Gabon"", ""is_primary"": true}]","{""age"": 63, ""department"": ""Marketing"", ""salary"": 90992.53, ""skills"": [""Probation officer"", ""Civil Service administrator"", ""Press sub""]}","[{""type"": ""purchase"", ""amount"": 716.47, ""currency"": ""USD""}, {""type"": ""view"", ""timestamp"": ""2025-06-16T12:53:28""}, {""type"": ""edit"", ""timestamp"": ""2025-02-27T00:38:14""}]"
858,Michael Thompson,jaclynevans@example.org,"[""stand"", ""property""]","[{""street"": ""6266 Castillo Drives Apt. 109"", ""city"": ""Port Jennifer"", ""country"": ""Congo"", ""is_primary"": true}]","{""age"": 57, ""department"": ""Sales"", ""salary"": 51650.28, ""skills"": [""Charity fundraiser"", ""Clinical molecular geneticist"", ""Research scientist (life sciences)"", ""Financial planner""]}",[]
859,Alicia Melton,troach@example.net,"[""project"", ""most"", ""middle"", ""language"", ""do""]","[{""street"": ""41253 Matthew Lakes"", ""city"": ""Millerview"", ""country"": ""Saint Pierre and Miquelon"", ""is_primary"": true}, {""street"": ""6949 Gina Mountain Apt. 587"", ""city"": ""Port Alexander"", ""country"": ""Slovakia (Slovak Republic)"", ""is_primary"": true}]","{""age"": 20, ""department"": ""Engineering"", ""salary"": 81093.9, ""skills"": [""IT trainer"", ""Energy manager"", ""Freight forwarder""]}","[{""type"": ""edit"", ""timestamp"": ""2025-04-06T12:05:14""}]"
860,Michael Brown,ashley39@example.org,"[""but"", ""sea"", ""serve"", ""moment""]","[{""street"": ""3326 Laura Corners"", ""city"": ""New Nicoletown"", ""country"": ""Bulgaria"", ""is_primary"": true}, {""street"": ""835 Murray Grove"", ""city"": ""Port Jennifer"", ""country"": ""Comoros"", ""is_primary"": true}, {""street"": ""1281 Williams Port Apt. 591"", ""city"": ""Davisberg"", ""country"": ""Georgia"", ""is_primary"": true}]","{""age"": 39, ""department"": ""Finance"", ""salary"": 74576.7, ""skills"": [""Tour manager"", ""Production engineer"", ""Community arts worker"", ""Primary school teacher""]}","[{""type"": ""purchase"", ""amount"": 293.45, ""currency"": ""USD""}]"
861,Justin Dillon,kempvincent@example.net,"[""game"", ""artist"", ""born"", ""eye""]","[{""street"": ""2348 Green Burg Apt. 775"", ""city"": ""Zacharyport"", ""country"": ""Cook Islands"", ""is_primary"": false}, {""street"": ""24962 Lee Skyway Suite 060"", ""city"": ""North Bradleymouth"", ""country"": ""Zambia"", ""is_primary"": false}, {""street"": ""5047 Ryan Ville Suite 805"", ""city"": ""North Robert"", ""country"": ""Canada"", ""is_primary"": true}]","{""age"": 56, ""department"": ""HR"", ""salary"": 113104.52, ""skills"": [""Analytical chemist""]}","[{""type"": ""login"", ""timestamp"": ""2025-05-21T12:06:21""}, {""type"": ""login"", ""timestamp"": ""2025-02-11T20:52:28""}, {""type"": ""edit"", ""timestamp"": ""2025-08-05T22:14:52""}]"
862,William Bolton,loriwoods@example.com,"[""role"", ""character""]","[{""street"": ""85200 Jade Knoll Apt. 827"", ""city"": ""Lake Erin"", ""country"": ""United States of America"", ""is_primary"": false}, {""street"": ""67298 Garcia Estate Apt. 407"", ""city"": ""Paulburgh"", ""country"": ""Faroe Islands"", ""is_primary"": true}]","{""age"": 21, ""department"": ""Finance"", ""salary"": 100633.13, ""skills"": [""Economist""]}",[]
863,Carl Dunn,williamsdonald@example.net,"[""production"", ""anything"", ""field"", ""four"", ""whose""]","[{""street"": ""1984 Jesus Turnpike"", ""city"": ""West Warren"", ""country"": ""Latvia"", ""is_primary"": false}]","{""age"": 79, ""department"": ""Finance"", ""salary"": 139215.12, ""skills"": [""Energy manager"", ""Broadcast presenter"", ""Clinical psychologist"", ""Forensic psychologist""]}","[{""type"": ""login"", ""timestamp"": ""2025-08-26T19:53:37""}, {""type"": ""purchase"", ""amount"": 200.78, ""currency"": ""EUR""}, {""type"": ""purchase"", ""amount"": 799.81, ""currency"": ""USD""}]"
864,Thomas Jordan,bethsalinas@example.net,"[""movement"", ""explain"", ""see"", ""contain""]","[{""street"": ""383 Brooks Passage"", ""city"": ""Lynnchester"", ""country"": ""Mayotte"", ""is_primary"": false}, {""street"": ""64278 Ramos Heights"", ""city"": ""North Michaelshire"", ""country"": ""Kenya"", ""is_primary"": false}]","{""age"": 55, ""department"": ""Engineering"", ""salary"": 38084.45, ""skills"": [""Curator"", ""Archivist"", ""Proofreader""]}",[]
865,Monique Stanley,kelly67@example.org,"[""agent"", ""political"", ""audience"", ""clear"", ""easy""]","[{""street"": ""4119 Eric Squares Suite 873"", ""city"": ""West Andrewbury"", ""country"": ""Guam"", ""is_primary"": false}, {""street"": ""89034 William Island Suite 460"", ""city"": ""Tiffanyside"", ""country"": ""Reunion"", ""is_primary"": true}, {""street"": ""1292 Contreras Stravenue"", ""city"": ""East Markburgh"", ""country"": ""Azerbaijan"", ""is_primary"": false}]","{""age"": 64, ""department"": ""Finance"", ""salary"": 75253.79, ""skills"": [""Early years teacher"", ""Clinical cytogeneticist""]}","[{""type"": ""view"", ""timestamp"": ""2025-09-18T13:15:09""}]"
866,Samantha Goodman,williamnorris@example.org,"[""approach"", ""from"", ""participant"", ""newspaper""]","[{""street"": ""3530 Christine Lake"", ""city"": ""Frenchborough"", ""country"": ""United Kingdom"", ""is_primary"": false}, {""street"": ""310 William Estate Apt. 508"", ""city"": ""North Brandonshire"", ""country"": ""United Kingdom"", ""is_primary"": false}, {""street"": ""2341 Gordon Ferry"", ""city"": ""North Jeffrey"", ""country"": ""Afghanistan"", ""is_primary"": true}]","{""age"": 68, ""department"": ""Finance"", ""salary"": 91257.06, ""skills"": [""Learning disability nurse"", ""Scientist, clinical (histocompatibility and immunogenetics)"", ""Health and safety inspector""]}",[]
867,Elijah Henson,imarshall@example.org,"[""clearly"", ""military"", ""where"", ""behind""]","[{""street"": ""90889 Rodriguez Flat"", ""city"": ""Port Dustinfort"", ""country"": ""Guernsey"", ""is_primary"": false}, {""street"": ""607 Eric Pines"", ""city"": ""Smithmouth"", ""country"": ""Djibouti"", ""is_primary"": false}]","{""age"": 77, ""department"": ""Finance"", ""salary"": 63160.82, ""skills"": [""Librarian, public"", ""Corporate investment banker"", ""Broadcast presenter"", ""Speech and language therapist""]}","[{""type"": ""edit"", ""timestamp"": ""2025-08-23T10:59:28""}]"
868,Brian Smith MD,carriesmith@example.net,"[""couple"", ""start"", ""almost"", ""show""]","[{""street"": ""5726 Schwartz Drive Suite 631"", ""city"": ""Quinnside"", ""country"": ""Mauritius"", ""is_primary"": true}, {""street"": ""7782 Martin Island Apt. 767"", ""city"": ""Port Stephen"", ""country"": ""Armenia"", ""is_primary"": true}]","{""age"": 28, ""department"": ""HR"", ""salary"": 70140.81, ""skills"": [""Haematologist""]}","[{""type"": ""view"", ""timestamp"": ""2025-10-01T23:58:51""}, {""type"": ""login"", ""timestamp"": ""2025-09-04T00:08:19""}]"
869,William Vazquez,caleb86@example.org,"[""who"", ""anyone""]","[{""street"": ""33269 Dylan Mount Suite 599"", ""city"": ""Lake Emily"", ""country"": ""New Caledonia"", ""is_primary"": false}, {""street"": ""451 Fuller Branch Suite 730"", ""city"": ""North Albert"", ""country"": ""Antigua and Barbuda"", ""is_primary"": false}]","{""age"": 59, ""department"": ""HR"", ""salary"": 56779.0, ""skills"": [""Technical author""]}","[{""type"": ""view"", ""timestamp"": ""2025-04-05T19:07:37""}, {""type"": ""view"", ""timestamp"": ""2025-10-04T06:26:28""}]"
870,Christopher Mcdaniel,lewistiffany@example.org,"[""best"", ""me""]","[{""street"": ""3703 Jenkins Run"", ""city"": ""West Donna"", ""country"": ""Seychelles"", ""is_primary"": false}, {""street"": ""4933 Kelly Creek Suite 879"", ""city"": ""South Lindaborough"", ""country"": ""Peru"", ""is_primary"": false}]","{""age"": 61, ""department"": ""Sales"", ""salary"": 36212.82, ""skills"": [""Radiation protection practitioner"", ""Analytical chemist""]}","[{""type"": ""login"", ""timestamp"": ""2025-01-28T16:26:48""}, {""type"": ""edit"", ""timestamp"": ""2025-05-04T13:29:47""}]"
871,Linda Klein,kkelley@example.com,"[""off"", ""entire"", ""institution"", ""big"", ""close""]","[{""street"": ""831 Benjamin Spurs"", ""city"": ""Millerport"", ""country"": ""Antigua and Barbuda"", ""is_primary"": false}]","{""age"": 61, ""department"": ""Sales"", ""salary"": 60902.49, ""skills"": [""Museum/gallery curator"", ""Magazine journalist""]}","[{""type"": ""login"", ""timestamp"": ""2025-01-09T20:57:13""}, {""type"": ""view"", ""timestamp"": ""2025-01-09T08:56:42""}]"
872,Joseph Bean,laura17@example.com,"[""eat"", ""note"", ""coach""]","[{""street"": ""409 Julia Circles"", ""city"": ""Port Patricia"", ""country"": ""Tuvalu"", ""is_primary"": true}]","{""age"": 27, ""department"": ""Engineering"", ""salary"": 91171.49, ""skills"": [""Air traffic controller"", ""Camera operator"", ""Tax adviser""]}","[{""type"": ""edit"", ""timestamp"": ""2025-04-09T11:10:13""}, {""type"": ""purchase"", ""amount"": 209.76, ""currency"": ""USD""}]"
873,Lauren Palmer,lle@example.com,"[""stop"", ""mind"", ""leg"", ""human""]","[{""street"": ""5074 Bell Drive Suite 894"", ""city"": ""Reevesfurt"", ""country"": ""Niue"", ""is_primary"": false}, {""street"": ""6592 Danielle Stravenue Apt. 960"", ""city"": ""Cynthiafurt"", ""country"": ""Brunei Darussalam"", ""is_primary"": true}]","{""age"": 18, ""department"": ""HR"", ""salary"": 85660.29, ""skills"": [""Sub""]}","[{""type"": ""view"", ""timestamp"": ""2025-09-22T14:37:31""}, {""type"": ""login"", ""timestamp"": ""2025-03-31T21:28:23""}, {""type"": ""view"", ""timestamp"": ""2025-03-19T06:35:41""}]"
874,Angela Jimenez,brookscorey@example.com,"[""speak"", ""cause""]","[{""street"": ""8060 Christensen Mountain"", ""city"": ""North Kenneth"", ""country"": ""Kenya"", ""is_primary"": true}, {""street"": ""94319 Reed Vista"", ""city"": ""East Jeremyfort"", ""country"": ""Kazakhstan"", ""is_primary"": false}, {""street"": ""628 Michael Grove Suite 556"", ""city"": ""Port Rickeymouth"", ""country"": ""Bhutan"", ""is_primary"": false}]","{""age"": 74, ""department"": ""Sales"", ""salary"": 48973.94, ""skills"": [""Accountant, chartered management"", ""Scientist, marine""]}","[{""type"": ""login"", ""timestamp"": ""2025-07-26T09:26:32""}, {""type"": ""view"", ""timestamp"": ""2025-06-01T11:46:27""}, {""type"": ""edit"", ""timestamp"": ""2025-05-01T13:33:58""}]"
875,Mark Martinez,baldwinscott@example.com,"[""support"", ""begin""]","[{""street"": ""7403 Charles Summit"", ""city"": ""West Nicholas"", ""country"": ""Hungary"", ""is_primary"": true}]","{""age"": 59, ""department"": ""HR"", ""salary"": 99108.03, ""skills"": [""Administrator, charities/voluntary organisations"", ""Administrator, sports""]}","[{""type"": ""edit"", ""timestamp"": ""2025-04-14T13:21:17""}, {""type"": ""view"", ""timestamp"": ""2025-10-05T10:10:06""}]"
876,Linda Abbott,colemandavid@example.org,"[""thank"", ""run"", ""score""]","[{""street"": ""5392 Emily Mill Suite 419"", ""city"": ""Sparksburgh"", ""country"": ""Sierra Leone"", ""is_primary"": false}]","{""age"": 37, ""department"": ""Sales"", ""salary"": 43019.14, ""skills"": [""Programmer, applications"", ""Freight forwarder"", ""Technical author""]}","[{""type"": ""view"", ""timestamp"": ""2025-08-12T10:04:56""}, {""type"": ""edit"", ""timestamp"": ""2025-01-29T11:38:08""}, {""type"": ""edit"", ""timestamp"": ""2025-03-03T09:58:48""}]"
877,Kimberly Dominguez,sarah86@example.net,"[""ahead"", ""green"", ""instead""]","[{""street"": ""19231 Jennifer Pass Suite 069"", ""city"": ""South Bryce"", ""country"": ""Angola"", ""is_primary"": true}, {""street"": ""51798 Bentley Ramp"", ""city"": ""Joshuafort"", ""country"": ""Germany"", ""is_primary"": false}, {""street"": ""8871 Floyd Trace Suite 456"", ""city"": ""South Nancystad"", ""country"": ""South Africa"", ""is_primary"": false}]","{""age"": 58, ""department"": ""HR"", ""salary"": 135007.12, ""skills"": [""Journalist, magazine""]}",[]
878,Norma West,haley58@example.net,"[""whom"", ""sense"", ""card"", ""single""]","[{""street"": ""7190 Strickland Turnpike Suite 532"", ""city"": ""Port Danielside"", ""country"": ""Mexico"", ""is_primary"": false}, {""street"": ""138 Schaefer Crescent"", ""city"": ""East Katherineside"", ""country"": ""Saudi Arabia"", ""is_primary"": false}]","{""age"": 53, ""department"": ""Finance"", ""salary"": 109724.71, ""skills"": [""Teaching laboratory technician""]}","[{""type"": ""edit"", ""timestamp"": ""2025-09-30T13:17:54""}, {""type"": ""login"", ""timestamp"": ""2025-09-24T04:06:05""}, {""type"": ""login"", ""timestamp"": ""2025-07-23T19:22:51""}]"
879,Laura Kim,syoung@example.com,"[""enough"", ""again"", ""citizen"", ""station""]","[{""street"": ""2071 Christopher River Apt. 794"", ""city"": ""North Jennifer"", ""country"": ""Reunion"", ""is_primary"": true}, {""street"": ""559 Amy Neck Apt. 124"", ""city"": ""South Jodi"", ""country"": ""American Samoa"", ""is_primary"": false}]","{""age"": 37, ""department"": ""Marketing"", ""salary"": 45287.11, ""skills"": [""Water engineer"", ""Orthoptist"", ""Scientist, research (medical)""]}","[{""type"": ""purchase"", ""amount"": 16.77, ""currency"": ""EUR""}]"
880,Michael Casey,melissasnyder@example.com,"[""could"", ""place"", ""these""]","[{""street"": ""414 Spencer Alley"", ""city"": ""Shannonbury"", ""country"": ""Guadeloupe"", ""is_primary"": true}, {""street"": ""605 Mckay Stream Suite 744"", ""city"": ""Morrisonfurt"", ""country"": ""Romania"", ""is_primary"": true}, {""street"": ""71071 Charles Wells Suite 181"", ""city"": ""Pettymouth"", ""country"": ""Vanuatu"", ""is_primary"": true}]","{""age"": 26, ""department"": ""Sales"", ""salary"": 34774.49, ""skills"": [""Warden/ranger"", ""Scientist, clinical (histocompatibility and immunogenetics)""]}","[{""type"": ""purchase"", ""amount"": 761.19, ""currency"": ""GBP""}]"
881,Edward Shaw,danielalexander@example.com,"[""maintain"", ""theory"", ""choose"", ""animal""]","[{""street"": ""66427 Steven Tunnel"", ""city"": ""Paulshire"", ""country"": ""Lao People's Democratic Republic"", ""is_primary"": false}, {""street"": ""0828 Travis Causeway"", ""city"": ""New Jenniferport"", ""country"": ""Rwanda"", ""is_primary"": false}, {""street"": ""64700 Gillespie Plaza Apt. 208"", ""city"": ""West Jasminehaven"", ""country"": ""Palestinian Territory"", ""is_primary"": true}]","{""age"": 64, ""department"": ""Finance"", ""salary"": 92506.47, ""skills"": [""Chief of Staff""]}","[{""type"": ""edit"", ""timestamp"": ""2025-08-28T02:36:14""}, {""type"": ""login"", ""timestamp"": ""2025-07-19T08:54:51""}, {""type"": ""login"", ""timestamp"": ""2025-01-31T12:12:48""}]"
882,Steven Palmer,qgraham@example.net,"[""situation"", ""arm"", ""trouble""]","[{""street"": ""3528 Maria Plains Apt. 510"", ""city"": ""Barkerhaven"", ""country"": ""Montserrat"", ""is_primary"": true}, {""street"": ""742 John Common"", ""city"": ""West Tanya"", ""country"": ""Guam"", ""is_primary"": false}]","{""age"": 64, ""department"": ""Engineering"", ""salary"": 47162.55, ""skills"": [""Psychotherapist"", ""Chiropractor""]}","[{""type"": ""edit"", ""timestamp"": ""2025-10-25T19:31:59""}, {""type"": ""edit"", ""timestamp"": ""2025-06-04T10:35:57""}, {""type"": ""view"", ""timestamp"": ""2025-04-03T15:01:55""}]"
883,Jeremy Harrington PhD,joshua30@example.net,"[""receive"", ""well"", ""color"", ""later"", ""yet""]","[{""street"": ""0074 James Green Suite 354"", ""city"": ""Lukechester"", ""country"": ""Korea"", ""is_primary"": false}, {""street"": ""98066 Washington Points"", ""city"": ""Melissastad"", ""country"": ""France"", ""is_primary"": true}, {""street"": ""82672 Stephen Station Suite 970"", ""city"": ""New Michaelfort"", ""country"": ""Burundi"", ""is_primary"": true}]","{""age"": 22, ""department"": ""Finance"", ""salary"": 99230.01, ""skills"": [""Journalist, magazine"", ""Surveyor, hydrographic"", ""Press photographer""]}","[{""type"": ""view"", ""timestamp"": ""2025-09-20T13:09:23""}, {""type"": ""view"", ""timestamp"": ""2025-06-15T12:28:43""}, {""type"": ""login"", ""timestamp"": ""2025-04-25T00:49:13""}]"
884,Christopher Castro,timothy65@example.com,"[""character"", ""design""]","[{""street"": ""45275 Paul Tunnel Suite 722"", ""city"": ""Buchananbury"", ""country"": ""Eritrea"", ""is_primary"": false}]","{""age"": 71, ""department"": ""Finance"", ""salary"": 73085.48, ""skills"": [""Housing manager/officer""]}","[{""type"": ""view"", ""timestamp"": ""2025-02-15T03:51:20""}, {""type"": ""login"", ""timestamp"": ""2025-04-11T21:42:49""}]"
885,Darlene Higgins,david25@example.net,"[""whose"", ""late"", ""trouble"", ""treat"", ""try""]","[{""street"": ""03262 Luna Garden Suite 797"", ""city"": ""South Martha"", ""country"": ""Jordan"", ""is_primary"": true}, {""street"": ""3502 Rodriguez Brook"", ""city"": ""Wileyhaven"", ""country"": ""Syrian Arab Republic"", ""is_primary"": true}, {""street"": ""468 Elizabeth Station"", ""city"": ""Lake Chelsea"", ""country"": ""Pakistan"", ""is_primary"": false}]","{""age"": 48, ""department"": ""HR"", ""salary"": 42114.68, ""skills"": [""Music tutor"", ""Chartered accountant"", ""Lecturer, further education"", ""Visual merchandiser""]}","[{""type"": ""view"", ""timestamp"": ""2025-06-18T21:49:36""}, {""type"": ""purchase"", ""amount"": 759.78, ""currency"": ""GBP""}, {""type"": ""edit"", ""timestamp"": ""2025-07-21T17:08:02""}]"
886,Daniel Sharp,woodslaura@example.com,"[""hospital"", ""situation"", ""describe"", ""military""]","[{""street"": ""0725 Herman Unions Suite 164"", ""city"": ""Keyshire"", ""country"": ""Isle of Man"", ""is_primary"": false}]","{""age"": 80, ""department"": ""Finance"", ""salary"": 33888.14, ""skills"": [""Commercial horticulturist""]}","[{""type"": ""purchase"", ""amount"": 633.67, ""currency"": ""EUR""}, {""type"": ""edit"", ""timestamp"": ""2025-09-11T22:56:47""}, {""type"": ""purchase"", ""amount"": 421.96, ""currency"": ""EUR""}]"
887,Susan Clark,grogers@example.net,"[""ready"", ""reveal""]","[{""street"": ""263 Williams Crossroad"", ""city"": ""Jamieside"", ""country"": ""Sri Lanka"", ""is_primary"": false}, {""street"": ""8780 Boyd Shoals Suite 051"", ""city"": ""Melanietown"", ""country"": ""Botswana"", ""is_primary"": false}]","{""age"": 28, ""department"": ""HR"", ""salary"": 137390.89, ""skills"": [""Field seismologist"", ""Radiation protection practitioner""]}",[]
888,Michael Farrell,michaelbrown@example.com,"[""only"", ""heart""]","[{""street"": ""581 Wright View Apt. 215"", ""city"": ""Gonzalezmouth"", ""country"": ""Svalbard & Jan Mayen Islands"", ""is_primary"": false}]","{""age"": 55, ""department"": ""HR"", ""salary"": 118972.07, ""skills"": [""Artist"", ""Scientist, marine""]}","[{""type"": ""edit"", ""timestamp"": ""2025-06-02T21:10:16""}]"
889,Ernest Jones,baldwinmatthew@example.net,"[""total"", ""draw"", ""people""]","[{""street"": ""93621 Greene Circles"", ""city"": ""Davidland"", ""country"": ""Niger"", ""is_primary"": true}, {""street"": ""165 Joshua Forge"", ""city"": ""Thomasbury"", ""country"": ""Lebanon"", ""is_primary"": true}, {""street"": ""160 Simon Curve"", ""city"": ""South Cindyshire"", ""country"": ""Lesotho"", ""is_primary"": true}]","{""age"": 70, ""department"": ""Engineering"", ""salary"": 48522.37, ""skills"": [""Youth worker"", ""Warehouse manager"", ""Museum/gallery conservator""]}","[{""type"": ""purchase"", ""amount"": 267.54, ""currency"": ""EUR""}, {""type"": ""edit"", ""timestamp"": ""2025-10-21T02:13:59""}, {""type"": ""login"", ""timestamp"": ""2025-06-02T01:11:16""}]"
890,Sarah Lopez,william72@example.org,"[""manager"", ""those""]","[{""street"": ""625 Daniel Fort Suite 669"", ""city"": ""Dianaton"", ""country"": ""Greenland"", ""is_primary"": true}, {""street"": ""1583 Roy Lake"", ""city"": ""Meganview"", ""country"": ""Tanzania"", ""is_primary"": true}, {""street"": ""664 Deborah Islands Suite 347"", ""city"": ""Charlesbury"", ""country"": ""Taiwan"", ""is_primary"": true}]","{""age"": 73, ""department"": ""Marketing"", ""salary"": 77445.89, ""skills"": [""Pilot, airline""]}",[]
891,Mr. Nicholas Curry,jonathan91@example.com,"[""lawyer"", ""make"", ""on"", ""score"", ""almost""]","[{""street"": ""44267 Little Corners Suite 113"", ""city"": ""Davisville"", ""country"": ""South Africa"", ""is_primary"": true}]","{""age"": 55, ""department"": ""Engineering"", ""salary"": 98278.65, ""skills"": [""Forest/woodland manager""]}","[{""type"": ""view"", ""timestamp"": ""2025-10-20T16:25:28""}]"
892,Kevin Gomez,dunncasey@example.com,"[""current"", ""watch"", ""hotel"", ""lot""]","[{""street"": ""51934 Williams Course Apt. 703"", ""city"": ""Lambertberg"", ""country"": ""Marshall Islands"", ""is_primary"": true}]","{""age"": 43, ""department"": ""HR"", ""salary"": 32337.79, ""skills"": [""Engineer, civil (contracting)"", ""Art therapist"", ""Advertising art director"", ""Museum education officer""]}","[{""type"": ""view"", ""timestamp"": ""2025-09-05T01:56:56""}, {""type"": ""view"", ""timestamp"": ""2025-05-23T00:30:40""}]"
893,Michael Mcbride,youngsarah@example.org,"[""very"", ""position"", ""cover"", ""suddenly""]","[{""street"": ""619 Willie Parkways Suite 482"", ""city"": ""New Jessicastad"", ""country"": ""Micronesia"", ""is_primary"": false}, {""street"": ""75886 Heather Rest"", ""city"": ""South Kellyville"", ""country"": ""Cook Islands"", ""is_primary"": false}, {""street"": ""3347 Frank Place"", ""city"": ""Kellytown"", ""country"": ""Trinidad and Tobago"", ""is_primary"": true}]","{""age"": 57, ""department"": ""HR"", ""salary"": 82868.28, ""skills"": [""Development worker, community"", ""Psychologist, counselling"", ""Surgeon""]}","[{""type"": ""purchase"", ""amount"": 559.9, ""currency"": ""GBP""}, {""type"": ""view"", ""timestamp"": ""2025-02-22T19:14:06""}, {""type"": ""purchase"", ""amount"": 117.71, ""currency"": ""USD""}]"
894,Anna Brown,jennifergraham@example.net,"[""condition"", ""state""]","[{""street"": ""210 Cohen Viaduct"", ""city"": ""Davisland"", ""country"": ""Malawi"", ""is_primary"": false}, {""street"": ""8149 Jennifer Lock Apt. 929"", ""city"": ""West Eric"", ""country"": ""Slovenia"", ""is_primary"": false}, {""street"": ""464 Schroeder Ways Apt. 528"", ""city"": ""Port Gerald"", ""country"": ""Spain"", ""is_primary"": true}]","{""age"": 47, ""department"": ""Engineering"", ""salary"": 88777.87, ""skills"": [""English as a foreign language teacher"", ""IT sales professional""]}",[]
895,Grace Estrada,robertskathleen@example.com,"[""question"", ""feel""]","[{""street"": ""0975 Brittney Well Apt. 546"", ""city"": ""North Brandon"", ""country"": ""Sudan"", ""is_primary"": false}, {""street"": ""66259 Porter Points"", ""city"": ""Coffeymouth"", ""country"": ""Martinique"", ""is_primary"": true}, {""street"": ""68917 Thompson Glens"", ""city"": ""East Pamelashire"", ""country"": ""Timor-Leste"", ""is_primary"": false}]","{""age"": 32, ""department"": ""Marketing"", ""salary"": 62536.83, ""skills"": [""Logistics and distribution manager"", ""Architectural technologist"", ""Doctor, hospital""]}","[{""type"": ""purchase"", ""amount"": 467.11, ""currency"": ""GBP""}, {""type"": ""view"", ""timestamp"": ""2025-10-21T13:06:09""}, {""type"": ""edit"", ""timestamp"": ""2025-09-02T03:59:16""}]"
896,Misty Allen,kjohnson@example.com,"[""man"", ""behind""]","[{""street"": ""650 Harris Walks"", ""city"": ""Brownfort"", ""country"": ""Rwanda"", ""is_primary"": true}, {""street"": ""1814 Laurie Mall Apt. 823"", ""city"": ""North Sherrifurt"", ""country"": ""Slovakia (Slovak Republic)"", ""is_primary"": true}, {""street"": ""365 Johnson Forest"", ""city"": ""Port Jasmine"", ""country"": ""Palau"", ""is_primary"": true}]","{""age"": 31, ""department"": ""HR"", ""salary"": 41695.61, ""skills"": [""Comptroller""]}",[]
897,Rachel Ruiz,kmccullough@example.org,"[""box"", ""thus"", ""bit""]","[{""street"": ""809 Nguyen Mountains"", ""city"": ""East Bethany"", ""country"": ""Nigeria"", ""is_primary"": false}, {""street"": ""418 Edwards Fork Apt. 628"", ""city"": ""Leonardshire"", ""country"": ""South Georgia and the South Sandwich Islands"", ""is_primary"": false}]","{""age"": 65, ""department"": ""HR"", ""salary"": 58808.77, ""skills"": [""Clinical cytogeneticist"", ""Physicist, medical""]}","[{""type"": ""view"", ""timestamp"": ""2025-04-18T14:14:10""}, {""type"": ""edit"", ""timestamp"": ""2025-08-19T22:53:40""}]"
898,Lisa Rose,tstewart@example.com,"[""interesting"", ""hot"", ""almost""]","[{""street"": ""235 Cook Stream Suite 198"", ""city"": ""Douglasbury"", ""country"": ""Tunisia"", ""is_primary"": true}]","{""age"": 34, ""department"": ""Engineering"", ""salary"": 133277.67, ""skills"": [""Advertising account planner"", ""Counselling psychologist""]}",[]
899,Kayla Cox,gboyd@example.net,"[""mind"", ""word"", ""they""]","[{""street"": ""32433 Gonzalez Manor"", ""city"": ""Port Christine"", ""country"": ""United States Virgin Islands"", ""is_primary"": false}, {""street"": ""13423 Black Vista Suite 711"", ""city"": ""Alyssashire"", ""country"": ""Serbia"", ""is_primary"": false}, {""street"": ""9079 Webb Trail"", ""city"": ""Smithport"", ""country"": ""Western Sahara"", ""is_primary"": true}]","{""age"": 40, ""department"": ""Marketing"", ""salary"": 138934.65, ""skills"": [""Tourist information centre manager"", ""Editorial assistant"", ""Estate manager/land agent"", ""Engineer, chemical""]}","[{""type"": ""view"", ""timestamp"": ""2025-10-16T06:26:49""}]"
900,Julie King,wilsontiffany@example.net,"[""coach"", ""reach"", ""action"", ""partner"", ""yes""]","[{""street"": ""90638 Wesley Gateway Apt. 712"", ""city"": ""New Timville"", ""country"": ""Jersey"", ""is_primary"": true}, {""street"": ""349 Jacob Garden"", ""city"": ""New Robert"", ""country"": ""Iraq"", ""is_primary"": false}]","{""age"": 31, ""department"": ""Sales"", ""salary"": 85896.79, ""skills"": [""Nurse, learning disability""]}","[{""type"": ""view"", ""timestamp"": ""2025-04-24T05:42:48""}, {""type"": ""view"", ""timestamp"": ""2025-02-24T01:33:16""}, {""type"": ""purchase"", ""amount"": 738.65, ""currency"": ""USD""}]"
901,Sharon Perez,diane34@example.com,"[""model"", ""cost"", ""already""]","[{""street"": ""8433 Myers Trail Suite 974"", ""city"": ""New Crystal"", ""country"": ""Morocco"", ""is_primary"": true}]","{""age"": 29, ""department"": ""HR"", ""salary"": 80008.97, ""skills"": [""Architectural technologist"", ""Furniture designer"", ""Scientist, research (maths)"", ""Therapist, sports""]}","[{""type"": ""edit"", ""timestamp"": ""2025-10-05T03:01:07""}, {""type"": ""purchase"", ""amount"": 942.99, ""currency"": ""EUR""}]"
902,Tiffany Fields,harrisbrian@example.org,"[""teach"", ""involve"", ""newspaper"", ""just"", ""season""]","[{""street"": ""1495 Stacey Shore Suite 307"", ""city"": ""Lake Haydenhaven"", ""country"": ""North Macedonia"", ""is_primary"": true}]","{""age"": 58, ""department"": ""Engineering"", ""salary"": 59187.55, ""skills"": [""Tour manager""]}","[{""type"": ""view"", ""timestamp"": ""2025-10-16T01:39:07""}]"
903,Allison Stevens,jenniferalvarez@example.org,"[""man"", ""police"", ""food"", ""quickly"", ""read""]","[{""street"": ""57910 Anderson Center"", ""city"": ""East Mary"", ""country"": ""South Georgia and the South Sandwich Islands"", ""is_primary"": true}, {""street"": ""40667 Monica Park Suite 233"", ""city"": ""Port Bruce"", ""country"": ""Anguilla"", ""is_primary"": false}, {""street"": ""53401 Timothy Circle"", ""city"": ""North Samanthaberg"", ""country"": ""Estonia"", ""is_primary"": false}]","{""age"": 33, ""department"": ""Sales"", ""salary"": 117854.43, ""skills"": [""Therapist, sports"", ""Psychologist, clinical""]}","[{""type"": ""login"", ""timestamp"": ""2025-05-24T05:03:21""}, {""type"": ""edit"", ""timestamp"": ""2025-01-31T06:20:46""}]"
904,James Owen,haroldgarcia@example.com,"[""hear"", ""test"", ""later"", ""actually""]","[{""street"": ""46483 Diane Gateway"", ""city"": ""Taylormouth"", ""country"": ""Serbia"", ""is_primary"": true}, {""street"": ""77593 Matthew Center"", ""city"": ""North Susantown"", ""country"": ""Albania"", ""is_primary"": false}]","{""age"": 39, ""department"": ""Finance"", ""salary"": 90213.14, ""skills"": [""Operations geologist"", ""Actuary"", ""Engineer, water""]}","[{""type"": ""edit"", ""timestamp"": ""2025-08-22T00:28:47""}, {""type"": ""login"", ""timestamp"": ""2025-02-27T18:11:42""}]"
905,Jeffery Everett,alexis81@example.org,"[""officer"", ""indeed"", ""name""]","[{""street"": ""0425 Richard Neck"", ""city"": ""North Jasonside"", ""country"": ""Sao Tome and Principe"", ""is_primary"": true}, {""street"": ""980 Mcdonald Manor Apt. 856"", ""city"": ""North Johnbury"", ""country"": ""Cook Islands"", ""is_primary"": true}]","{""age"": 58, ""department"": ""Sales"", ""salary"": 37324.47, ""skills"": [""Futures trader"", ""Engineer, maintenance (IT)"", ""Engineer, communications""]}","[{""type"": ""login"", ""timestamp"": ""2025-02-13T21:04:19""}, {""type"": ""purchase"", ""amount"": 580.46, ""currency"": ""USD""}, {""type"": ""purchase"", ""amount"": 49.93, ""currency"": ""EUR""}]"
906,Mrs. Elizabeth Hickman MD,kimberly55@example.com,"[""family"", ""any"", ""detail"", ""article""]","[{""street"": ""619 Carroll Creek Apt. 910"", ""city"": ""East David"", ""country"": ""Solomon Islands"", ""is_primary"": false}, {""street"": ""3577 Jennings Throughway Apt. 627"", ""city"": ""Neilburgh"", ""country"": ""Germany"", ""is_primary"": true}, {""street"": ""089 Ford Place"", ""city"": ""Amandaberg"", ""country"": ""United States of America"", ""is_primary"": false}]","{""age"": 24, ""department"": ""HR"", ""salary"": 88237.46, ""skills"": [""Hydrographic surveyor""]}","[{""type"": ""view"", ""timestamp"": ""2025-03-28T22:51:36""}, {""type"": ""purchase"", ""amount"": 933.07, ""currency"": ""USD""}]"
907,Brian Randolph Jr.,kjohnson@example.org,"[""leave"", ""ask"", ""second"", ""result"", ""street""]","[{""street"": ""725 Miller Harbors Apt. 521"", ""city"": ""South Wendy"", ""country"": ""Aruba"", ""is_primary"": true}]","{""age"": 32, ""department"": ""Sales"", ""salary"": 97703.39, ""skills"": [""Medical technical officer"", ""Production manager"", ""Archivist"", ""Colour technologist""]}","[{""type"": ""view"", ""timestamp"": ""2025-09-04T09:35:16""}, {""type"": ""view"", ""timestamp"": ""2025-04-25T19:06:30""}, {""type"": ""view"", ""timestamp"": ""2025-09-25T11:35:46""}]"
908,Eric Harrell,rachel07@example.org,"[""bar"", ""fire"", ""difference"", ""natural""]","[{""street"": ""97026 James Causeway"", ""city"": ""Michelleland"", ""country"": ""Wallis and Futuna"", ""is_primary"": true}, {""street"": ""6687 Williams Meadow"", ""city"": ""New Juliafurt"", ""country"": ""Gambia"", ""is_primary"": true}]","{""age"": 79, ""department"": ""Engineering"", ""salary"": 108743.03, ""skills"": [""Physicist, medical"", ""Psychologist, prison and probation services"", ""Magazine features editor"", ""Speech and language therapist""]}","[{""type"": ""view"", ""timestamp"": ""2025-04-13T11:47:01""}, {""type"": ""view"", ""timestamp"": ""2025-09-02T02:29:05""}, {""type"": ""view"", ""timestamp"": ""2025-06-17T19:37:26""}]"
909,Craig Leon,mhernandez@example.net,"[""poor"", ""college"", ""dream"", ""believe"", ""goal""]","[{""street"": ""4345 Jonathan Drive Suite 509"", ""city"": ""Lake Christophershire"", ""country"": ""Greece"", ""is_primary"": true}, {""street"": ""851 Sanders Grove Apt. 304"", ""city"": ""Nathanielton"", ""country"": ""Micronesia"", ""is_primary"": false}]","{""age"": 63, ""department"": ""HR"", ""salary"": 74585.67, ""skills"": [""Scientist, forensic""]}",[]
910,Peter Hardy,douglasmartin@example.org,"[""entire"", ""produce"", ""word"", ""career""]","[{""street"": ""831 Camacho Parkway"", ""city"": ""New Jacobside"", ""country"": ""Chile"", ""is_primary"": true}, {""street"": ""67521 Booth Glens Suite 026"", ""city"": ""South Kristinfurt"", ""country"": ""Tanzania"", ""is_primary"": true}]","{""age"": 40, ""department"": ""Finance"", ""salary"": 94126.92, ""skills"": [""Insurance claims handler"", ""Warehouse manager"", ""Conservator, furniture""]}","[{""type"": ""purchase"", ""amount"": 749.3, ""currency"": ""GBP""}]"
911,Shawn Huffman,gnicholson@example.com,"[""local"", ""deal"", ""order""]","[{""street"": ""0654 Ernest Squares"", ""city"": ""Williamborough"", ""country"": ""United States Minor Outlying Islands"", ""is_primary"": false}]","{""age"": 80, ""department"": ""Sales"", ""salary"": 49731.37, ""skills"": [""Producer, television/film/video""]}","[{""type"": ""purchase"", ""amount"": 542.97, ""currency"": ""USD""}]"
912,Robert Price,curtis46@example.org,"[""town"", ""ahead"", ""several"", ""it"", ""make""]","[{""street"": ""8790 William Radial Suite 762"", ""city"": ""Codyfort"", ""country"": ""Argentina"", ""is_primary"": false}, {""street"": ""01072 Alexander Motorway"", ""city"": ""Michellemouth"", ""country"": ""Lithuania"", ""is_primary"": false}]","{""age"": 33, ""department"": ""Engineering"", ""salary"": 63493.35, ""skills"": [""Land""]}","[{""type"": ""purchase"", ""amount"": 105.89, ""currency"": ""EUR""}]"
913,Lawrence Sutton,lanebrian@example.net,"[""mean"", ""receive""]","[{""street"": ""077 Stephen Gardens Apt. 677"", ""city"": ""Lindaburgh"", ""country"": ""Indonesia"", ""is_primary"": false}]","{""age"": 29, ""department"": ""Marketing"", ""salary"": 118171.14, ""skills"": [""Personnel officer""]}","[{""type"": ""view"", ""timestamp"": ""2025-09-10T05:48:20""}, {""type"": ""edit"", ""timestamp"": ""2025-01-09T10:44:06""}, {""type"": ""login"", ""timestamp"": ""2025-10-04T17:37:00""}]"
914,Jeffrey Smith,philip43@example.org,"[""whose"", ""would""]","[{""street"": ""216 Gomez Plain"", ""city"": ""Davisville"", ""country"": ""Montenegro"", ""is_primary"": false}]","{""age"": 36, ""department"": ""HR"", ""salary"": 139510.45, ""skills"": [""Engineer, structural"", ""Fashion designer""]}","[{""type"": ""purchase"", ""amount"": 967.39, ""currency"": ""EUR""}, {""type"": ""purchase"", ""amount"": 339.32, ""currency"": ""USD""}]"
915,Robert Johnson,martinjennifer@example.org,"[""consumer"", ""state"", ""situation""]","[{""street"": ""2334 Joe Plains"", ""city"": ""Port Nathanmouth"", ""country"": ""Latvia"", ""is_primary"": true}, {""street"": ""957 Marie Ville"", ""city"": ""East Robert"", ""country"": ""Djibouti"", ""is_primary"": false}, {""street"": ""78024 Justin Plain Suite 709"", ""city"": ""Port Scott"", ""country"": ""Luxembourg"", ""is_primary"": true}]","{""age"": 60, ""department"": ""Sales"", ""salary"": 84328.05, ""skills"": [""Midwife"", ""Museum/gallery exhibitions officer"", ""Interior and spatial designer""]}","[{""type"": ""view"", ""timestamp"": ""2025-02-25T03:49:15""}, {""type"": ""login"", ""timestamp"": ""2025-10-29T15:21:02""}, {""type"": ""view"", ""timestamp"": ""2025-02-15T00:42:16""}]"
916,Tamara Kerr,holmeslinda@example.org,"[""set"", ""we"", ""song""]","[{""street"": ""7476 Boyd Estate Suite 862"", ""city"": ""Rebeccamouth"", ""country"": ""Bouvet Island (Bouvetoya)"", ""is_primary"": true}, {""street"": ""276 Jennifer Centers Suite 161"", ""city"": ""Churchfort"", ""country"": ""Nauru"", ""is_primary"": true}, {""street"": ""7740 Riley Squares Apt. 938"", ""city"": ""Heatherfort"", ""country"": ""Denmark"", ""is_primary"": false}]","{""age"": 44, ""department"": ""Marketing"", ""salary"": 51745.84, ""skills"": [""Surveyor, minerals"", ""Designer, jewellery"", ""Psychiatric nurse""]}","[{""type"": ""view"", ""timestamp"": ""2025-08-27T03:00:45""}, {""type"": ""login"", ""timestamp"": ""2025-10-28T13:23:41""}, {""type"": ""edit"", ""timestamp"": ""2025-03-31T23:57:33""}]"
917,Amanda Davis,vincent44@example.net,"[""total"", ""base"", ""away"", ""sound""]","[{""street"": ""42160 Brett Trace Apt. 865"", ""city"": ""Tuckerfurt"", ""country"": ""Chad"", ""is_primary"": false}, {""street"": ""6437 Thomas Plains"", ""city"": ""West Brooke"", ""country"": ""Uganda"", ""is_primary"": false}, {""street"": ""593 William Fall"", ""city"": ""South Jamiehaven"", ""country"": ""Libyan Arab Jamahiriya"", ""is_primary"": true}]","{""age"": 64, ""department"": ""Marketing"", ""salary"": 125559.58, ""skills"": [""Environmental manager"", ""Surveyor, quantity""]}","[{""type"": ""purchase"", ""amount"": 16.95, ""currency"": ""GBP""}, {""type"": ""view"", ""timestamp"": ""2025-07-04T13:27:03""}]"
918,Eric Kaufman,hammondashley@example.com,"[""toward"", ""individual"", ""least"", ""husband"", ""race""]","[{""street"": ""2128 Terrance Fall"", ""city"": ""North Rodneyport"", ""country"": ""Netherlands"", ""is_primary"": false}]","{""age"": 66, ""department"": ""Engineering"", ""salary"": 137748.34, ""skills"": [""Accommodation manager""]}","[{""type"": ""view"", ""timestamp"": ""2025-07-07T09:12:26""}, {""type"": ""edit"", ""timestamp"": ""2025-03-17T15:04:56""}]"
919,Howard Li,jeffery52@example.net,"[""behavior"", ""check"", ""box"", ""identify""]","[{""street"": ""31099 Villanueva Landing Apt. 994"", ""city"": ""South Jerryhaven"", ""country"": ""Colombia"", ""is_primary"": false}, {""street"": ""394 Jones Landing"", ""city"": ""South Michaelstad"", ""country"": ""Comoros"", ""is_primary"": true}]","{""age"": 19, ""department"": ""Finance"", ""salary"": 75815.18, ""skills"": [""Fine artist"", ""Therapist, drama"", ""Government social research officer"", ""Environmental consultant""]}",[]
920,Kimberly Dominguez,williamdecker@example.org,"[""name"", ""war""]","[{""street"": ""47466 Aaron Mountains"", ""city"": ""Sallyville"", ""country"": ""Tonga"", ""is_primary"": false}, {""street"": ""2060 Robert Shoal"", ""city"": ""West Derekview"", ""country"": ""American Samoa"", ""is_primary"": false}]","{""age"": 51, ""department"": ""HR"", ""salary"": 138022.38, ""skills"": [""Private music teacher"", ""Translator""]}","[{""type"": ""view"", ""timestamp"": ""2025-04-25T18:48:45""}, {""type"": ""edit"", ""timestamp"": ""2025-06-17T12:59:48""}]"
921,Richard Ruiz,morrisjonathan@example.com,"[""fast"", ""spring"", ""way""]","[{""street"": ""57067 Horton Ramp Suite 680"", ""city"": ""Tamarafort"", ""country"": ""French Polynesia"", ""is_primary"": true}, {""street"": ""149 Matthew Radial Apt. 857"", ""city"": ""Santiagoview"", ""country"": ""Taiwan"", ""is_primary"": false}]","{""age"": 52, ""department"": ""Finance"", ""salary"": 102250.2, ""skills"": [""Geologist, engineering"", ""Electronics engineer""]}","[{""type"": ""edit"", ""timestamp"": ""2025-06-27T05:27:19""}, {""type"": ""login"", ""timestamp"": ""2025-07-25T00:11:19""}]"
922,Connie Brown,ktaylor@example.net,"[""group"", ""teacher"", ""between"", ""political"", ""audience""]","[{""street"": ""973 Welch Fords"", ""city"": ""Foxburgh"", ""country"": ""Venezuela"", ""is_primary"": true}, {""street"": ""29292 Tabitha Well"", ""city"": ""Williamborough"", ""country"": ""Saint Vincent and the Grenadines"", ""is_primary"": false}]","{""age"": 72, ""department"": ""Finance"", ""salary"": 46926.93, ""skills"": [""Farm manager"", ""Psychotherapist, dance movement"", ""Health visitor"", ""Pilot, airline""]}","[{""type"": ""view"", ""timestamp"": ""2025-03-30T17:48:29""}, {""type"": ""login"", ""timestamp"": ""2025-04-18T12:11:06""}, {""type"": ""login"", ""timestamp"": ""2025-04-16T17:46:38""}]"
923,James Watkins,greenfred@example.org,"[""nature"", ""hit"", ""kind"", ""approach"", ""prepare""]","[{""street"": ""8267 Andrew Row"", ""city"": ""Douglasburgh"", ""country"": ""Czech Republic"", ""is_primary"": true}, {""street"": ""941 Melissa Port"", ""city"": ""Muellerville"", ""country"": ""Eritrea"", ""is_primary"": false}]","{""age"": 53, ""department"": ""Marketing"", ""salary"": 43329.18, ""skills"": [""Loss adjuster, chartered"", ""Engineer, petroleum""]}","[{""type"": ""purchase"", ""amount"": 513.45, ""currency"": ""USD""}, {""type"": ""purchase"", ""amount"": 194.24, ""currency"": ""EUR""}]"
924,Daniel Chung,sheilacaldwell@example.net,"[""trade"", ""how"", ""south"", ""then"", ""military""]","[{""street"": ""897 Tonya Creek Suite 922"", ""city"": ""South Jessicafort"", ""country"": ""Guatemala"", ""is_primary"": false}, {""street"": ""325 Erica Plains Suite 395"", ""city"": ""West Steven"", ""country"": ""Venezuela"", ""is_primary"": false}, {""street"": ""2204 Tucker Inlet Apt. 894"", ""city"": ""Johnsonhaven"", ""country"": ""Cote d'Ivoire"", ""is_primary"": false}]","{""age"": 60, ""department"": ""Marketing"", ""salary"": 52839.57, ""skills"": [""Sound technician, broadcasting/film/video"", ""Surveyor, quantity"", ""Training and development officer"", ""Hydrographic surveyor""]}","[{""type"": ""purchase"", ""amount"": 899.53, ""currency"": ""EUR""}, {""type"": ""edit"", ""timestamp"": ""2025-10-29T06:31:35""}, {""type"": ""edit"", ""timestamp"": ""2025-01-21T20:13:30""}]"
925,Jacqueline Perez,adrian13@example.net,"[""off"", ""its"", ""power"", ""all""]","[{""street"": ""944 Wallace Skyway Suite 600"", ""city"": ""Michellebury"", ""country"": ""Swaziland"", ""is_primary"": true}, {""street"": ""4494 Paul Branch Apt. 309"", ""city"": ""West Jasonberg"", ""country"": ""Ghana"", ""is_primary"": false}, {""street"": ""31813 Wright Port"", ""city"": ""Gilbertbury"", ""country"": ""Tunisia"", ""is_primary"": true}]","{""age"": 37, ""department"": ""Engineering"", ""salary"": 128061.22, ""skills"": [""Operational researcher""]}","[{""type"": ""login"", ""timestamp"": ""2025-01-25T20:14:55""}, {""type"": ""view"", ""timestamp"": ""2025-07-09T19:24:14""}, {""type"": ""login"", ""timestamp"": ""2025-04-06T05:50:12""}]"
926,Alex Sanders,barrymiller@example.org,"[""agency"", ""environment"", ""sport"", ""choice""]","[{""street"": ""832 Andrea Isle"", ""city"": ""Shelleybury"", ""country"": ""Guadeloupe"", ""is_primary"": true}]","{""age"": 78, ""department"": ""Marketing"", ""salary"": 52394.96, ""skills"": [""Quality manager"", ""Forensic psychologist""]}","[{""type"": ""edit"", ""timestamp"": ""2025-09-08T22:00:17""}, {""type"": ""edit"", ""timestamp"": ""2025-09-22T02:53:26""}, {""type"": ""purchase"", ""amount"": 371.62, ""currency"": ""USD""}]"
927,Lauren Cook DVM,justinlogan@example.net,"[""owner"", ""whether"", ""would""]","[{""street"": ""7931 Franklin Dale Apt. 979"", ""city"": ""West Whitneyberg"", ""country"": ""Djibouti"", ""is_primary"": true}, {""street"": ""556 Thomas Corners Apt. 816"", ""city"": ""South Marie"", ""country"": ""Cuba"", ""is_primary"": true}, {""street"": ""7776 Anderson Radial Suite 161"", ""city"": ""Michellemouth"", ""country"": ""Liberia"", ""is_primary"": false}]","{""age"": 65, ""department"": ""Finance"", ""salary"": 63529.63, ""skills"": [""Publishing rights manager""]}","[{""type"": ""login"", ""timestamp"": ""2025-01-02T04:47:00""}, {""type"": ""edit"", ""timestamp"": ""2025-08-18T06:21:04""}]"
928,Jonathan Powers,sarah07@example.org,"[""little"", ""however"", ""imagine"", ""end"", ""analysis""]","[{""street"": ""59425 Brown Greens Apt. 420"", ""city"": ""Port Benjaminfort"", ""country"": ""Slovakia (Slovak Republic)"", ""is_primary"": false}, {""street"": ""25201 Christopher Canyon Apt. 386"", ""city"": ""Josephstad"", ""country"": ""Saint Kitts and Nevis"", ""is_primary"": true}]","{""age"": 49, ""department"": ""Marketing"", ""salary"": 123152.85, ""skills"": [""Scientist, research (physical sciences)"", ""Magazine features editor"", ""Scientist, product/process development""]}","[{""type"": ""login"", ""timestamp"": ""2025-04-07T08:01:54""}, {""type"": ""login"", ""timestamp"": ""2025-07-12T01:26:17""}]"
929,Dr. Cynthia Whitney,stonemichael@example.com,"[""big"", ""live"", ""spring"", ""phone"", ""few""]","[{""street"": ""8187 Ann Courts"", ""city"": ""Lake Ginaport"", ""country"": ""Mauritania"", ""is_primary"": true}, {""street"": ""9518 Susan Ways"", ""city"": ""New Ronaldmouth"", ""country"": ""Netherlands Antilles"", ""is_primary"": true}]","{""age"": 47, ""department"": ""Engineering"", ""salary"": 100976.39, ""skills"": [""Lexicographer""]}","[{""type"": ""purchase"", ""amount"": 257.99, ""currency"": ""EUR""}, {""type"": ""view"", ""timestamp"": ""2025-08-11T17:37:52""}]"
930,Tiffany Hanna,sanderseric@example.net,"[""last"", ""policy"", ""program""]","[{""street"": ""4284 Martin Grove"", ""city"": ""New Williammouth"", ""country"": ""Guernsey"", ""is_primary"": false}, {""street"": ""635 Stafford Haven Suite 718"", ""city"": ""North George"", ""country"": ""Fiji"", ""is_primary"": false}]","{""age"": 66, ""department"": ""Marketing"", ""salary"": 149654.79, ""skills"": [""Immunologist"", ""Accountant, chartered management"", ""Psychologist, sport and exercise"", ""Land/geomatics surveyor""]}","[{""type"": ""login"", ""timestamp"": ""2025-07-27T13:22:06""}, {""type"": ""login"", ""timestamp"": ""2025-01-17T14:32:11""}, {""type"": ""login"", ""timestamp"": ""2025-03-20T17:05:59""}]"
931,Joseph Lutz,rlee@example.net,"[""artist"", ""should"", ""place""]","[{""street"": ""01860 Baker Springs Apt. 104"", ""city"": ""Maryside"", ""country"": ""Indonesia"", ""is_primary"": true}]","{""age"": 78, ""department"": ""HR"", ""salary"": 60282.2, ""skills"": [""Water quality scientist""]}","[{""type"": ""edit"", ""timestamp"": ""2025-04-21T05:29:40""}, {""type"": ""login"", ""timestamp"": ""2025-03-21T20:03:57""}, {""type"": ""edit"", ""timestamp"": ""2025-07-20T02:16:49""}]"
932,Amy Kelly,icarey@example.com,"[""model"", ""wait"", ""attack"", ""brother"", ""but""]","[{""street"": ""361 James Hollow"", ""city"": ""West Desireemouth"", ""country"": ""Bouvet Island (Bouvetoya)"", ""is_primary"": false}]","{""age"": 59, ""department"": ""Marketing"", ""salary"": 91816.07, ""skills"": [""Electronics engineer""]}","[{""type"": ""purchase"", ""amount"": 424.05, ""currency"": ""EUR""}]"
933,Melanie Bennett,kaitlyncallahan@example.net,"[""financial"", ""ask"", ""recognize"", ""official"", ""show""]","[{""street"": ""6144 Denise Expressway Suite 014"", ""city"": ""South Nicholeshire"", ""country"": ""Liberia"", ""is_primary"": true}, {""street"": ""759 Timothy Alley"", ""city"": ""South Tyronemouth"", ""country"": ""Denmark"", ""is_primary"": true}]","{""age"": 44, ""department"": ""Engineering"", ""salary"": 104579.2, ""skills"": [""Scientist, forensic"", ""Sports coach"", ""Video editor""]}","[{""type"": ""purchase"", ""amount"": 135.88, ""currency"": ""EUR""}, {""type"": ""purchase"", ""amount"": 867.16, ""currency"": ""EUR""}, {""type"": ""edit"", ""timestamp"": ""2025-01-09T18:50:22""}]"
934,Sheri Esparza,johnsonantonio@example.org,"[""prove"", ""room"", ""television"", ""else"", ""kid""]","[{""street"": ""63369 Johnson Spurs Suite 265"", ""city"": ""Frankside"", ""country"": ""Jamaica"", ""is_primary"": false}, {""street"": ""395 Poole Forks"", ""city"": ""Simsville"", ""country"": ""Mayotte"", ""is_primary"": false}, {""street"": ""36642 Walker Harbors Apt. 973"", ""city"": ""Alexandertown"", ""country"": ""Barbados"", ""is_primary"": false}]","{""age"": 74, ""department"": ""Sales"", ""salary"": 67306.73, ""skills"": [""Administrator, charities/voluntary organisations"", ""Engineer, land"", ""Freight forwarder""]}","[{""type"": ""purchase"", ""amount"": 555.66, ""currency"": ""USD""}]"
935,Kevin Smith,jherring@example.com,"[""position"", ""assume""]","[{""street"": ""99595 Jackson Causeway"", ""city"": ""West Thomasmouth"", ""country"": ""Saudi Arabia"", ""is_primary"": false}, {""street"": ""44331 Alyssa Field"", ""city"": ""North Andrew"", ""country"": ""Pakistan"", ""is_primary"": false}]","{""age"": 71, ""department"": ""HR"", ""salary"": 44091.5, ""skills"": [""Colour technologist""]}",[]
936,David Livingston,jacqueline67@example.com,"[""billion"", ""design"", ""building"", ""analysis""]","[{""street"": ""293 Andrews Underpass Suite 840"", ""city"": ""Kingland"", ""country"": ""Slovakia (Slovak Republic)"", ""is_primary"": false}, {""street"": ""282 Andrea Lakes"", ""city"": ""South Victoriatown"", ""country"": ""Burundi"", ""is_primary"": true}]","{""age"": 29, ""department"": ""Finance"", ""salary"": 54113.95, ""skills"": [""Engineer, maintenance"", ""Building surveyor"", ""Video editor"", ""Risk manager""]}",[]
937,Jeff Cardenas,warrenmichael@example.net,"[""approach"", ""energy"", ""anyone"", ""both""]","[{""street"": ""27653 Osborn Trace Apt. 188"", ""city"": ""North Evanfort"", ""country"": ""Iran"", ""is_primary"": true}, {""street"": ""0204 Myers Mission Suite 210"", ""city"": ""Scottville"", ""country"": ""Egypt"", ""is_primary"": false}]","{""age"": 62, ""department"": ""Marketing"", ""salary"": 30145.26, ""skills"": [""Acupuncturist"", ""Patent examiner"", ""Historic buildings inspector/conservation officer""]}","[{""type"": ""login"", ""timestamp"": ""2025-06-11T12:52:43""}, {""type"": ""edit"", ""timestamp"": ""2025-10-08T05:03:13""}, {""type"": ""edit"", ""timestamp"": ""2025-05-19T04:21:01""}]"
938,Paul Houston,rbell@example.net,"[""manage"", ""issue"", ""remember""]","[{""street"": ""4464 David Station Apt. 987"", ""city"": ""Staceychester"", ""country"": ""United States Virgin Islands"", ""is_primary"": false}, {""street"": ""4973 Rodriguez Radial Suite 206"", ""city"": ""South Regina"", ""country"": ""Cote d'Ivoire"", ""is_primary"": true}, {""street"": ""42767 Katie Passage Suite 272"", ""city"": ""West Daniel"", ""country"": ""Uruguay"", ""is_primary"": true}]","{""age"": 54, ""department"": ""Marketing"", ""salary"": 66512.77, ""skills"": [""Meteorologist"", ""Human resources officer"", ""Sports development officer""]}","[{""type"": ""edit"", ""timestamp"": ""2025-09-10T21:52:19""}, {""type"": ""view"", ""timestamp"": ""2025-08-12T13:29:56""}, {""type"": ""purchase"", ""amount"": 33.98, ""currency"": ""EUR""}]"
939,Ricky Henry,xhernandez@example.org,"[""support"", ""ground"", ""buy""]","[{""street"": ""2487 Hatfield Roads"", ""city"": ""Port Barbara"", ""country"": ""United Arab Emirates"", ""is_primary"": true}, {""street"": ""48404 Jefferson Mountain Suite 288"", ""city"": ""East Jasonchester"", ""country"": ""Germany"", ""is_primary"": false}]","{""age"": 57, ""department"": ""Marketing"", ""salary"": 102828.13, ""skills"": [""Administrator, local government"", ""Oncologist"", ""Restaurant manager, fast food"", ""Nurse, children's""]}","[{""type"": ""view"", ""timestamp"": ""2025-05-06T21:00:28""}, {""type"": ""view"", ""timestamp"": ""2025-05-05T01:06:56""}, {""type"": ""login"", ""timestamp"": ""2025-09-13T07:01:44""}]"
940,Jacob Spears,robertomoon@example.org,"[""fast"", ""while"", ""open"", ""read"", ""get""]","[{""street"": ""3927 White Turnpike Apt. 416"", ""city"": ""Edwardview"", ""country"": ""Australia"", ""is_primary"": true}, {""street"": ""636 Cline Crescent Apt. 935"", ""city"": ""Campbellburgh"", ""country"": ""Micronesia"", ""is_primary"": false}]","{""age"": 24, ""department"": ""Engineering"", ""salary"": 72660.28, ""skills"": [""Retail manager""]}","[{""type"": ""view"", ""timestamp"": ""2025-08-24T10:45:09""}, {""type"": ""purchase"", ""amount"": 600.68, ""currency"": ""EUR""}, {""type"": ""login"", ""timestamp"": ""2025-03-11T11:21:49""}]"
941,Elijah Lee,terry85@example.org,"[""feeling"", ""the"", ""although"", ""life""]","[{""street"": ""6175 Grimes Circles"", ""city"": ""New Christopherview"", ""country"": ""Samoa"", ""is_primary"": true}, {""street"": ""9354 Kevin Route Apt. 473"", ""city"": ""Brownhaven"", ""country"": ""Seychelles"", ""is_primary"": true}, {""street"": ""4224 Craig Way Suite 047"", ""city"": ""Port Kathleen"", ""country"": ""Guadeloupe"", ""is_primary"": false}]","{""age"": 65, ""department"": ""Marketing"", ""salary"": 33109.37, ""skills"": [""Presenter, broadcasting"", ""Secretary, company"", ""Engineer, manufacturing systems"", ""Planning and development surveyor""]}","[{""type"": ""login"", ""timestamp"": ""2025-10-17T22:47:24""}, {""type"": ""edit"", ""timestamp"": ""2025-03-25T03:38:47""}]"
942,Keith Collins,robertwilson@example.org,"[""now"", ""against"", ""institution"", ""always"", ""recent""]","[{""street"": ""572 Tanya Cliff Suite 072"", ""city"": ""Barrmouth"", ""country"": ""Central African Republic"", ""is_primary"": false}, {""street"": ""909 Lisa Canyon Suite 557"", ""city"": ""New Robert"", ""country"": ""Samoa"", ""is_primary"": true}]","{""age"": 24, ""department"": ""Finance"", ""salary"": 125328.41, ""skills"": [""Production assistant, television""]}","[{""type"": ""view"", ""timestamp"": ""2025-10-03T13:39:09""}, {""type"": ""purchase"", ""amount"": 709.79, ""currency"": ""EUR""}]"
943,Brett Miller,patricia66@example.net,"[""second"", ""set"", ""believe"", ""traditional"", ""yourself""]","[{""street"": ""5780 Deanna Lake Suite 187"", ""city"": ""Port Megan"", ""country"": ""Malta"", ""is_primary"": false}, {""street"": ""81378 Jones Cliff Apt. 510"", ""city"": ""Lake Mark"", ""country"": ""Solomon Islands"", ""is_primary"": false}]","{""age"": 44, ""department"": ""Finance"", ""salary"": 67798.92, ""skills"": [""Conference centre manager""]}","[{""type"": ""view"", ""timestamp"": ""2025-03-11T01:50:09""}, {""type"": ""login"", ""timestamp"": ""2025-03-28T00:12:45""}]"
944,Mrs. Jennifer Brown,joshuapope@example.org,"[""teacher"", ""dark"", ""television"", ""effort""]","[{""street"": ""80034 Stephanie Inlet Apt. 116"", ""city"": ""Lorrainemouth"", ""country"": ""Sweden"", ""is_primary"": true}, {""street"": ""39020 Erica Island"", ""city"": ""East Jessicaland"", ""country"": ""Angola"", ""is_primary"": true}, {""street"": ""02788 Fowler Hollow Apt. 518"", ""city"": ""West Elizabethfort"", ""country"": ""Bouvet Island (Bouvetoya)"", ""is_primary"": false}]","{""age"": 29, ""department"": ""Engineering"", ""salary"": 117830.46, ""skills"": [""Electronics engineer""]}","[{""type"": ""view"", ""timestamp"": ""2025-04-23T02:13:29""}]"
945,Suzanne Barber,castillomatthew@example.org,"[""check"", ""mouth"", ""minute"", ""choose""]","[{""street"": ""7106 Blake Drive"", ""city"": ""New Barbara"", ""country"": ""Zimbabwe"", ""is_primary"": true}, {""street"": ""181 Alexander Heights Apt. 048"", ""city"": ""Escobarville"", ""country"": ""British Virgin Islands"", ""is_primary"": false}]","{""age"": 23, ""department"": ""Marketing"", ""salary"": 103356.92, ""skills"": [""Professor Emeritus"", ""Health and safety inspector"", ""Engineer, manufacturing""]}","[{""type"": ""edit"", ""timestamp"": ""2025-02-24T19:32:44""}]"
946,Veronica Hogan,joycephillip@example.org,"[""stay"", ""get"", ""indicate"", ""power""]","[{""street"": ""321 Collins Passage"", ""city"": ""Wyatttown"", ""country"": ""Andorra"", ""is_primary"": true}, {""street"": ""50919 Martinez Route"", ""city"": ""West Christina"", ""country"": ""Mozambique"", ""is_primary"": false}]","{""age"": 49, ""department"": ""Marketing"", ""salary"": 134896.45, ""skills"": [""Electrical engineer"", ""Scientific laboratory technician"", ""Presenter, broadcasting"", ""Clinical molecular geneticist""]}","[{""type"": ""edit"", ""timestamp"": ""2025-09-15T16:32:40""}, {""type"": ""view"", ""timestamp"": ""2025-03-02T18:33:01""}, {""type"": ""edit"", ""timestamp"": ""2025-01-22T10:16:39""}]"
947,James Allen,dbarrett@example.net,"[""front"", ""old"", ""opportunity"", ""name""]","[{""street"": ""5203 Stafford Branch Apt. 873"", ""city"": ""Michaelhaven"", ""country"": ""Cyprus"", ""is_primary"": true}, {""street"": ""544 Gonzales Creek Apt. 298"", ""city"": ""Morrisonberg"", ""country"": ""Papua New Guinea"", ""is_primary"": false}, {""street"": ""8860 Smith Mountains"", ""city"": ""Grahamtown"", ""country"": ""Gambia"", ""is_primary"": false}]","{""age"": 26, ""department"": ""Sales"", ""salary"": 88842.73, ""skills"": [""Armed forces technical officer""]}","[{""type"": ""edit"", ""timestamp"": ""2025-08-03T05:10:21""}, {""type"": ""view"", ""timestamp"": ""2025-05-09T06:45:48""}]"
948,Hunter Bowers,mosleylori@example.com,"[""population"", ""degree"", ""really""]","[{""street"": ""13690 Garrett Harbors"", ""city"": ""Daltonmouth"", ""country"": ""Sierra Leone"", ""is_primary"": true}, {""street"": ""02353 Jackie Canyon"", ""city"": ""New Patricia"", ""country"": ""Norfolk Island"", ""is_primary"": true}]","{""age"": 39, ""department"": ""Sales"", ""salary"": 54075.16, ""skills"": [""Environmental education officer"", ""Town planner""]}","[{""type"": ""view"", ""timestamp"": ""2025-06-20T07:06:02""}, {""type"": ""login"", ""timestamp"": ""2025-07-18T14:54:22""}, {""type"": ""edit"", ""timestamp"": ""2025-06-16T07:18:03""}]"
949,Kyle Thompson,loganmoss@example.org,"[""consider"", ""draw""]","[{""street"": ""047 Jessica Branch Suite 047"", ""city"": ""Rollinschester"", ""country"": ""Vietnam"", ""is_primary"": false}, {""street"": ""3626 Salas Freeway Suite 140"", ""city"": ""Sandrachester"", ""country"": ""Tokelau"", ""is_primary"": false}]","{""age"": 75, ""department"": ""HR"", ""salary"": 77195.75, ""skills"": [""Health and safety adviser"", ""Midwife""]}","[{""type"": ""login"", ""timestamp"": ""2025-04-05T05:02:33""}, {""type"": ""purchase"", ""amount"": 983.27, ""currency"": ""USD""}]"
950,Jordan Hoffman,gphillips@example.com,"[""three"", ""class"", ""vote"", ""today"", ""onto""]","[{""street"": ""5630 Laura Center Apt. 129"", ""city"": ""Lake Jessicahaven"", ""country"": ""Bangladesh"", ""is_primary"": true}, {""street"": ""71175 Devin Shores Suite 534"", ""city"": ""Tiffanymouth"", ""country"": ""Cayman Islands"", ""is_primary"": false}, {""street"": ""731 Thomas Springs"", ""city"": ""North Amymouth"", ""country"": ""Czech Republic"", ""is_primary"": true}]","{""age"": 21, ""department"": ""Finance"", ""salary"": 102626.49, ""skills"": [""Comptroller"", ""Environmental education officer"", ""Advertising art director"", ""Visual merchandiser""]}","[{""type"": ""login"", ""timestamp"": ""2025-05-14T17:17:09""}, {""type"": ""view"", ""timestamp"": ""2025-08-25T17:41:06""}, {""type"": ""purchase"", ""amount"": 856.96, ""currency"": ""EUR""}]"
951,Sarah Stevenson,hallthomas@example.net,"[""travel"", ""worry"", ""what"", ""meet"", ""role""]","[{""street"": ""42143 Kaiser Groves"", ""city"": ""Robertchester"", ""country"": ""United States Virgin Islands"", ""is_primary"": true}, {""street"": ""0923 Reyes Knoll Apt. 143"", ""city"": ""South Nicholasburgh"", ""country"": ""Ecuador"", ""is_primary"": true}, {""street"": ""63824 Reed Crossing Apt. 291"", ""city"": ""Andersonhaven"", ""country"": ""Antigua and Barbuda"", ""is_primary"": false}]","{""age"": 25, ""department"": ""Marketing"", ""salary"": 127428.24, ""skills"": [""Investment analyst"", ""Adult guidance worker"", ""Patent examiner""]}","[{""type"": ""edit"", ""timestamp"": ""2025-06-18T01:55:28""}, {""type"": ""view"", ""timestamp"": ""2025-02-07T10:31:03""}]"
952,Tommy Moore,douglasabbott@example.net,"[""under"", ""how"", ""fill"", ""station"", ""close""]","[{""street"": ""2339 Wright Springs Suite 971"", ""city"": ""Port Dylanburgh"", ""country"": ""Chad"", ""is_primary"": true}, {""street"": ""508 Gwendolyn Well Apt. 762"", ""city"": ""North Joseph"", ""country"": ""Austria"", ""is_primary"": false}]","{""age"": 52, ""department"": ""Marketing"", ""salary"": 115122.68, ""skills"": [""Aeronautical engineer"", ""Diagnostic radiographer"", ""Copy""]}",[]
953,Lori Cooper,garciajames@example.net,"[""born"", ""election""]","[{""street"": ""6326 Elizabeth Junction Suite 389"", ""city"": ""Romeroton"", ""country"": ""Niue"", ""is_primary"": false}]","{""age"": 40, ""department"": ""Marketing"", ""salary"": 149351.92, ""skills"": [""Engineer, building services"", ""Estate agent"", ""Acupuncturist""]}","[{""type"": ""view"", ""timestamp"": ""2025-02-02T17:07:40""}, {""type"": ""edit"", ""timestamp"": ""2025-04-19T16:31:41""}, {""type"": ""login"", ""timestamp"": ""2025-04-16T02:00:05""}]"
954,Andrea Curtis,ehuynh@example.com,"[""hear"", ""company"", ""watch""]","[{""street"": ""98730 Karen Glens Apt. 616"", ""city"": ""South Gavin"", ""country"": ""Guyana"", ""is_primary"": false}]","{""age"": 21, ""department"": ""Sales"", ""salary"": 120031.6, ""skills"": [""Forest/woodland manager""]}","[{""type"": ""view"", ""timestamp"": ""2025-03-08T17:11:21""}]"
955,Christian Cruz,millerjoseph@example.org,"[""artist"", ""color"", ""job""]","[{""street"": ""45794 Adkins Parkways"", ""city"": ""Melissachester"", ""country"": ""Barbados"", ""is_primary"": true}, {""street"": ""0712 Bradley Well Apt. 861"", ""city"": ""West Anthony"", ""country"": ""Haiti"", ""is_primary"": true}]","{""age"": 80, ""department"": ""Marketing"", ""salary"": 75262.58, ""skills"": [""Building control surveyor"", ""Physicist, medical"", ""Amenity horticulturist""]}","[{""type"": ""edit"", ""timestamp"": ""2025-09-08T08:11:47""}]"
956,Marcus Reid,matthew50@example.org,"[""matter"", ""effort"", ""lot""]","[{""street"": ""299 Hunter Spur"", ""city"": ""Hernandezfurt"", ""country"": ""Mauritania"", ""is_primary"": false}, {""street"": ""44708 Harvey Drives"", ""city"": ""Donaldville"", ""country"": ""Madagascar"", ""is_primary"": true}, {""street"": ""160 Kimberly Tunnel Apt. 006"", ""city"": ""East Kimberlychester"", ""country"": ""Rwanda"", ""is_primary"": false}]","{""age"": 41, ""department"": ""Engineering"", ""salary"": 58922.2, ""skills"": [""Engineer, drilling"", ""Programme researcher, broadcasting/film/video""]}","[{""type"": ""login"", ""timestamp"": ""2025-09-13T07:59:44""}]"
957,Kathy Pitts,scott09@example.org,"[""probably"", ""wife""]","[{""street"": ""42695 Nicole Circles Suite 978"", ""city"": ""Port Josemouth"", ""country"": ""Reunion"", ""is_primary"": true}, {""street"": ""414 Sheryl Dale"", ""city"": ""Leeside"", ""country"": ""Mali"", ""is_primary"": true}]","{""age"": 29, ""department"": ""Sales"", ""salary"": 92814.12, ""skills"": [""Osteopath""]}",[]
958,Lisa Scott,johnsonjason@example.org,"[""simply"", ""stage""]","[{""street"": ""5510 Peter Place"", ""city"": ""East Marymouth"", ""country"": ""Netherlands Antilles"", ""is_primary"": false}, {""street"": ""15363 Devon Wall Apt. 307"", ""city"": ""Heidishire"", ""country"": ""Latvia"", ""is_primary"": false}, {""street"": ""32972 Elizabeth Drive"", ""city"": ""Jensenton"", ""country"": ""Netherlands"", ""is_primary"": false}]","{""age"": 18, ""department"": ""HR"", ""salary"": 95195.89, ""skills"": [""Medical laboratory scientific officer"", ""Armed forces logistics/support/administrative officer""]}",[]
959,Mallory Tucker,zimmermanjohn@example.com,"[""whom"", ""office"", ""laugh"", ""manager""]","[{""street"": ""93034 Angela Square"", ""city"": ""Gomezberg"", ""country"": ""Anguilla"", ""is_primary"": false}, {""street"": ""9722 Byrd Lodge Suite 522"", ""city"": ""Michelleville"", ""country"": ""Moldova"", ""is_primary"": false}, {""street"": ""895 Erica Mission Apt. 220"", ""city"": ""South Kristinaberg"", ""country"": ""Fiji"", ""is_primary"": true}]","{""age"": 18, ""department"": ""Finance"", ""salary"": 81332.0, ""skills"": [""Architectural technologist"", ""Technical author""]}","[{""type"": ""purchase"", ""amount"": 541.8, ""currency"": ""EUR""}, {""type"": ""login"", ""timestamp"": ""2025-01-04T08:21:52""}, {""type"": ""edit"", ""timestamp"": ""2025-08-24T20:58:39""}]"
960,Angela Rodriguez,daniel21@example.org,"[""stay"", ""popular"", ""now""]","[{""street"": ""5489 Martinez Lights Suite 935"", ""city"": ""Smithchester"", ""country"": ""Nicaragua"", ""is_primary"": true}]","{""age"": 54, ""department"": ""HR"", ""salary"": 61433.23, ""skills"": [""Forensic scientist""]}","[{""type"": ""login"", ""timestamp"": ""2025-07-15T16:35:36""}]"
961,Jillian Reyes,julie34@example.net,"[""before"", ""feeling"", ""magazine"", ""policy"", ""series""]","[{""street"": ""5191 Paul Hollow"", ""city"": ""Valdezshire"", ""country"": ""Lithuania"", ""is_primary"": false}, {""street"": ""0453 Ryan Terrace Suite 733"", ""city"": ""Mariaville"", ""country"": ""United States Virgin Islands"", ""is_primary"": true}, {""street"": ""620 Karen Ridge Suite 190"", ""city"": ""Browninghaven"", ""country"": ""Lesotho"", ""is_primary"": false}]","{""age"": 52, ""department"": ""Engineering"", ""salary"": 89197.05, ""skills"": [""English as a second language teacher"", ""Surveyor, hydrographic""]}",[]
962,Lawrence Gonzalez,tdavidson@example.com,"[""discussion"", ""part""]","[{""street"": ""90975 Meza Square Apt. 913"", ""city"": ""Troyview"", ""country"": ""Senegal"", ""is_primary"": true}]","{""age"": 34, ""department"": ""Sales"", ""salary"": 73409.51, ""skills"": [""Camera operator"", ""Tourist information centre manager"", ""Communications engineer""]}",[]
963,Cynthia Arnold,fletchergregory@example.net,"[""reality"", ""goal"", ""network"", ""build"", ""remain""]","[{""street"": ""19938 Brock Camp"", ""city"": ""Lake Barbara"", ""country"": ""Guinea"", ""is_primary"": false}]","{""age"": 78, ""department"": ""Marketing"", ""salary"": 62405.43, ""skills"": [""Estate agent"", ""Retail manager""]}","[{""type"": ""edit"", ""timestamp"": ""2025-01-14T03:04:54""}, {""type"": ""view"", ""timestamp"": ""2025-02-14T16:24:03""}]"
964,Ashley Gutierrez,tony84@example.net,"[""write"", ""generation"", ""clear""]","[{""street"": ""8085 Elizabeth Forge Suite 549"", ""city"": ""North Stephanie"", ""country"": ""South Africa"", ""is_primary"": true}, {""street"": ""568 Eric Groves"", ""city"": ""Lake Melissahaven"", ""country"": ""Macao"", ""is_primary"": false}]","{""age"": 35, ""department"": ""Sales"", ""salary"": 149566.1, ""skills"": [""Research scientist (medical)"", ""Rural practice surveyor"", ""Sports administrator"", ""Surveyor, commercial/residential""]}",[]
965,Michael Gregory,carlsonangela@example.net,"[""hour"", ""ahead"", ""arm""]","[{""street"": ""97161 Villa Lodge"", ""city"": ""Millsfort"", ""country"": ""Saudi Arabia"", ""is_primary"": true}, {""street"": ""8628 Brown Motorway Apt. 181"", ""city"": ""Bradshawmouth"", ""country"": ""Turks and Caicos Islands"", ""is_primary"": false}, {""street"": ""1475 Riddle Court Apt. 511"", ""city"": ""Lake Paulburgh"", ""country"": ""Netherlands Antilles"", ""is_primary"": true}]","{""age"": 52, ""department"": ""Finance"", ""salary"": 65871.05, ""skills"": [""Logistics and distribution manager""]}","[{""type"": ""view"", ""timestamp"": ""2025-05-07T00:46:39""}]"
966,Travis Gutierrez,arichardson@example.org,"[""dinner"", ""three""]","[{""street"": ""93238 Lynch Estates"", ""city"": ""Lake Davidfurt"", ""country"": ""Palau"", ""is_primary"": false}, {""street"": ""584 Michael Route Apt. 341"", ""city"": ""South Brandonbury"", ""country"": ""Bhutan"", ""is_primary"": true}, {""street"": ""95016 Klein Mill Apt. 751"", ""city"": ""East Sabrinahaven"", ""country"": ""Guyana"", ""is_primary"": true}]","{""age"": 23, ""department"": ""Sales"", ""salary"": 59480.28, ""skills"": [""Occupational psychologist"", ""Chartered management accountant"", ""Charity fundraiser""]}","[{""type"": ""purchase"", ""amount"": 575.53, ""currency"": ""GBP""}]"
967,Jocelyn Odonnell,millerrobert@example.net,"[""allow"", ""voice"", ""fly"", ""particularly"", ""camera""]","[{""street"": ""8620 Travis Island Suite 602"", ""city"": ""Jenniferfort"", ""country"": ""Tunisia"", ""is_primary"": false}, {""street"": ""794 Gray Fort Apt. 011"", ""city"": ""South Samanthaport"", ""country"": ""Faroe Islands"", ""is_primary"": false}, {""street"": ""313 Frye Ports Apt. 982"", ""city"": ""New Pennyland"", ""country"": ""Italy"", ""is_primary"": false}]","{""age"": 35, ""department"": ""Engineering"", ""salary"": 121654.33, ""skills"": [""Scientist, research (medical)"", ""Youth worker"", ""Risk analyst""]}",[]
968,Paul Johnson,nelsonkeith@example.net,"[""far"", ""store"", ""official""]","[{""street"": ""28850 Jones Mountain"", ""city"": ""Hernandezton"", ""country"": ""Netherlands Antilles"", ""is_primary"": true}, {""street"": ""1157 Riddle Road"", ""city"": ""Port Christopher"", ""country"": ""Ghana"", ""is_primary"": false}, {""street"": ""795 Wolf Rapids"", ""city"": ""South Sarahbury"", ""country"": ""Congo"", ""is_primary"": true}]","{""age"": 67, ""department"": ""Finance"", ""salary"": 130526.35, ""skills"": [""Sports administrator"", ""Magazine features editor"", ""Dancer""]}","[{""type"": ""view"", ""timestamp"": ""2025-02-21T06:41:06""}, {""type"": ""edit"", ""timestamp"": ""2025-10-25T07:06:13""}]"
969,Donna Potter,christina94@example.net,"[""thought"", ""give""]","[{""street"": ""8691 Jason Via Suite 106"", ""city"": ""West Eugeneport"", ""country"": ""Myanmar"", ""is_primary"": false}]","{""age"": 75, ""department"": ""Finance"", ""salary"": 56252.28, ""skills"": [""Designer, industrial/product"", ""Water engineer"", ""Phytotherapist"", ""Physicist, medical""]}","[{""type"": ""login"", ""timestamp"": ""2025-10-17T13:24:18""}, {""type"": ""purchase"", ""amount"": 284.77, ""currency"": ""USD""}]"
970,Amanda Miller,zacharylopez@example.org,"[""scientist"", ""challenge"", ""husband"", ""must"", ""this""]","[{""street"": ""54335 Perez Village"", ""city"": ""Sandersstad"", ""country"": ""Sri Lanka"", ""is_primary"": true}, {""street"": ""12594 Mcdonald Flats"", ""city"": ""South Alexis"", ""country"": ""Lesotho"", ""is_primary"": false}, {""street"": ""5484 Chandler Valley Suite 539"", ""city"": ""East Jonathan"", ""country"": ""Pitcairn Islands"", ""is_primary"": true}]","{""age"": 62, ""department"": ""HR"", ""salary"": 139045.59, ""skills"": [""Radiation protection practitioner"", ""Jewellery designer"", ""Leisure centre manager"", ""Land/geomatics surveyor""]}","[{""type"": ""view"", ""timestamp"": ""2025-04-02T14:51:14""}, {""type"": ""view"", ""timestamp"": ""2025-01-24T01:55:18""}]"
971,Susan Wright,lucas27@example.org,"[""unit"", ""adult""]","[{""street"": ""548 Mark Green"", ""city"": ""Mckenzieview"", ""country"": ""Guinea-Bissau"", ""is_primary"": false}]","{""age"": 18, ""department"": ""Finance"", ""salary"": 129441.54, ""skills"": [""Scientist, marine"", ""Buyer, retail"", ""Pharmacist, hospital""]}",[]
972,Jennifer Sosa,jamie08@example.org,"[""pick"", ""purpose"", ""record"", ""leg""]","[{""street"": ""079 Griffin Orchard"", ""city"": ""Gallagherstad"", ""country"": ""Papua New Guinea"", ""is_primary"": true}, {""street"": ""7287 Danielle Trafficway"", ""city"": ""West Stephanie"", ""country"": ""Mongolia"", ""is_primary"": false}, {""street"": ""95914 Huynh Ports Apt. 158"", ""city"": ""Martinezberg"", ""country"": ""Colombia"", ""is_primary"": true}]","{""age"": 73, ""department"": ""Marketing"", ""salary"": 94718.31, ""skills"": [""Medical laboratory scientific officer"", ""Designer, textile""]}","[{""type"": ""purchase"", ""amount"": 312.08, ""currency"": ""EUR""}, {""type"": ""login"", ""timestamp"": ""2025-06-15T01:16:02""}, {""type"": ""login"", ""timestamp"": ""2025-04-29T06:55:39""}]"
973,Clifford Carr,jason01@example.net,"[""decide"", ""big"", ""wind"", ""accept""]","[{""street"": ""249 Austin Lock Apt. 804"", ""city"": ""Andreaville"", ""country"": ""Russian Federation"", ""is_primary"": false}, {""street"": ""032 Turner Isle Suite 371"", ""city"": ""Alisonside"", ""country"": ""Sierra Leone"", ""is_primary"": false}, {""street"": ""3345 Williams Branch"", ""city"": ""Hernandeztown"", ""country"": ""Georgia"", ""is_primary"": true}]","{""age"": 25, ""department"": ""Engineering"", ""salary"": 88602.97, ""skills"": [""Geologist, engineering""]}","[{""type"": ""purchase"", ""amount"": 34.83, ""currency"": ""EUR""}, {""type"": ""login"", ""timestamp"": ""2025-08-30T09:39:02""}, {""type"": ""login"", ""timestamp"": ""2025-06-27T15:34:27""}]"
974,Vanessa Shelton,bradleytammy@example.com,"[""no"", ""car""]","[{""street"": ""37685 James Lakes"", ""city"": ""Cookton"", ""country"": ""Iceland"", ""is_primary"": true}, {""street"": ""640 Joshua Island Suite 586"", ""city"": ""East Dannyfort"", ""country"": ""Palestinian Territory"", ""is_primary"": true}]","{""age"": 29, ""department"": ""Finance"", ""salary"": 76774.29, ""skills"": [""Engineer, energy"", ""Clinical research associate""]}","[{""type"": ""edit"", ""timestamp"": ""2025-07-22T17:15:56""}]"
975,Shari Thomas,jessicajames@example.com,"[""not"", ""field"", ""cover"", ""fear"", ""program""]","[{""street"": ""625 Gonzalez Roads Suite 579"", ""city"": ""North Toni"", ""country"": ""Heard Island and McDonald Islands"", ""is_primary"": true}, {""street"": ""14591 Cole Hills Suite 180"", ""city"": ""Sharpfurt"", ""country"": ""Liechtenstein"", ""is_primary"": false}, {""street"": ""976 Ingram Street Suite 265"", ""city"": ""East George"", ""country"": ""United States Minor Outlying Islands"", ""is_primary"": false}]","{""age"": 46, ""department"": ""Finance"", ""salary"": 111884.81, ""skills"": [""Geographical information systems officer"", ""Herpetologist"", ""Social research officer, government""]}","[{""type"": ""edit"", ""timestamp"": ""2025-02-04T20:32:42""}]"
976,Cynthia Serrano,stevenlandry@example.org,"[""rise"", ""two""]","[{""street"": ""9699 Santana Parks"", ""city"": ""Nicholastown"", ""country"": ""Cote d'Ivoire"", ""is_primary"": false}, {""street"": ""1015 Patrick Mission"", ""city"": ""New Kathleentown"", ""country"": ""Bolivia"", ""is_primary"": true}]","{""age"": 71, ""department"": ""Finance"", ""salary"": 141248.94, ""skills"": [""Theatre director"", ""Tourism officer"", ""Associate Professor"", ""Mudlogger""]}","[{""type"": ""purchase"", ""amount"": 55.23, ""currency"": ""EUR""}, {""type"": ""view"", ""timestamp"": ""2025-01-21T14:18:47""}]"
977,Rachel Woodard,tylerjones@example.com,"[""example"", ""test"", ""popular"", ""base"", ""prove""]","[{""street"": ""34911 Peterson Throughway Suite 077"", ""city"": ""South Regina"", ""country"": ""Swaziland"", ""is_primary"": true}]","{""age"": 29, ""department"": ""Finance"", ""salary"": 130148.83, ""skills"": [""Best boy"", ""Secondary school teacher"", ""Doctor, general practice"", ""Community education officer""]}","[{""type"": ""purchase"", ""amount"": 951.67, ""currency"": ""EUR""}]"
978,Michael Horne,brandonharris@example.org,"[""represent"", ""minute""]","[{""street"": ""8717 Timothy Drive"", ""city"": ""Dylanport"", ""country"": ""Greenland"", ""is_primary"": false}, {""street"": ""57709 Amy Mission Apt. 742"", ""city"": ""Laurentown"", ""country"": ""Czech Republic"", ""is_primary"": false}]","{""age"": 35, ""department"": ""Finance"", ""salary"": 116408.42, ""skills"": [""Race relations officer"", ""Counsellor"", ""Chief Financial Officer""]}","[{""type"": ""purchase"", ""amount"": 134.04, ""currency"": ""USD""}, {""type"": ""purchase"", ""amount"": 273.14, ""currency"": ""EUR""}, {""type"": ""edit"", ""timestamp"": ""2025-05-01T04:47:50""}]"
979,Timothy Martinez,moorejoshua@example.net,"[""ten"", ""back""]","[{""street"": ""1234 Bill Stravenue"", ""city"": ""New Amychester"", ""country"": ""Spain"", ""is_primary"": true}]","{""age"": 33, ""department"": ""HR"", ""salary"": 100257.57, ""skills"": [""Data scientist"", ""Scientist, clinical (histocompatibility and immunogenetics)"", ""Accountant, chartered public finance""]}",[]
980,Stephanie Ramsey,barnettvictoria@example.org,"[""every"", ""provide"", ""free"", ""build""]","[{""street"": ""04291 Laura Villages Apt. 275"", ""city"": ""Bestfurt"", ""country"": ""Nepal"", ""is_primary"": true}, {""street"": ""47753 Lisa Wall"", ""city"": ""Andersonland"", ""country"": ""Cyprus"", ""is_primary"": true}, {""street"": ""20064 Patrick Motorway"", ""city"": ""Port Alexis"", ""country"": ""Palestinian Territory"", ""is_primary"": false}]","{""age"": 23, ""department"": ""Sales"", ""salary"": 89218.09, ""skills"": [""Housing manager/officer"", ""Scientist, water quality""]}","[{""type"": ""login"", ""timestamp"": ""2025-04-24T11:58:10""}]"
981,Kayla Saunders,ythomas@example.net,"[""join"", ""bill"", ""social"", ""happen"", ""partner""]","[{""street"": ""74946 Lindsey Mills Apt. 288"", ""city"": ""Parkerport"", ""country"": ""Uzbekistan"", ""is_primary"": false}, {""street"": ""8898 Briana Loop"", ""city"": ""Jillburgh"", ""country"": ""El Salvador"", ""is_primary"": false}]","{""age"": 70, ""department"": ""Finance"", ""salary"": 85346.45, ""skills"": [""Development worker, international aid"", ""Comptroller""]}",[]
982,Justin Duffy,christinefisher@example.org,"[""newspaper"", ""speech""]","[{""street"": ""21451 Carol Wall Apt. 275"", ""city"": ""East Brad"", ""country"": ""Iran"", ""is_primary"": false}]","{""age"": 69, ""department"": ""Sales"", ""salary"": 83291.13, ""skills"": [""Food technologist""]}",[]
983,Randy Simmons,brownjeffrey@example.net,"[""business"", ""us"", ""eat"", ""debate"", ""soon""]","[{""street"": ""2039 Sean Locks"", ""city"": ""Zhangstad"", ""country"": ""Niue"", ""is_primary"": false}, {""street"": ""7148 White Plains"", ""city"": ""Nicholsstad"", ""country"": ""South Georgia and the South Sandwich Islands"", ""is_primary"": false}, {""street"": ""2416 Christopher Cliffs"", ""city"": ""Shauntown"", ""country"": ""Congo"", ""is_primary"": true}]","{""age"": 56, ""department"": ""Engineering"", ""salary"": 33189.65, ""skills"": [""Mental health nurse"", ""Chartered legal executive (England and Wales)"", ""Designer, ceramics/pottery"", ""Systems analyst""]}","[{""type"": ""edit"", ""timestamp"": ""2025-08-22T10:15:50""}]"
984,Christopher Garcia,ubrown@example.net,"[""thousand"", ""can""]","[{""street"": ""953 Susan Port"", ""city"": ""Emilyberg"", ""country"": ""Bangladesh"", ""is_primary"": false}, {""street"": ""57553 Andrade Fields"", ""city"": ""East Danielmouth"", ""country"": ""Saint Vincent and the Grenadines"", ""is_primary"": false}]","{""age"": 34, ""department"": ""Marketing"", ""salary"": 76682.3, ""skills"": [""Exhibitions officer, museum/gallery"", ""Designer, television/film set"", ""Midwife"", ""Mining engineer""]}",[]
985,William Andrews,michaeljensen@example.com,"[""score"", ""owner"", ""employee"", ""official""]","[{""street"": ""61237 Stephanie Hill Suite 333"", ""city"": ""Rossburgh"", ""country"": ""Sri Lanka"", ""is_primary"": true}]","{""age"": 41, ""department"": ""Engineering"", ""salary"": 81144.51, ""skills"": [""Actor"", ""Stage manager""]}","[{""type"": ""edit"", ""timestamp"": ""2025-08-06T16:01:26""}, {""type"": ""login"", ""timestamp"": ""2025-02-20T10:01:39""}, {""type"": ""login"", ""timestamp"": ""2025-09-20T00:36:27""}]"
986,John Martinez,pdean@example.net,"[""evening"", ""partner"", ""attorney""]","[{""street"": ""21099 Williams Run Suite 720"", ""city"": ""East Kathy"", ""country"": ""Comoros"", ""is_primary"": false}, {""street"": ""99124 Lance Mews Suite 828"", ""city"": ""New Sarah"", ""country"": ""Congo"", ""is_primary"": true}, {""street"": ""9466 Baker Fork Apt. 109"", ""city"": ""Port Angelaland"", ""country"": ""Tuvalu"", ""is_primary"": false}]","{""age"": 32, ""department"": ""Marketing"", ""salary"": 122049.16, ""skills"": [""Surveyor, commercial/residential""]}",[]
987,Christopher Hill,shericlarke@example.org,"[""she"", ""good"", ""check""]","[{""street"": ""20176 Clark Well"", ""city"": ""Vincentstad"", ""country"": ""Cayman Islands"", ""is_primary"": false}, {""street"": ""992 Joshua Streets Apt. 680"", ""city"": ""Patelstad"", ""country"": ""Faroe Islands"", ""is_primary"": true}, {""street"": ""0922 Bonnie Circles"", ""city"": ""Lesliehaven"", ""country"": ""American Samoa"", ""is_primary"": true}]","{""age"": 38, ""department"": ""HR"", ""salary"": 101366.49, ""skills"": [""Geophysical data processor"", ""Accountant, chartered public finance"", ""Drilling engineer""]}","[{""type"": ""view"", ""timestamp"": ""2025-10-03T00:09:28""}, {""type"": ""edit"", ""timestamp"": ""2025-01-20T02:07:36""}, {""type"": ""edit"", ""timestamp"": ""2025-05-12T15:20:51""}]"
988,Dustin Martin,christopher69@example.com,"[""run"", ""right"", ""exist""]","[{""street"": ""31777 Kevin Plaza"", ""city"": ""Jasonfort"", ""country"": ""Lesotho"", ""is_primary"": true}, {""street"": ""48628 Danielle Key Suite 354"", ""city"": ""Savannahborough"", ""country"": ""Mauritius"", ""is_primary"": true}]","{""age"": 78, ""department"": ""Finance"", ""salary"": 149004.09, ""skills"": [""Chartered legal executive (England and Wales)"", ""Personnel officer"", ""Banker""]}","[{""type"": ""login"", ""timestamp"": ""2025-04-25T04:40:51""}]"
989,Brooke Davis,baileymark@example.com,"[""film"", ""although"", ""worker""]","[{""street"": ""900 Dougherty Brook Apt. 245"", ""city"": ""North Mike"", ""country"": ""Senegal"", ""is_primary"": false}]","{""age"": 70, ""department"": ""Finance"", ""salary"": 51811.06, ""skills"": [""Chief Executive Officer"", ""Print production planner""]}","[{""type"": ""login"", ""timestamp"": ""2025-03-02T23:14:43""}, {""type"": ""purchase"", ""amount"": 172.7, ""currency"": ""EUR""}, {""type"": ""view"", ""timestamp"": ""2025-09-18T11:36:43""}]"
990,Eric Merritt,ncobb@example.com,"[""very"", ""nothing"", ""car"", ""couple"", ""sit""]","[{""street"": ""085 William Crossroad"", ""city"": ""Edwardsmouth"", ""country"": ""China"", ""is_primary"": false}, {""street"": ""435 Haley Island Apt. 775"", ""city"": ""Rodriguezmouth"", ""country"": ""Uruguay"", ""is_primary"": true}, {""street"": ""211 Michael Islands"", ""city"": ""Juantown"", ""country"": ""Liechtenstein"", ""is_primary"": true}]","{""age"": 53, ""department"": ""Sales"", ""salary"": 140156.35, ""skills"": [""Editorial assistant"", ""Media planner""]}","[{""type"": ""edit"", ""timestamp"": ""2025-08-26T17:39:40""}, {""type"": ""view"", ""timestamp"": ""2025-08-24T13:37:47""}]"
991,Ricky Clark,ihunter@example.net,"[""house"", ""positive""]","[{""street"": ""25695 Clark Mountains Apt. 542"", ""city"": ""Carpenterfurt"", ""country"": ""Antarctica (the territory South of 60 deg S)"", ""is_primary"": true}]","{""age"": 20, ""department"": ""Marketing"", ""salary"": 41101.73, ""skills"": [""Teacher, English as a foreign language"", ""Therapist, nutritional""]}","[{""type"": ""edit"", ""timestamp"": ""2025-10-15T17:53:59""}]"
992,Sheri Davis,vbishop@example.net,"[""speech"", ""off""]","[{""street"": ""928 John Terrace"", ""city"": ""West Coreystad"", ""country"": ""Korea"", ""is_primary"": false}, {""street"": ""43673 Matthew Falls"", ""city"": ""Anthonyshire"", ""country"": ""Romania"", ""is_primary"": false}, {""street"": ""366 Kenneth Parks"", ""city"": ""South Andrewfort"", ""country"": ""Barbados"", ""is_primary"": true}]","{""age"": 63, ""department"": ""HR"", ""salary"": 52856.42, ""skills"": [""Web designer"", ""Designer, ceramics/pottery"", ""Scientist, biomedical""]}","[{""type"": ""edit"", ""timestamp"": ""2025-01-02T08:55:53""}]"
993,Lisa Mitchell,orobbins@example.net,"[""spend"", ""along"", ""at"", ""trip"", ""card""]","[{""street"": ""2536 Hall Parks"", ""city"": ""Kimbury"", ""country"": ""American Samoa"", ""is_primary"": false}, {""street"": ""37058 Carter Drive"", ""city"": ""Lake Scottmouth"", ""country"": ""Congo"", ""is_primary"": false}]","{""age"": 53, ""department"": ""Marketing"", ""salary"": 145750.54, ""skills"": [""Accountant, chartered management"", ""Scientist, research (medical)""]}",[]
994,Savannah Diaz,duncansteven@example.net,"[""a"", ""half"", ""seat"", ""security"", ""pay""]","[{""street"": ""9030 Harrison Court Suite 301"", ""city"": ""Parksshire"", ""country"": ""Christmas Island"", ""is_primary"": false}, {""street"": ""332 Byrd Islands"", ""city"": ""Lake Tyler"", ""country"": ""Libyan Arab Jamahiriya"", ""is_primary"": false}, {""street"": ""367 Carrie Pine Suite 916"", ""city"": ""Lake Mark"", ""country"": ""Pakistan"", ""is_primary"": true}]","{""age"": 58, ""department"": ""Sales"", ""salary"": 117967.97, ""skills"": [""Contracting civil engineer""]}","[{""type"": ""login"", ""timestamp"": ""2025-04-12T04:00:44""}]"
995,Raymond Meza,icaldwell@example.org,"[""computer"", ""remember"", ""later""]","[{""street"": ""437 Eaton Camp"", ""city"": ""Sharonland"", ""country"": ""British Indian Ocean Territory (Chagos Archipelago)"", ""is_primary"": false}]","{""age"": 28, ""department"": ""Sales"", ""salary"": 130547.5, ""skills"": [""Community education officer"", ""Engineer, agricultural"", ""Chartered certified accountant"", ""Quality manager""]}",[]
996,William Warren,christopherbrooks@example.net,"[""later"", ""who"", ""religious"", ""must""]","[{""street"": ""15211 David Pass Apt. 081"", ""city"": ""Mendezfort"", ""country"": ""Greece"", ""is_primary"": false}, {""street"": ""33859 Logan Skyway"", ""city"": ""Petersonshire"", ""country"": ""Western Sahara"", ""is_primary"": true}, {""street"": ""49895 Barnett Vista"", ""city"": ""North Stephanie"", ""country"": ""Central African Republic"", ""is_primary"": true}]","{""age"": 40, ""department"": ""Marketing"", ""salary"": 94522.16, ""skills"": [""Health and safety inspector"", ""Pensions consultant"", ""Technical sales engineer"", ""Careers adviser""]}","[{""type"": ""purchase"", ""amount"": 563.02, ""currency"": ""USD""}, {""type"": ""edit"", ""timestamp"": ""2025-09-27T19:12:02""}]"
997,Isaac Sanders,christopher06@example.org,"[""try"", ""lay"", ""my"", ""actually"", ""play""]","[{""street"": ""2222 Jimenez Forges"", ""city"": ""New Christina"", ""country"": ""Venezuela"", ""is_primary"": false}, {""street"": ""9512 Leonard Islands"", ""city"": ""North Derrick"", ""country"": ""Yemen"", ""is_primary"": false}, {""street"": ""555 Dunn Pike Suite 531"", ""city"": ""West Michelle"", ""country"": ""Oman"", ""is_primary"": false}]","{""age"": 33, ""department"": ""Marketing"", ""salary"": 32355.83, ""skills"": [""Solicitor, Scotland"", ""Building control surveyor"", ""Fashion designer"", ""Public affairs consultant""]}",[]
998,Troy Ibarra,qbuck@example.org,"[""either"", ""great"", ""store"", ""believe""]","[{""street"": ""7148 Anderson Hollow"", ""city"": ""East Aaronville"", ""country"": ""Czech Republic"", ""is_primary"": false}]","{""age"": 32, ""department"": ""Finance"", ""salary"": 33246.07, ""skills"": [""Horticulturist, amenity""]}",[]
999,Heather Schroeder,mbryant@example.net,"[""line"", ""most"", ""someone""]","[{""street"": ""87732 Jeremy Junction"", ""city"": ""Port Heatherview"", ""country"": ""Costa Rica"", ""is_primary"": false}, {""street"": ""652 Barnes Curve"", ""city"": ""Millerborough"", ""country"": ""Greenland"", ""is_primary"": true}, {""street"": ""99773 Jonathan Loop"", ""city"": ""New Laura"", ""country"": ""Togo"", ""is_primary"": false}]","{""age"": 32, ""department"": ""Sales"", ""salary"": 81992.61, ""skills"": [""Charity officer"", ""Podiatrist""]}","[{""type"": ""edit"", ""timestamp"": ""2025-01-04T21:54:42""}]"
1000,Cody Cross,norrislisa@example.net,"[""family"", ""size"", ""will""]","[{""street"": ""8339 Garrett Summit"", ""city"": ""Howellland"", ""country"": ""Moldova"", ""is_primary"": false}, {""street"": ""3938 Stephanie Course"", ""city"": ""New Marco"", ""country"": ""France"", ""is_primary"": false}, {""street"": ""5482 Danny Estate Apt. 927"", ""city"": ""North Kaylamouth"", ""country"": ""Senegal"", ""is_primary"": true}]","{""age"": 23, ""department"": ""HR"", ""salary"": 83934.49, ""skills"": [""Accountant, chartered"", ""Producer, television/film/video"", ""Ceramics designer"", ""Doctor, hospital""]}","[{""type"": ""view"", ""timestamp"": ""2025-08-20T02:53:17""}, {""type"": ""purchase"", ""amount"": 898.55, ""currency"": ""USD""}, {""type"": ""purchase"", ""amount"": 930.1, ""currency"": ""GBP""}]"
